"scenario_id","seed","method","moi","high_quality_guide_fraction","genes","is_baseline","effect_spearman","significance_spearman"
"moi_0.25_quality_0.9_genes_400",20250724,"BARCS",0.25,0.9,400,TRUE,0.999576997356233,0.977965612285077
"moi_0.25_quality_0.9_genes_400",20250724,"MAGeCK-MLE",0.25,0.9,400,TRUE,0.999889936812105,0.998067237920237
"moi_0.25_quality_0.9_genes_400",20250725,"BARCS",0.25,0.9,400,TRUE,0.999049181557385,0.975424408902556
"moi_0.25_quality_0.9_genes_400",20250725,"MAGeCK-MLE",0.25,0.9,400,TRUE,0.999845311533197,0.998244988866653
"moi_0.25_quality_0.9_genes_400",20250726,"BARCS",0.25,0.9,400,TRUE,0.998615303845649,0.977891924324527
"moi_0.25_quality_0.9_genes_400",20250726,"MAGeCK-MLE",0.25,0.9,400,TRUE,0.999879624247651,0.998286426790167
"moi_0.25_quality_0.9_genes_400",20250727,"BARCS",0.25,0.9,400,TRUE,0.999457746610916,0.97914236963981
"moi_0.25_quality_0.9_genes_400",20250727,"MAGeCK-MLE",0.25,0.9,400,TRUE,0.999874936718354,0.997389607950877
"moi_0.25_quality_0.9_genes_400",20250728,"BARCS",0.25,0.9,400,TRUE,0.995826036412727,0.973942024637654
"moi_0.25_quality_0.9_genes_400",20250728,"MAGeCK-MLE",0.25,0.9,400,TRUE,0.999839311495697,0.99656141600885
"moi_0.25_quality_0.9_genes_100",20250724,"BARCS",0.25,0.9,100,FALSE,0.999327932793279,0.977149714971497
"moi_0.25_quality_0.9_genes_100",20250724,"MAGeCK-MLE",0.25,0.9,100,FALSE,0.99971197119712,0.982787227088813
"moi_0.25_quality_0.9_genes_100",20250725,"BARCS",0.25,0.9,100,FALSE,0.99967596759676,0.96004800480048
"moi_0.25_quality_0.9_genes_100",20250725,"MAGeCK-MLE",0.25,0.9,100,FALSE,0.999732972500667,0.998487848784879
"moi_0.25_quality_0.9_genes_100",20250726,"BARCS",0.25,0.9,100,FALSE,0.9995199519952,0.977725772577258
"moi_0.25_quality_0.9_genes_100",20250726,"MAGeCK-MLE",0.25,0.9,100,FALSE,0.99962796279628,0.992883288328833
"moi_0.25_quality_0.9_genes_100",20250727,"BARCS",0.25,0.9,100,FALSE,0.99971197119712,0.977401740174017
"moi_0.25_quality_0.9_genes_100",20250727,"MAGeCK-MLE",0.25,0.9,100,FALSE,0.9997599759976,0.998703870387039
"moi_0.25_quality_0.9_genes_100",20250728,"BARCS",0.25,0.9,100,FALSE,0.999207920792079,0.98055805580558
"moi_0.25_quality_0.9_genes_100",20250728,"MAGeCK-MLE",0.25,0.9,100,FALSE,0.999699969997,0.997299729972997
"moi_0.25_quality_0.6_genes_400",20250724,"BARCS",0.25,0.6,400,FALSE,0.999081244257777,0.960983443646523
"moi_0.25_quality_0.6_genes_400",20250724,"MAGeCK-MLE",0.25,0.6,400,FALSE,0.99982238950661,0.997411967835858
"moi_0.25_quality_0.6_genes_400",20250725,"BARCS",0.25,0.6,400,FALSE,0.999610935068344,0.966024225151407
"moi_0.25_quality_0.6_genes_400",20250725,"MAGeCK-MLE",0.25,0.6,400,FALSE,0.999862796011045,0.988830507792105
"moi_0.25_quality_0.6_genes_400",20250726,"BARCS",0.25,0.6,400,FALSE,0.999497684360527,0.97056775354846
"moi_0.25_quality_0.6_genes_400",20250726,"MAGeCK-MLE",0.25,0.6,400,FALSE,0.999852530314489,0.99722985768661
"moi_0.25_quality_0.6_genes_400",20250727,"BARCS",0.25,0.6,400,FALSE,0.999093431833949,0.966259539122119
"moi_0.25_quality_0.6_genes_400",20250727,"MAGeCK-MLE",0.25,0.6,400,FALSE,0.999845077134947,0.996647666547916
"moi_0.25_quality_0.6_genes_400",20250728,"BARCS",0.25,0.6,400,FALSE,0.999733748335927,0.97367371046069
"moi_0.25_quality_0.6_genes_400",20250728,"MAGeCK-MLE",0.25,0.6,400,FALSE,0.999817936362102,0.996907168169801
"moi_0.25_quality_0.75_genes_400",20250724,"BARCS",0.25,0.75,400,FALSE,0.999143869649185,0.968842180263627
"moi_0.25_quality_0.75_genes_400",20250724,"MAGeCK-MLE",0.25,0.75,400,FALSE,0.999885905526218,0.997979299870624
"moi_0.25_quality_0.75_genes_400",20250725,"BARCS",0.25,0.75,400,FALSE,0.999699248120301,0.971209945062157
"moi_0.25_quality_0.75_genes_400",20250725,"MAGeCK-MLE",0.25,0.75,400,FALSE,0.999857733479167,0.996854714569532
"moi_0.25_quality_0.75_genes_400",20250726,"BARCS",0.25,0.75,400,FALSE,0.999334745842161,0.972469577934862
"moi_0.25_quality_0.75_genes_400",20250726,"MAGeCK-MLE",0.25,0.75,400,FALSE,0.999838373989837,0.994432527703298
"moi_0.25_quality_0.75_genes_400",20250727,"BARCS",0.25,0.75,400,FALSE,0.999091744323402,0.973123769523559
"moi_0.25_quality_0.75_genes_400",20250727,"MAGeCK-MLE",0.25,0.75,400,FALSE,0.999867577291152,0.996263101644385
"moi_0.25_quality_0.75_genes_400",20250728,"BARCS",0.25,0.75,400,FALSE,0.99854967843549,0.977535297095607
"moi_0.25_quality_0.75_genes_400",20250728,"MAGeCK-MLE",0.25,0.75,400,FALSE,0.999886374279187,0.995411236730132
"moi_0.1_quality_0.9_genes_400",20250724,"BARCS",0.1,0.9,400,FALSE,0.999727373296083,0.979475746723417
"moi_0.1_quality_0.9_genes_400",20250724,"MAGeCK-MLE",0.1,0.9,400,FALSE,0.999913046319313,0.997293467332303
"moi_0.1_quality_0.9_genes_400",20250725,"BARCS",0.1,0.9,400,FALSE,0.997514296964356,0.970295126844543
"moi_0.1_quality_0.9_genes_400",20250725,"MAGeCK-MLE",0.1,0.9,400,FALSE,0.999857967848984,0.997887564823261
"moi_0.1_quality_0.9_genes_400",20250726,"BARCS",0.1,0.9,400,FALSE,0.996363602272514,0.977289858061613
"moi_0.1_quality_0.9_genes_400",20250726,"MAGeCK-MLE",0.1,0.9,400,FALSE,0.999865374158588,0.997980190406513
"moi_0.1_quality_0.9_genes_400",20250727,"BARCS",0.1,0.9,400,FALSE,0.999765248532803,0.9824793279958
"moi_0.1_quality_0.9_genes_400",20250727,"MAGeCK-MLE",0.1,0.9,400,FALSE,0.99990610878378,0.995200157500984
"moi_0.1_quality_0.9_genes_400",20250728,"BARCS",0.1,0.9,400,FALSE,0.999544559653498,0.98238276489228
"moi_0.1_quality_0.9_genes_400",20250728,"MAGeCK-MLE",0.1,0.9,400,FALSE,0.999907327541454,0.998646241412094
"moi_0.4_quality_0.9_genes_400",20250724,"BARCS",0.4,0.9,400,FALSE,0.99961149757186,0.972107700673129
"moi_0.4_quality_0.9_genes_400",20250724,"MAGeCK-MLE",0.4,0.9,400,FALSE,0.999879858607223,0.997793392251836
"moi_0.4_quality_0.9_genes_400",20250725,"BARCS",0.4,0.9,400,FALSE,0.999565372283577,0.969669060431628
"moi_0.4_quality_0.9_genes_400",20250725,"MAGeCK-MLE",0.4,0.9,400,FALSE,0.999832092684842,0.997888361802261
"moi_0.4_quality_0.9_genes_400",20250726,"BARCS",0.4,0.9,400,FALSE,0.999633997712486,0.97765211032569
"moi_0.4_quality_0.9_genes_400",20250726,"MAGeCK-MLE",0.4,0.9,400,FALSE,0.999866311664448,0.998090863067894
"moi_0.4_quality_0.9_genes_400",20250727,"BARCS",0.4,0.9,400,FALSE,0.999614872592954,0.977043106519416
"moi_0.4_quality_0.9_genes_400",20250727,"MAGeCK-MLE",0.4,0.9,400,FALSE,0.999905780652296,0.998046097071519
"moi_0.4_quality_0.9_genes_400",20250728,"BARCS",0.4,0.9,400,FALSE,0.999405058781617,0.969858061612885
"moi_0.4_quality_0.9_genes_400",20250728,"MAGeCK-MLE",0.4,0.9,400,FALSE,0.999866171032297,0.998458412167815
"moi_0.25_quality_0.9_genes_1000",20250724,"BARCS",0.25,0.9,1000,FALSE,0.99933357933358,0.974670662670663
"moi_0.25_quality_0.9_genes_1000",20250724,"MAGeCK-MLE",0.25,0.9,1000,FALSE,0.999900042898544,0.998291195239931
"moi_0.25_quality_0.9_genes_1000",20250725,"BARCS",0.25,0.9,1000,FALSE,0.998592794592795,0.975027711027711
"moi_0.25_quality_0.9_genes_1000",20250725,"MAGeCK-MLE",0.25,0.9,1000,FALSE,0.99989876189694,0.998607776574363
"moi_0.25_quality_0.9_genes_1000",20250726,"BARCS",0.25,0.9,1000,FALSE,0.998823638823639,0.976040668040668
"moi_0.25_quality_0.9_genes_1000",20250726,"MAGeCK-MLE",0.25,0.9,1000,FALSE,0.99990052889844,0.998477381436271
"moi_0.25_quality_0.9_genes_1000",20250727,"BARCS",0.25,0.9,1000,FALSE,0.9995106995107,0.975856131856132
"moi_0.25_quality_0.9_genes_1000",20250727,"MAGeCK-MLE",0.25,0.9,1000,FALSE,0.999903996903709,0.998217599190863
"moi_0.25_quality_0.9_genes_1000",20250728,"BARCS",0.25,0.9,1000,FALSE,0.999174219174219,0.975661167661168
"moi_0.25_quality_0.9_genes_1000",20250728,"MAGeCK-MLE",0.25,0.9,1000,FALSE,0.999898929898324,0.998536043514084
