"analysis_protocol","replicates","method","nominal_fdr","runs","precision_mean","precision_sd","precision_se","recall_mean","recall_sd","recall_se","directional_recall_mean","directional_recall_sd","directional_recall_se","f1_mean","f1_sd","f1_se","realized_fdp_mean","realized_fdp_sd","realized_fdp_se","specificity_mean","specificity_sd","specificity_se","balanced_accuracy_mean","balanced_accuracy_sd","balanced_accuracy_se","calls_mean","calls_sd","calls_se"
"crispulator-f1-threshold-curves-v1",1,"BARCS-EB",0.001,5,0.4,0.547722557505166,0.244948974278318,0.00955572102258625,0.0164441056849128,0.00735402762813117,0.00955572102258625,0.0164441056849128,0.00735402762813117,0.0185176414870945,0.0316878490553353,0.0141712369096965,0,0,0,1,0,0,0.504777860511293,0.00822205284245647,0.00367701381406561,0.8,1.30384048104053,0.58309518948453
"crispulator-f1-threshold-curves-v1",1,"BARCS-EB",0.005,5,0.4,0.547722557505166,0.244948974278318,0.017150657731447,0.0331424875959004,0.0148217710415754,0.017150657731447,0.0331424875959004,0.0148217710415754,0.0321187892632781,0.0615421625650049,0.0275224917955387,0,0,0,1,0,0,0.508575328865724,0.0165712437979503,0.00741088552078773,1.4,2.60768096208106,1.16619037896906
"crispulator-f1-threshold-curves-v1",1,"BARCS-EB",0.01,5,0.4,0.547722557505166,0.244948974278318,0.0196823033010673,0.0387635700188194,0.0173355955225306,0.0196823033010673,0.0387635700188194,0.0173355955225306,0.0364416346805149,0.0711299619043148,0.0318102860110036,0,0,0,1,0,0,0.509841151650534,0.0193817850094095,0.0086677977612652,1.6,3.04959013639538,1.36381816969859
"crispulator-f1-threshold-curves-v1",1,"BARCS-EB",0.05,5,0.8,0.447213595499958,0.2,0.0482051863122795,0.0731441208445442,0.032711045272572,0.0482051863122795,0.0731441208445442,0.032711045272572,0.0851116625310173,0.123014678044145,0.055013836467392,0,0,0,1,0,0,0.52410259315614,0.0365720604222721,0.016355522636286,3.8,5.76194411635517,2.57681974534502
"crispulator-f1-threshold-curves-v1",1,"BARCS-EB",0.1,5,1,0,0,0.117285369477088,0.0882748349978552,0.0394777063515563,0.117285369477088,0.0882748349978552,0.0394777063515563,0.201376722692512,0.135777278517816,0.0607214449131517,0,0,0,1,0,0,0.558642684738544,0.0441374174989278,0.0197388531757783,9.8,7.15541752799933,3.2
"crispulator-f1-threshold-curves-v1",1,"BARCS-NORM",0.001,5,0,0,0,0,0,0,0,0,0,0,0,0,0,0,0,1,0,0,0.5,0,0,0,0,0
"crispulator-f1-threshold-curves-v1",1,"BARCS-NORM",0.005,5,0.2,0.447213595499958,0.2,0.00392156862745098,0.00876889402941094,0.00392156862745098,0.00392156862745098,0.00876889402941094,0.00392156862745098,0.0076923076923077,0.0172005229038446,0.0076923076923077,0,0,0,1,0,0,0.501960784313725,0.00438444701470526,0.00196078431372539,0.4,0.894427190999916,0.4
"crispulator-f1-threshold-curves-v1",1,"BARCS-NORM",0.01,5,0.2,0.447213595499958,0.2,0.00392156862745098,0.00876889402941094,0.00392156862745098,0.00392156862745098,0.00876889402941094,0.00392156862745098,0.0076923076923077,0.0172005229038446,0.0076923076923077,0,0,0,1,0,0,0.501960784313725,0.00438444701470526,0.00196078431372539,0.4,0.894427190999916,0.4
"crispulator-f1-threshold-curves-v1",1,"BARCS-NORM",0.05,5,0.4,0.547722557505166,0.244948974278318,0.00725490196078432,0.00998845931525493,0.00446697480388021,0.00725490196078432,0.00998845931525493,0.00446697480388021,0.014249684741488,0.0196150593218408,0.00877212120526541,0,0,0,1,0,0,0.503627450980392,0.00499422965762723,0.00223348740194,0.6,0.894427190999916,0.4
"crispulator-f1-threshold-curves-v1",1,"BARCS-NORM",0.1,5,0.4,0.547722557505166,0.244948974278318,0.00725490196078432,0.00998845931525493,0.00446697480388021,0.00725490196078432,0.00998845931525493,0.00446697480388021,0.014249684741488,0.0196150593218408,0.00877212120526541,0,0,0,1,0,0,0.503627450980392,0.00499422965762723,0.00223348740194,0.6,0.894427190999916,0.4
"crispulator-f1-threshold-curves-v1",1,"BARCS-original",0.001,5,0,0,0,0,0,0,0,0,0,0,0,0,0,0,0,1,0,0,0.5,0,0,0,0,0
"crispulator-f1-threshold-curves-v1",1,"BARCS-original",0.005,5,0,0,0,0,0,0,0,0,0,0,0,0,0,0,0,1,0,0,0.5,0,0,0,0,0
"crispulator-f1-threshold-curves-v1",1,"BARCS-original",0.01,5,0,0,0,0,0,0,0,0,0,0,0,0,0,0,0,1,0,0,0.5,0,0,0,0,0
"crispulator-f1-threshold-curves-v1",1,"BARCS-original",0.05,5,0,0,0,0,0,0,0,0,0,0,0,0,0,0,0,1,0,0,0.5,0,0,0,0,0
"crispulator-f1-threshold-curves-v1",1,"BARCS-original",0.1,5,0,0,0,0,0,0,0,0,0,0,0,0,0,0,0,1,0,0,0.5,0,0,0,0,0
"crispulator-f1-threshold-curves-v1",1,"BARCS-partial",0.001,5,0.8,0.447213595499958,0.2,0.0191976647566016,0.0135476936421773,0.00605871278445003,0.0191976647566016,0.0135476936421773,0.00605871278445003,0.0373944693808238,0.0261116265679867,0.0116774744018216,0,0,0,1,0,0,0.509598832378301,0.00677384682108869,0.00302935639222503,1.6,1.14017542509914,0.509901951359279
"crispulator-f1-threshold-curves-v1",1,"BARCS-partial",0.005,5,1,0,0,0.0532454919226909,0.0280923250647753,0.0125632696981718,0.0532454919226909,0.0280923250647753,0.0125632696981718,0.100055621781888,0.0493012798122191,0.022048202607572,0,0,0,1,0,0,0.526622745961346,0.0140461625323876,0.00628163484908584,4.4,2.19089023002066,0.979795897113271
"crispulator-f1-threshold-curves-v1",1,"BARCS-partial",0.01,5,1,0,0,0.0532454919226909,0.0280923250647753,0.0125632696981718,0.0532454919226909,0.0280923250647753,0.0125632696981718,0.100055621781888,0.0493012798122191,0.022048202607572,0,0,0,1,0,0,0.526622745961346,0.0140461625323876,0.00628163484908584,4.4,2.19089023002066,0.979795897113271
"crispulator-f1-threshold-curves-v1",1,"BARCS-partial",0.05,5,0.971428571428571,0.0638876564999941,0.0285714285714286,0.095890158668494,0.0347672329376601,0.0155483792476355,0.095890158668494,0.0347672329376601,0.0155483792476355,0.172967565399778,0.0586236109041376,0.0262172758136299,0.0285714285714286,0.063887656499994,0.0285714285714286,0.999411764705882,0.00131533410441154,0.0005882352941176,0.547650961687188,0.0173525697350326,0.0077603051023677,8.2,2.94957624075052,1.31909059582729
"crispulator-f1-threshold-curves-v1",1,"BARCS-partial",0.1,5,0.909803921568627,0.0933977551785424,0.0417687459050208,0.128342236179006,0.030354800253222,0.0135750793619265,0.128342236179006,0.030354800253222,0.0135750793619265,0.224325828215322,0.0496200695134709,0.0221907696960772,0.0901960784313724,0.0933977551785424,0.0417687459050207,0.996770781527987,0.00330605134536418,0.00147851110906779,0.562556508853497,0.0160612630569646,0.00718281519997578,11.8,3.27108544675922,1.46287388383278
"crispulator-f1-threshold-curves-v1",1,"DESeq2",0.001,5,1,0,0,0.0997892453624268,0.079269891334237,0.0354505731184751,0.0997892453624268,0.079269891334237,0.0354505731184751,0.174525437476038,0.120458212881378,0.0538705504901806,0,0,0,1,0,0,0.549894622681213,0.0396349456671185,0.0177252865592375,8.2,6.1400325732035,2.7459060435492
"crispulator-f1-threshold-curves-v1",1,"DESeq2",0.005,5,1,0,0,0.154021784094302,0.0929878121682164,0.0415854138174228,0.154021784094302,0.0929878121682164,0.0415854138174228,0.258349945329348,0.13340082970139,0.0596586646934361,0,0,0,1,0,0,0.577010892047151,0.0464939060841083,0.0207927069087114,12.8,7.46324326281812,3.33766385365573
"crispulator-f1-threshold-curves-v1",1,"DESeq2",0.01,5,0.992857142857143,0.0159719141249986,0.00714285714285721,0.198056050158093,0.0817402847810814,0.0365553666541379,0.198056050158093,0.0817402847810814,0.0365553666541379,0.323918722008556,0.103450532572468,0.0462644846281191,0.00714285714285714,0.0159719141249985,0.00714285714285714,0.999376947040498,0.00139318877102801,0.000623052959501602,0.598716498599296,0.0401856886053673,0.017971586288848,16.8,6.94262198308391,3.104834939252
"crispulator-f1-threshold-curves-v1",1,"DESeq2",0.05,5,0.942436868686869,0.0469595218831097,0.0210009366243044,0.306440336545552,0.0741361188285385,0.0331546802577228,0.306440336545552,0.0741361188285385,0.0331546802577228,0.457521906047876,0.082100640359025,0.0367165225678085,0.0575631313131313,0.0469595218831096,0.0210009366243044,0.994243433984022,0.00515089739140112,0.00230355134245985,0.650341885264787,0.0356327592050392,0.0159354543616698,27.4,7.73304597167248,3.45832329315812
"crispulator-f1-threshold-curves-v1",1,"DESeq2",0.1,5,0.858872568036655,0.0579575151061565,0.0259193887168674,0.419357736123251,0.118034751043841,0.0527867454082585,0.419357736123251,0.118034751043841,0.0527867454082585,0.554412848749189,0.107621402846498,0.0481297545197319,0.141127431963345,0.0579575151061566,0.0259193887168674,0.981666804335517,0.0094282438451105,0.00421643882922221,0.700512270229384,0.0578712507976866,0.0258808101453132,40,7.90569415042095,3.53553390593274
"crispulator-f1-threshold-curves-v1",1,"MAGeCK-MLE",0.001,5,0,0,0,0,0,0,0,0,0,0,0,0,0,0,0,1,0,0,0.5,0,0,0,0,0
"crispulator-f1-threshold-curves-v1",1,"MAGeCK-MLE",0.005,5,0,0,0,0,0,0,0,0,0,0,0,0,0,0,0,1,0,0,0.5,0,0,0,0,0
"crispulator-f1-threshold-curves-v1",1,"MAGeCK-MLE",0.01,5,0,0,0,0,0,0,0,0,0,0,0,0,0,0,0,1,0,0,0.5,0,0,0,0,0
"crispulator-f1-threshold-curves-v1",1,"MAGeCK-MLE",0.05,5,0.2,0.447213595499958,0.2,0.00253164556962026,0.00566093158860708,0.00253164556962026,0.00253164556962026,0.00566093158860708,0.00253164556962026,0.005,0.0111803398874989,0.005,0,0,0,1,0,0,0.50126582278481,0.0028304657943037,0.0012658227848102,0.2,0.447213595499958,0.2
"crispulator-f1-threshold-curves-v1",1,"MAGeCK-MLE",0.1,5,0.6,0.547722557505166,0.244948974278318,0.0135944475019874,0.0182321269180492,0.00815365503263235,0.0135944475019874,0.0182321269180492,0.00815365503263235,0.0263223518645619,0.0348792438171074,0.0155984720357683,0,0,0,1,0,0,0.506797223750994,0.00911606345902451,0.00407682751631614,1.2,1.6431676725155,0.734846922834953
"crispulator-f1-threshold-curves-v1",1,"edgeR-QL",0.001,5,0.869858366847351,0.0463970571889144,0.0207493947660716,0.402145531850605,0.0678003648243772,0.0303212449293186,0.402145531850605,0.0678003648243772,0.0303212449293186,0.546747266194058,0.0641170215122474,0.0286740037232403,0.130141633152649,0.0463970571889145,0.0207493947660716,0.984141415242305,0.00637582016678016,0.0028513534610469,0.693143473546455,0.0342239410735226,0.0153054117396687,38.2,3.42052627529741,1.52970585407784
"crispulator-f1-threshold-curves-v1",1,"edgeR-QL",0.005,5,0.769765023418274,0.0571063203969363,0.0255387228704865,0.512228193423765,0.0640657557955194,0.0286510769977365,0.512228193423765,0.0640657557955194,0.0286510769977365,0.611256718363109,0.0410859247846121,0.0183741841473672,0.230234976581726,0.0571063203969365,0.0255387228704865,0.959488452739798,0.0107898270230854,0.00482535733781664,0.735858323081782,0.0306510515967443,0.0137075669904347,55.4,5.85662018573853,2.61916017074176
"crispulator-f1-threshold-curves-v1",1,"edgeR-QL",0.01,5,0.712112841596323,0.0591542164670846,0.0264545698352277,0.543782288552919,0.0700809336638184,0.0313411463197903,0.543782288552919,0.0700809336638184,0.0313411463197903,0.612357617237444,0.0389642514381795,0.0174253429816327,0.287887158403677,0.0591542164670848,0.0264545698352278,0.941677878559119,0.0139202972935258,0.00622534620306602,0.742730083556019,0.0340198892041014,0.0152141569694764,63.6,6.76756972627545,3.02654919008431
"crispulator-f1-threshold-curves-v1",1,"edgeR-QL",0.05,5,0.5570500931691,0.0527086278132115,0.0235720149582154,0.63708209682699,0.0517069008612545,0.0231240290463215,0.63708209682699,0.0517069008612545,0.0231240290463215,0.591900536612005,0.032824867501257,0.0146797270170469,0.4429499068309,0.0527086278132115,0.0235720149582154,0.864405606653183,0.0276062430934609,0.0123458872320726,0.750743851740087,0.0308781875595784,0.0138091452810411,96,12.9034879005639,5.7706152185014
"crispulator-f1-threshold-curves-v1",1,"edgeR-QL",0.1,5,0.474276511257237,0.0608361827487172,0.0272067680235464,0.709687303283082,0.0751943786349599,0.0336279484307256,0.707726518969356,0.0782597956989531,0.0349988446176209,0.56417163081875,0.0413821103987997,0.0185066423808234,0.525723488742763,0.0608361827487173,0.0272067680235464,0.787562202087464,0.0497006915187021,0.022226824952913,0.748624752685273,0.0350112593701477,0.0156575111859054,126.4,21.651789764359,9.68297474952816
"crispulator-f1-threshold-curves-v1",1,"limma-voom",0.001,5,0.891553268384664,0.0492353989785182,0.0220187398030581,0.389376081381002,0.0943980633342216,0.04221609731193,0.389376081381002,0.0943980633342216,0.04221609731193,0.536717278629807,0.0953079523123059,0.0426230120333249,0.108446731615336,0.0492353989785181,0.0220187398030581,0.987989815355366,0.00511969010487031,0.00228959501964461,0.688682948368184,0.0476566319010178,0.0213126937018722,35.8,5.06951674225463,2.26715680975093
"crispulator-f1-threshold-curves-v1",1,"limma-voom",0.005,5,0.815088485170969,0.0484690686973802,0.0216760264826899,0.484867500476617,0.0751320412400545,0.0336000703002159,0.484867500476617,0.0751320412400545,0.0336000703002159,0.602987676403005,0.0476113493462983,0.0212924427277627,0.184911514829031,0.0484690686973802,0.0216760264826899,0.971011646430258,0.00839340992967901,0.0037536470331568,0.727939573453437,0.0341090668267721,0.0152540384147491,49.4,5.94138031100518,2.65706605111728
"crispulator-f1-threshold-curves-v1",1,"limma-voom",0.01,5,0.748791756882153,0.0364612025153233,0.0163059454731299,0.515495519800288,0.0709942824511361,0.0317496083149121,0.515495519800288,0.0709942824511361,0.0317496083149121,0.607652871014939,0.0531733111283576,0.0237798276543507,0.251208243117847,0.0364612025153234,0.0163059454731299,0.954982676825522,0.00121366688053533,0.000542768329383425,0.735239098312905,0.0350654543924169,0.0156817479366726,57.2,6.53452370108182,2.92232783924049
"crispulator-f1-threshold-curves-v1",1,"limma-voom",0.05,5,0.562648642268525,0.0382960781933737,0.0171265268224062,0.618503602505027,0.064384152134333,0.0287934681692114,0.618503602505027,0.064384152134333,0.0287934681692114,0.586849905377513,0.0305674409966914,0.0136701751933632,0.437351357731475,0.0382960781933737,0.0171265268224062,0.872769853283545,0.016925407500621,0.00756927234365468,0.745636727894286,0.0369805182063021,0.016538190510492,91.6,8.38450952650183,3.74966665185053
"crispulator-f1-threshold-curves-v1",1,"limma-voom",0.1,5,0.493365458229311,0.036536534296895,0.0163396348700219,0.688181517332671,0.0853292142901781,0.0381603847238969,0.684046819975468,0.0864131569401513,0.0386451386137072,0.570940095176111,0.0223463008603915,0.00999356955389947,0.506634541770689,0.036536534296895,0.0163396348700219,0.812469051588256,0.029527726205844,0.0132052006034538,0.750325284460464,0.0416903158561701,0.0186444760515667,116.4,14.4844744467999,6.47765389628066
"crispulator-f1-threshold-curves-v1",3,"BARCS-EB",0.001,5,1,0,0,0.106935586562638,0.039972435397261,0.0178762165548989,0.106935586562638,0.039972435397261,0.0178762165548989,0.191306586844724,0.0659100146965582,0.0294758546519029,0,0,0,1,0,0,0.553467793281319,0.0199862176986307,0.00893810827744954,8.8,3.11448230047949,1.39283882771841
"crispulator-f1-threshold-curves-v1",3,"BARCS-EB",0.005,5,1,0,0,0.191418448135079,0.0841750776489149,0.0376442391268594,0.191418448135079,0.0841750776489149,0.0376442391268594,0.314772376292436,0.116190009452387,0.0519617518883761,0,0,0,1,0,0,0.595709224067539,0.0420875388244574,0.0188221195634297,15.8,6.61059755241536,2.9563490998189
"crispulator-f1-threshold-curves-v1",3,"BARCS-EB",0.01,5,1,0,0,0.226973356210949,0.0936347800220981,0.0418747466375301,0.226973356210949,0.0936347800220981,0.0418747466375301,0.362383096210386,0.12444875152027,0.0556551736228608,0,0,0,1,0,0,0.613486678105474,0.046817390011049,0.020937373318765,18.8,7.69415362466854,3.44093010681705
"crispulator-f1-threshold-curves-v1",3,"BARCS-EB",0.05,5,1,0,0,0.372278445041565,0.113976933885293,0.050972034406903,0.372278445041565,0.113976933885293,0.050972034406903,0.534028959879462,0.128818980986917,0.0576095996557997,0,0,0,1,0,0,0.686139222520782,0.0569884669426463,0.0254860172034514,31.2,10.6630202100531,4.76864760702655
"crispulator-f1-threshold-curves-v1",3,"BARCS-EB",0.1,5,0.985288231148696,0.0139366945015189,0.00623267925740876,0.472344380056187,0.105400433008188,0.0471365066128441,0.472344380056187,0.105400433008188,0.0471365066128441,0.632453677057018,0.101023914888228,0.0451792682086462,0.0147117688513037,0.013936694501519,0.00623267925740882,0.998095462475962,0.00174504902597062,0.000780409649228019,0.735219921266075,0.052459413262601,0.023460562822986,39.8,8.5848704125339,3.83927076409049
"crispulator-f1-threshold-curves-v1",3,"BARCS-NORM",0.001,5,0,0,0,0,0,0,0,0,0,0,0,0,0,0,0,1,0,0,0.5,0,0,0,0,0
"crispulator-f1-threshold-curves-v1",3,"BARCS-NORM",0.005,5,0,0,0,0,0,0,0,0,0,0,0,0,0,0,0,1,0,0,0.5,0,0,0,0,0
"crispulator-f1-threshold-curves-v1",3,"BARCS-NORM",0.01,5,0,0,0,0,0,0,0,0,0,0,0,0,0,0,0,1,0,0,0.5,0,0,0,0,0
"crispulator-f1-threshold-curves-v1",3,"BARCS-NORM",0.05,5,0.4,0.547722557505166,0.244948974278318,0.0166666666666667,0.0288675134594813,0.0129099444873581,0.0166666666666667,0.0288675134594813,0.0129099444873581,0.0315573770491803,0.0541309514349398,0.024208097419053,0,0,0,1,0,0,0.508333333333333,0.0144337567297405,0.00645497224367896,1.4,2.60768096208106,1.16619037896906
"crispulator-f1-threshold-curves-v1",3,"BARCS-NORM",0.1,5,0.99047619047619,0.0212958854999982,0.0095238095238096,0.0996033827216449,0.0822669982853518,0.0367909200941811,0.0996033827216449,0.0822669982853518,0.0367909200941811,0.17257622702303,0.133870395830866,0.0598686610505242,0.00952380952380952,0.021295885499998,0.00952380952380952,0.999328859060403,0.00150071676342285,0.000671140939597392,0.549466120891024,0.0406455417933132,0.0181772388864314,9.2,8.78635305459552,3.9293765408777
"crispulator-f1-threshold-curves-v1",3,"BARCS-original",0.001,5,1,0,0,0.237305261491865,0.0938099170333219,0.0419530702900246,0.237305261491865,0.0938099170333219,0.0419530702900246,0.375688422157322,0.130479981929242,0.0583524218593458,0,0,0,1,0,0,0.618652630745933,0.046904958516661,0.0209765351450124,19.8,8.61394218694321,3.85227205685164
"crispulator-f1-threshold-curves-v1",3,"BARCS-original",0.005,5,1,0,0,0.386651271038594,0.0908166337502505,0.0406144333106523,0.386651271038594,0.0908166337502505,0.0406144333106523,0.552424348880818,0.100355721031953,0.0448804428316907,0,0,0,1,0,0,0.693325635519297,0.0454083168751253,0.0203072166553262,32.2,8.1363382427232,3.63868107973205
"crispulator-f1-threshold-curves-v1",3,"BARCS-original",0.01,5,0.995833333333333,0.00931694990624899,0.00416666666666661,0.450175574908004,0.108342272734057,0.0484521373340345,0.450175574908004,0.108342272734057,0.0484521373340345,0.613407555415486,0.110633320952798,0.0494767252454015,0.00416666666666666,0.00931694990624911,0.00416666666666666,0.999328859060403,0.00150071676342285,0.000671140939597392,0.724752216984203,0.0541352480243694,0.0242100189122602,38,11.4017542509914,5.09901951359278
"crispulator-f1-threshold-curves-v1",3,"BARCS-original",0.05,5,0.969444009069726,0.0265324736574898,0.0118656829418739,0.603952791536721,0.124197940606624,0.0555430075723786,0.603952791536721,0.124197940606624,0.0555430075723786,0.736839870758466,0.0926567131757435,0.0414373418465326,0.0305559909302739,0.0265324736574896,0.0118656829418738,0.994268711395669,0.00621767859286365,0.00278063039917767,0.799110751466195,0.05971526652435,0.0267054790485928,53,16.7779617355625,7.50333259292163
"crispulator-f1-threshold-curves-v1",3,"BARCS-original",0.1,5,0.921188581533409,0.058920671862448,0.0263501255128786,0.694898687414793,0.0926696523424847,0.0414431284178137,0.694898687414793,0.0926696523424847,0.0414431284178137,0.786710552999425,0.0491312833482134,0.0219721778776817,0.0788114184665909,0.0589206718624479,0.0263501255128785,0.983608803151233,0.0129910923440351,0.00580979311664792,0.839253745283013,0.0403345936960328,0.0180381786698328,64,16.015617378047,7.16240183178799
"crispulator-f1-threshold-curves-v1",3,"BARCS-partial",0.001,5,1,0,0,0.163483152938299,0.05483251236677,0.0245218450058391,0.163483152938299,0.05483251236677,0.0245218450058391,0.278071601601013,0.0783541690387516,0.0350410496582316,0,0,0,1,0,0,0.58174157646915,0.027416256183385,0.0122609225029196,13.8,4.91934955049954,2.2
"crispulator-f1-threshold-curves-v1",3,"BARCS-partial",0.005,5,1,0,0,0.197895691022694,0.0581348817420214,0.0259987094878142,0.197895691022694,0.0581348817420214,0.0259987094878142,0.327284391746611,0.0804426870013215,0.0359750632855387,0,0,0,1,0,0,0.598947845511347,0.0290674408710106,0.0129993547439071,17,6.16441400296898,2.75680975041804
"crispulator-f1-threshold-curves-v1",3,"BARCS-partial",0.01,5,1,0,0,0.250017805691346,0.0696607423290992,0.0311532310421926,0.250017805691346,0.0696607423290992,0.0311532310421926,0.395917522057841,0.0921097576776808,0.0411927359116655,0,0,0,1,0,0,0.625008902845673,0.0348303711645496,0.0155766155210963,21.4,7.98749021908634,3.57211421989835
"crispulator-f1-threshold-curves-v1",3,"BARCS-partial",0.05,5,0.970757575757576,0.037189177113759,0.0166315056107289,0.369085974510883,0.0656839077509818,0.0293747365518041,0.369085974510883,0.0656839077509818,0.0293747365518041,0.53200209005087,0.0721101849064074,0.0322486550641613,0.0292424242424242,0.0371891771137589,0.0166315056107289,0.997555315161941,0.00249150347979062,0.00111423422939782,0.683320644836412,0.0326575946286898,0.0146049203142765,32.2,8.5848704125339,3.83927076409049
"crispulator-f1-threshold-curves-v1",3,"BARCS-partial",0.1,5,0.913797826823037,0.0227955984518525,0.0101945015452262,0.436476235696994,0.105979866227542,0.0473956370262238,0.436476235696994,0.105979866227542,0.0473956370262238,0.584169838815203,0.100740525189387,0.0450525324824999,0.0862021731769631,0.0227955984518526,0.0101945015452263,0.989227260041356,0.00354339378761725,0.00158465387603252,0.712851747869175,0.0513081326601374,0.0229456944853289,40.4,12.300406497348,5.50090901579003
"crispulator-f1-threshold-curves-v1",3,"DESeq2",0.001,5,0.995918367346939,0.00912680807142767,0.00408163265306121,0.597338822522221,0.0395989983856676,0.0177092104462514,0.597338822522221,0.0395989983856676,0.0177092104462514,0.746119213432851,0.0308300057976238,0.0137875977420399,0.00408163265306122,0.0091268080714277,0.00408163265306122,0.999376947040498,0.00139318877102801,0.000623052959501602,0.79835788478136,0.0197106975546108,0.00881489192320972,50.4,8.20365772079747,3.66878726556883
"crispulator-f1-threshold-curves-v1",3,"DESeq2",0.005,5,0.973889925373134,0.0229104218487246,0.0102458521293889,0.684680522731933,0.0343399513348789,0.0153572931057648,0.684680522731933,0.0343399513348789,0.0153572931057648,0.803744590656187,0.027871242758898,0.012464398685259,0.0261100746268657,0.0229104218487245,0.0102458521293889,0.99487486566158,0.00422680342953871,0.00189028395919556,0.839777694196756,0.0180937847307584,0.00809178652564469,59.2,9.73139250056229,4.35201102939779
"crispulator-f1-threshold-curves-v1",3,"DESeq2",0.01,5,0.949079792766259,0.034431411297145,0.0153981952443341,0.718273999014392,0.026681208642865,0.0119321992494602,0.718273999014392,0.026681208642865,0.0119321992494602,0.817281414305824,0.0223598105176796,0.00999961125630927,0.0509202072337406,0.034431411297145,0.0153981952443341,0.98988569164639,0.00669898984860814,0.00299587933641376,0.854079845330391,0.0141096737900804,0.00631003794699337,63.8,10.4259292151827,4.66261729074991
"crispulator-f1-threshold-curves-v1",3,"DESeq2",0.05,5,0.844437814437814,0.0371504519367864,0.0166141871850986,0.794567429613562,0.0329164319720163,0.0147206758932352,0.794567429613562,0.0329164319720163,0.0147206758932352,0.818441822208175,0.0298122411299555,0.0133324395456391,0.155562185562186,0.0371504519367864,0.0166141871850986,0.961192462989589,0.00995849632783303,0.00445357494854334,0.877879946301576,0.0168649163918428,0.00754221989740218,79.6,14.7918896696805,6.61513416341649
"crispulator-f1-threshold-curves-v1",3,"DESeq2",0.1,5,0.770946687618137,0.0606644655627141,0.0271299737633848,0.820923701713303,0.0303338280987334,0.0135657003293122,0.820923701713303,0.0303338280987334,0.0135657003293122,0.794292431559883,0.0398311547737721,0.0178130339392939,0.229053312381863,0.0606644655627141,0.0271299737633848,0.935917684164261,0.015286632538353,0.00683638990056349,0.878420692938782,0.0165201119382974,0.00738801865798778,89.8,14.4291371883422,6.45290632196067
"crispulator-f1-threshold-curves-v1",3,"MAGeCK-MLE",0.001,5,1,0,0,0.114575091456505,0.0169497829312049,0.00758017336760795,0.114575091456505,0.0169497829312049,0.00758017336760795,0.205265436318068,0.0270257798405749,0.0120862961736938,0,0,0,1,0,0,0.557287545728253,0.00847489146560225,0.00379008668380389,9.8,2.77488738510232,1.24096736459909
"crispulator-f1-threshold-curves-v1",3,"MAGeCK-MLE",0.005,5,1,0,0,0.170796507926231,0.012266847653282,0.00548590104447447,0.170796507926231,0.012266847653282,0.00548590104447447,0.291612048914609,0.0177974368002226,0.00795925570211083,0,0,0,1,0,0,0.585398253963115,0.00613342382664111,0.00274295052223728,14.4,2.50998007960223,1.12249721603218
"crispulator-f1-threshold-curves-v1",3,"MAGeCK-MLE",0.01,5,1,0,0,0.213264988255438,0.0388782447934261,0.0173868796407956,0.213264988255438,0.0388782447934261,0.0173868796407956,0.350190002213275,0.0532717972767027,0.0238238719988591,0,0,0,1,0,0,0.606632494127719,0.019439122396713,0.00869343982039779,18.4,6.06630035524124,2.71293199325011
"crispulator-f1-threshold-curves-v1",3,"MAGeCK-MLE",0.05,5,0.972044534412956,0.0186364591292814,0.00833447789459396,0.440658342955601,0.0326087170550221,0.0145830615988173,0.440658342955601,0.0326087170550221,0.0145830615988173,0.605816980386235,0.0309529956169243,0.0138426004613391,0.0279554655870445,0.0186364591292815,0.00833447789459399,0.996871146847206,0.00220616418900177,0.000986626619226729,0.718764744901403,0.0162219283747513,0.0072546669144153,38.4,7.92464510246358,3.54400902933387
"crispulator-f1-threshold-curves-v1",3,"MAGeCK-MLE",0.1,5,0.960522875816993,0.015043088911638,0.00672747387959918,0.558915075845051,0.0186473269262769,0.00833933812116348,0.558915075845051,0.0186473269262769,0.00833933812116348,0.706500010198394,0.0164746421290036,0.0073676839410868,0.0394771241830065,0.015043088911638,0.00672747387959919,0.993559022729713,0.00341556548522798,0.00152748732131436,0.776237049287382,0.00979308059569866,0.00437959878422327,49.2,9.41806774237688,4.21188793773054
"crispulator-f1-threshold-curves-v1",3,"edgeR-QL",0.001,5,0.995918367346939,0.00912680807142767,0.00408163265306121,0.589609353923187,0.0320973446637111,0.0143543689130596,0.589609353923187,0.0320973446637111,0.0143543689130596,0.740226604393704,0.025400218944566,0.0113593232406855,0.00408163265306122,0.0091268080714277,0.00408163265306122,0.999376947040498,0.00139318877102801,0.000623052959501602,0.794493150481843,0.015844285901827,0.00708578006628534,50,9.46044396421225,4.23083916026124
"crispulator-f1-threshold-curves-v1",3,"edgeR-QL",0.005,5,0.971863410221619,0.02733352845375,0.012223925537502,0.674516026920767,0.03607921544128,0.0161351156603124,0.674516026920767,0.03607921544128,0.0161351156603124,0.795833740050913,0.0275412271588889,0.0123168112222078,0.0281365897783808,0.0273335284537499,0.0122239255375019,0.994958089347634,0.00473572230788326,0.00211787940059783,0.8347370581342,0.0185102845443791,0.00827805090481906,58.4,9.39680796866681,4.20238027789014
"crispulator-f1-threshold-curves-v1",3,"edgeR-QL",0.01,5,0.94265351018146,0.0352544550790529,0.015766271613295,0.723207542418912,0.0263798210600417,0.0117974146249067,0.723207542418912,0.0263798210600417,0.0117974146249067,0.818047139286247,0.0215688950195789,0.00964590309266702,0.0573464898185402,0.0352544550790528,0.015766271613295,0.988656166380404,0.0072775943608286,0.00325463914069638,0.855931854399658,0.0133483118335775,0.00596954652894882,64.8,11.6490342947388,5.20960651105244
"crispulator-f1-threshold-curves-v1",3,"edgeR-QL",0.05,5,0.817678197817829,0.0587388266753551,0.0262688018729344,0.803194556854112,0.0310142870359508,0.0138700108172153,0.803194556854112,0.0310142870359508,0.0138700108172153,0.810010222236407,0.0422606609519229,0.0188995421325141,0.182321802182171,0.0587388266753551,0.0262688018729344,0.953850347797929,0.00979967969752337,0.00438254999227737,0.87852245232602,0.0186153160373204,0.0083250224164181,82.8,12.8724512040248,5.7567351858497
"crispulator-f1-threshold-curves-v1",3,"edgeR-QL",0.1,5,0.754062551272642,0.0685502079968402,0.0306565849905369,0.842064776745407,0.0196225743084807,0.00877548200946074,0.840103992431682,0.0222514815321351,0.00995116506118707,0.794094364678306,0.0374948447328989,0.0167682043257124,0.245937448727358,0.0685502079968402,0.0306565849905369,0.927773434407428,0.0166477080911401,0.00744508139227251,0.884919105576418,0.0107234473389674,0.00479567144061407,94,12.9421791055448,5.78791845139511
"crispulator-f1-threshold-curves-v1",3,"limma-voom",0.001,5,0.990246768507638,0.0134853843035909,0.0060308472011076,0.5668652271035,0.0404608419632747,0.0180946386113517,0.5668652271035,0.0404608419632747,0.0180946386113517,0.720161044178328,0.0322571589293941,0.0144258400254279,0.00975323149236192,0.0134853843035908,0.00603084720110756,0.998788711746381,0.00165976637083008,0.000742270086388837,0.78282696942494,0.0199174272418025,0.0089073442499153,48.2,8.75785361832453,3.91663120551323
"crispulator-f1-threshold-curves-v1",3,"limma-voom",0.005,5,0.977823176287415,0.021019535919513,0.00940022223430593,0.662245819259643,0.0305029882298306,0.0136413510397554,0.662245819259643,0.0305029882298306,0.0136413510397554,0.78937009250364,0.0244041504988675,0.0109138678897206,0.022176823712585,0.0210195359195129,0.00940022223430588,0.996226303597458,0.00340797045354767,0.00152409071988868,0.82923606142855,0.0159887525848422,0.00715038753102651,57,9.19238815542512,4.11096095821889
"crispulator-f1-threshold-curves-v1",3,"limma-voom",0.01,5,0.955034829095114,0.0295293658322633,0.0132059338666801,0.703682432797004,0.018490573002924,0.0082692356354921,0.703682432797004,0.018490573002924,0.0082692356354921,0.810207091752496,0.0203883511214667,0.0091179478113467,0.044965170904886,0.0295293658322633,0.0132059338666801,0.991859864501195,0.00458849649136132,0.00205203801384064,0.8477711486491,0.0107560876908052,0.00481026864971784,62.2,10.8489630840924,4.85180378828328
"crispulator-f1-threshold-curves-v1",3,"limma-voom",0.05,5,0.843687798957664,0.0462450049709489,0.0206813949469715,0.809533778655472,0.0359353608036279,0.0160707819105787,0.809533778655472,0.0359353608036279,0.0160707819105787,0.825910913078989,0.036598079819333,0.0163671588643984,0.156312201042336,0.0462450049709489,0.0206813949469715,0.960652951756716,0.0104302267655287,0.00466453921369196,0.885093365206094,0.0186439663202674,0.00833783521246689,81.2,14.8559752288431,6.64379409674924
"crispulator-f1-threshold-curves-v1",3,"limma-voom",0.1,5,0.761970525727576,0.0703503848895872,0.0314616485712782,0.838518314682321,0.0136341042150859,0.00609735676744968,0.836557530368596,0.0151831732063069,0.00679012148069115,0.797149155685612,0.0418060186896467,0.0186962199317354,0.238029474272424,0.0703503848895872,0.0314616485712782,0.93166503090393,0.0133292394728336,0.00596101710992587,0.885091672793126,0.00985158005202124,0.00440576053642008,92.6,12.1573023323433,5.43691088762727
"crispulator-f1-threshold-curves-v1",4,"BARCS-EB",0.001,35,0.971428571428571,0.169030850945703,0.0285714285714286,0.152641109620764,0.11476695400929,0.0193991558966366,0.152641109620764,0.11476695400929,0.0193991558966366,0.249287094416932,0.162136126990535,0.0274060075142507,0,0,0,1,0,0,0.576320554810382,0.0573834770046448,0.00969957794831831,14.2,12.2445666221678,2.06970951560638
"crispulator-f1-threshold-curves-v1",4,"BARCS-EB",0.005,35,0.997619047619048,0.0140859042454752,0.00238095238095237,0.231628805874076,0.147214883522507,0.024883857033682,0.231628805874076,0.147214883522507,0.024883857033682,0.353909451813103,0.185027261171798,0.0312753154040219,0.00238095238095238,0.0140859042454753,0.00238095238095238,0.999655765920826,0.00203651627645421,0.00034423407917383,0.615642285897451,0.0731128356055091,0.0123583248174525,21.4571428571429,17.1315719156918,2.8957641789469
"crispulator-f1-threshold-curves-v1",4,"BARCS-EB",0.01,35,0.996376811594203,0.0156950173011633,0.00265294213002317,0.26621324948791,0.159328376315918,0.0269314110284768,0.26621324948791,0.159328376315918,0.0269314110284768,0.3954201558322,0.197462287414073,0.0333772184712858,0.0036231884057971,0.0156950173011634,0.00265294213002318,0.999571732307381,0.0020820663202227,0.000351933441832633,0.632892490897645,0.0792189611117616,0.0133904484077556,24.9142857142857,19.9002977047957,3.36376425511444
"crispulator-f1-threshold-curves-v1",4,"BARCS-EB",0.05,35,0.995154195724896,0.0139315245733872,0.00235485745361062,0.407957713002283,0.172345721180315,0.0291317439079596,0.407957713002283,0.172345721180315,0.0291317439079596,0.555742976991543,0.188224844329341,0.031815805606111,0.00484580427510367,0.0139315245733873,0.00235485745361064,0.999315234623461,0.00217934422323612,0.000368376408557203,0.703636473812872,0.0857235945286628,0.0144899321293043,37.7428571428571,28.5186655668579,4.82053430860192
"crispulator-f1-threshold-curves-v1",4,"BARCS-EB",0.1,35,0.98486027957678,0.0383169194067599,0.00647674149294256,0.477893784096278,0.183877123582847,0.0310809066686569,0.477893784096278,0.183877123582847,0.0310809066686569,0.619853701518393,0.189113396500991,0.0319659983357947,0.0151397204232197,0.0383169194067599,0.00647674149294255,0.997984699429779,0.0061464065380647,0.00103893232738731,0.737939241763029,0.0911245053127835,0.0154028526750261,45.1142857142857,34.4774192330979,5.8277475113823
"crispulator-f1-threshold-curves-v1",4,"BARCS-NORM",0.001,35,0.0285714285714286,0.169030850945703,0.0285714285714286,0.000560224089635854,0.00331433041070006,0.000560224089635854,0.000560224089635854,0.00331433041070006,0.000560224089635854,0.0010989010989011,0.00650118657483475,0.0010989010989011,0,0,0,1,0,0,0.500280112044818,0.00165716520534995,0.000280112044817913,0.0571428571428571,0.338061701891407,0.0571428571428571
"crispulator-f1-threshold-curves-v1",4,"BARCS-NORM",0.005,35,0.114285714285714,0.322802851090676,0.0545636406075561,0.00149058028314994,0.00463627415654921,0.000783673365899085,0.00149058028314994,0.00463627415654921,0.000783673365899085,0.00293572157740776,0.00911746875600146,0.00154113350229779,0,0,0,1,0,0,0.500745290141575,0.00231813707827454,0.000391836682949533,0.142857142857143,0.429969707746757,0.0726781455813098
"crispulator-f1-threshold-curves-v1",4,"BARCS-NORM",0.01,35,0.228571428571429,0.426042961498036,0.0720144043214405,0.00255744181036953,0.00528110628311434,0.000892669888969517,0.00255744181036953,0.00528110628311434,0.000892669888969517,0.00504859580046974,0.0104044170751642,0.00175866747180902,0,0,0,1,0,0,0.501278720905185,0.00264055314155717,0.000446334944484759,0.257142857142857,0.505432670960188,0.0854337144681602
"crispulator-f1-threshold-curves-v1",4,"BARCS-NORM",0.05,35,0.683609532230222,0.446215932157375,0.0754242587180913,0.0624859700700859,0.0741266724426029,0.0125296945207466,0.0624859700700859,0.0741266724426029,0.0125296945207466,0.108081963878558,0.11963971301658,0.0202228024980922,0.0306761820554924,0.0840799469044104,0.014212104972722,0.998665284639983,0.00432193758825019,0.00073054078827615,0.530575627355034,0.0360888334055593,0.00610012622017941,5.31428571428571,6.72471923127619,1.13668501403355
"crispulator-f1-threshold-curves-v1",4,"BARCS-NORM",0.1,35,0.786255843565716,0.343728729747597,0.0581007596837221,0.158352616751869,0.123802252573906,0.0209264001015623,0.158352616751869,0.123802252573906,0.0209264001015623,0.250335531385174,0.178327369914874,0.0301428270836203,0.0708870135771413,0.113789899051565,0.0192340034657117,0.996208885131624,0.00526978492514575,0.000890756230198226,0.577280750941746,0.0604921098386898,0.0102250328015347,16,14.8224789543767,2.50545623078308
"crispulator-f1-threshold-curves-v1",4,"BARCS-original",0.001,35,1,0,0,0.3218873036665,0.178587764610946,0.0301868418206792,0.3218873036665,0.178587764610946,0.0301868418206792,0.459703362380602,0.209620344672391,0.0354323052355059,0,0,0,1,0,0,0.66094365183325,0.0892938823054732,0.0150934209103396,29.4,22.3977414827793,3.78590930209606
"crispulator-f1-threshold-curves-v1",4,"BARCS-original",0.005,35,0.994773472141893,0.0179683394106581,0.00303720370066476,0.440608170616016,0.193353430544591,0.0326826948982232,0.440608170616016,0.193353430544591,0.0326826948982232,0.58406658425584,0.19984840899363,0.0337805466323382,0.00522652785810681,0.0179683394106581,0.00303720370066476,0.999096066751348,0.00300502167902897,0.000507941371516553,0.719852118683682,0.0962430141052347,0.0162680385717872,40.7714285714286,29.5347110983647,4.99227734939209
"crispulator-f1-threshold-curves-v1",4,"BARCS-original",0.01,35,0.988477798123335,0.0200279817030184,0.00338534678998618,0.505727559190196,0.189658594322316,0.0320581535874669,0.505727559190196,0.189658594322316,0.0320581535874669,0.645865630839445,0.182970532940522,0.0309276648809253,0.0115222018766647,0.0200279817030184,0.00338534678998618,0.997887888345206,0.00380453294383394,0.000643083440947212,0.751807723767701,0.0941103604956707,0.0159075543173901,46.3714285714286,31.6572505534679,5.35105199965401
"crispulator-f1-threshold-curves-v1",4,"BARCS-original",0.05,35,0.940541062796878,0.0562095138867998,0.0095011419635301,0.632063259720583,0.185341540052677,0.0313284382306911,0.632063259720583,0.185341540052677,0.0313284382306911,0.736356493540247,0.157315217018011,0.0265911249992625,0.0594589372031217,0.0562095138867999,0.00950114196353011,0.988254861556623,0.0116682596814222,0.00197229586300623,0.810159060638603,0.0903010990489995,0.0152636716135846,61.6571428571429,41.9235598911827,7.08637500307976
"crispulator-f1-threshold-curves-v1",4,"BARCS-original",0.1,35,0.901223466005426,0.0659008600289834,0.0111392784487528,0.688290851714785,0.178070418192376,0.0300993943153145,0.688290851714785,0.178070418192376,0.0300993943153145,0.762918899474082,0.134554423751937,0.0227438487452987,0.0987765339945742,0.0659008600289834,0.0111392784487528,0.978272984173021,0.0166674751010153,0.00281731749944094,0.833281917943903,0.0848427727301405,0.0143410460711686,70.3714285714286,47.9215570516245,8.10022156707916
"crispulator-f1-threshold-curves-v1",4,"BARCS-partial",0.001,35,0.998571428571429,0.00845154254728517,0.00142857142857143,0.171537879009161,0.102523154319926,0.0173295760163347,0.171537879009161,0.102523154319926,0.0173295760163347,0.279895061730925,0.150557281337973,0.0254488253806292,0.00142857142857143,0.00845154254728517,0.00142857142857143,0.999915966386555,0.00049714956160497,8.40336134453715e-05,0.585726922697858,0.0512009168438465,0.00865453454331556,16.2857142857143,13.7489495397059,2.32399664030602
"crispulator-f1-threshold-curves-v1",4,"BARCS-partial",0.005,35,0.998809523809524,0.00704295212273769,0.0011904761904762,0.21933841513173,0.120615947699731,0.0203878162773079,0.21933841513173,0.120615947699731,0.0203878162773079,0.343316029156619,0.169587486271751,0.0286655171142568,0.00119047619047619,0.00704295212273764,0.00119047619047619,0.999915966386555,0.00049714956160497,8.40336134453715e-05,0.609627190759142,0.0602496497375141,0.0101840495643126,20.9428571428571,17.5397747271449,2.96476304752525
"crispulator-f1-threshold-curves-v1",4,"BARCS-partial",0.01,35,0.992313443742015,0.0273762994482252,0.00462743919147789,0.246065710994201,0.131828091403258,0.0222830144684406,0.246065710994201,0.131828091403258,0.0222830144684406,0.375433617946385,0.177611428932334,0.0300218109701147,0.00768655625798483,0.0273762994482252,0.00462743919147789,0.999295944139765,0.00233221190335005,0.000394215762608958,0.622680827566983,0.0655694303845418,0.0110832566139242,23.5428571428571,19.5528587606592,3.30503635473537
"crispulator-f1-threshold-curves-v1",4,"BARCS-partial",0.05,35,0.983582545163177,0.027101639483548,0.00458101318392779,0.334279472189218,0.154996324522086,0.0261991606274245,0.334279472189218,0.154996324522086,0.0261991606274245,0.477463760788617,0.183065566664652,0.0309437285121834,0.0164174548368233,0.027101639483548,0.00458101318392778,0.998331567835413,0.00259252512011124,0.000438216727150514,0.666305520012315,0.076838853729404,0.0129881368315736,32.1142857142857,25.7165218448825,4.34688557080426
"crispulator-f1-threshold-curves-v1",4,"BARCS-partial",0.1,35,0.958264730682901,0.0498666955772953,0.00842900998728057,0.389743206952677,0.173630413429436,0.0293488965320319,0.389743206952677,0.173630413429436,0.0293488965320319,0.529569852700552,0.186580134005853,0.0315377988205727,0.0417352693170987,0.0498666955772953,0.00842900998728056,0.995353196619228,0.00681137678932214,0.00115133281481093,0.692548201785953,0.0849249927166435,0.0143549437854519,38.1142857142857,30.3186716189792,5.1247908632994
"crispulator-f1-threshold-curves-v1",4,"DESeq2",0.001,35,0.983412540188824,0.024288686181144,0.00410553729355192,0.630280475093046,0.135028307423855,0.0228239497056123,0.630280475093046,0.135028307423855,0.0228239497056123,0.758843567109589,0.114398163560107,0.0193368189331907,0.016587459811176,0.0242886861811441,0.00410553729355193,0.997018185627724,0.00547625667305601,0.000925656325443744,0.813649330360385,0.0673093125982789,0.0113773503850574,58.4857142857143,38.0366475208035,6.4293668975632
"crispulator-f1-threshold-curves-v1",4,"DESeq2",0.005,35,0.960837844444663,0.0405455321234003,0.0068534457968647,0.693986505619269,0.13518833884352,0.0228509999526562,0.693986505619269,0.13518833884352,0.0228509999526562,0.7976134355873,0.105743523793261,0.0178739178087722,0.0391621555553372,0.0405455321234003,0.0068534457968647,0.992576761384891,0.00779814708916492,0.00131812743828131,0.84328163350208,0.067126310960899,0.0113464174625666,66.2571428571429,43.4174963764222,7.33889635843864
"crispulator-f1-threshold-curves-v1",4,"DESeq2",0.01,35,0.934461763049285,0.0479748328391444,0.00810922681877845,0.721688535630786,0.134238376418223,0.0226904269955419,0.721688535630786,0.134238376418223,0.0226904269955419,0.807150925518015,0.103976566307381,0.017575247481349,0.0655382369507148,0.0479748328391444,0.00810922681877844,0.986931007275825,0.0101220185016572,0.00171093340062326,0.854309771453305,0.0668445310697232,0.0112987879677818,70.8571428571429,46.3979860472812,7.8426910637388
"crispulator-f1-threshold-curves-v1",4,"DESeq2",0.05,35,0.835458895432115,0.0610025994558446,0.0103113212959213,0.797401289364407,0.116746303716353,0.0197337270619406,0.79668225531204,0.117741809218449,0.0199019982040811,0.811526145069885,0.0803960402723392,0.0135894110998985,0.164541104567885,0.0610025994558446,0.0103113212959213,0.95998669205902,0.0140969236370092,0.00238281499808027,0.878693990711714,0.0576312499503372,0.00974145922017001,86.9714285714286,54.7053528482552,9.24689234322553
"crispulator-f1-threshold-curves-v1",4,"DESeq2",0.1,35,0.753371140831783,0.0710374674382212,0.0120075235701102,0.82562013866609,0.101613879710975,0.0171758805554404,0.824901104613722,0.102643658876261,0.0173499450040349,0.784993376716823,0.0745875207306636,0.0126075920990344,0.246628859168217,0.0710374674382212,0.0120075235701102,0.93097286536127,0.0180642419435256,0.00305341418740321,0.87829650201368,0.0511163607427696,0.00864024195359789,99.9714285714286,62.2128631083191,10.5158931909677
"crispulator-f1-threshold-curves-v1",4,"MAGeCK-MLE",0.001,35,0.942857142857143,0.235504107976803,0.0398074597725278,0.159881623106169,0.0772164242844686,0.0130519579037882,0.159881623106169,0.0772164242844686,0.0130519579037882,0.268115580331207,0.117522768649322,0.0198649735902899,0,0,0,1,0,0,0.579940811553085,0.0386082121422344,0.00652597895189411,15.6285714285714,12.019801589548,2.03171729087982
"crispulator-f1-threshold-curves-v1",4,"MAGeCK-MLE",0.005,35,0.995506912442396,0.021665239489938,0.00366209386692667,0.279447820373965,0.105627714124417,0.0178543424018996,0.279447820373965,0.105627714124417,0.0178543424018996,0.425082840746613,0.136088914044263,0.0230032249451785,0.00449308755760369,0.021665239489938,0.00366209386692667,0.999566758355183,0.00208844427399402,0.000353011512785891,0.639507289364574,0.0525581117747792,0.00888394235739032,25.5428571428571,18.1032055288606,3.06000023538826
"crispulator-f1-threshold-curves-v1",4,"MAGeCK-MLE",0.01,35,0.996009070294785,0.0192541380930705,0.00325454334609779,0.349430108834809,0.121883973346354,0.0206021517313777,0.349430108834809,0.121883973346354,0.0206021517313777,0.50456028608234,0.142177258304641,0.0240323429563605,0.00399092970521542,0.0192541380930705,0.00325454334609778,0.999566758355183,0.00208844427399402,0.000353011512785891,0.674498433594996,0.060744060647459,0.0102676202611374,31.9714285714286,21.7180945354813,3.67102800025163
"crispulator-f1-threshold-curves-v1",4,"MAGeCK-MLE",0.05,35,0.96749330960904,0.0396981760463074,0.00671021647809968,0.542755031323872,0.157464666620066,0.0266163865926713,0.542755031323872,0.157464666620066,0.0266163865926713,0.681430662269776,0.149449250067907,0.0252615339121755,0.0325066903909604,0.0396981760463074,0.00671021647809968,0.995646125880495,0.00514465218176107,0.000869604936102743,0.769200578602183,0.0785799667495448,0.0132824386469606,51,34.5355741569898,5.83757748765443
"crispulator-f1-threshold-curves-v1",4,"MAGeCK-MLE",0.1,35,0.931948010496475,0.0604477375998718,0.0102175325242489,0.631147503154245,0.152671380389298,0.0258061733422582,0.631147503154245,0.152671380389298,0.0258061733422582,0.741348419903002,0.129160497039225,0.0218321087231103,0.0680519895035253,0.0604477375998718,0.0102175325242489,0.9882181009801,0.0111530624981547,0.0018852116447137,0.809682802067172,0.0755763973889645,0.0127747427620673,61.9428571428571,41.7224321503171,7.05237820989247
"crispulator-f1-threshold-curves-v1",4,"edgeR-QL",0.001,35,0.98503520611363,0.0219416711966053,0.00370881935353301,0.619020973530673,0.140196793066016,0.0236975832318073,0.619020973530673,0.140196793066016,0.0236975832318073,0.750252530484654,0.118628813401952,0.0200519292760111,0.0149647938863702,0.0219416711966052,0.00370881935353301,0.997486268416,0.00409354751952336,0.000691935820611706,0.808253620973337,0.0699427309731357,0.0118224793338555,57.1142857142857,36.8165335529724,6.22312999532996
"crispulator-f1-threshold-curves-v1",4,"edgeR-QL",0.005,35,0.95765599923722,0.0391501830882069,0.0066175887620797,0.683127889583943,0.142735270828449,0.0241266642880981,0.683127889583943,0.142735270828449,0.0241266642880981,0.788418146598001,0.112903262243764,0.0190841344916094,0.0423440007627795,0.0391501830882069,0.0066175887620797,0.992092782212071,0.00765267571153829,0.00129353828753283,0.837610335898007,0.0709933361052987,0.012000064013353,65.5142857142857,43.0378570895107,7.27472560671956
"crispulator-f1-threshold-curves-v1",4,"edgeR-QL",0.01,35,0.931647826818795,0.0473509855858944,0.00800377738670147,0.718797270458895,0.138427409922828,0.0233985028934653,0.718797270458895,0.138427409922828,0.0233985028934653,0.803489094073626,0.105137769284904,0.0177715266087604,0.0683521731812049,0.0473509855858944,0.00800377738670147,0.986209101758368,0.0100273345550921,0.00169492889256447,0.852503186108631,0.0684112736952004,0.0115636158069791,70.5142857142857,45.5233433516912,7.69484946462979
"crispulator-f1-threshold-curves-v1",4,"edgeR-QL",0.05,35,0.834466825583535,0.0545897178397929,0.00922734645934604,0.790640316471293,0.125774479149067,0.0212597672378195,0.790274016104993,0.126508605541167,0.0213838572465778,0.806696106979332,0.0835007187725082,0.0141141975486949,0.165533174416465,0.0545897178397929,0.00922734645934604,0.959714469899728,0.0136136685327631,0.00230112997658569,0.87517739318551,0.0613607100850463,0.010371853040308,86.1714285714286,53.8060163453678,9.09487672885593
"crispulator-f1-threshold-curves-v1",4,"edgeR-QL",0.1,35,0.74746685236686,0.0652687140641957,0.0110324262784028,0.820646851980039,0.11206843714519,0.0189430232948064,0.820280551613739,0.112692021483831,0.0190484282862034,0.779014206086685,0.075581050006533,0.012775529197974,0.25253314763314,0.0652687140641957,0.0110324262784028,0.928795335935299,0.0189986103473029,0.00321135127379046,0.874721093957669,0.0555333119956275,0.00938684298245415,99.8857142857143,61.6292383955058,10.417242609128
"crispulator-f1-threshold-curves-v1",4,"limma-voom",0.001,35,0.988584652367963,0.0188354367992891,0.00318376991011786,0.600368744903501,0.147004171308228,0.0248482401687977,0.600368744903501,0.147004171308228,0.0248482401687977,0.735453679200743,0.128787969551927,0.0217691400849315,0.0114153476320367,0.0188354367992892,0.00318376991011786,0.998032229075859,0.00372949212523909,0.000630399227524462,0.79920048698968,0.0733664590860312,0.012401195010185,55.0857142857143,35.3947249547422,5.98280047808919
"crispulator-f1-threshold-curves-v1",4,"limma-voom",0.005,35,0.956852151342404,0.0424480760149026,0.00717503440980688,0.672850987245485,0.144798786752714,0.0244754621407167,0.672850987245485,0.144798786752714,0.0244754621407167,0.780449650987591,0.114822184391639,0.0194084915351632,0.0431478486575963,0.0424480760149026,0.00717503440980688,0.992205370590961,0.00809546240149548,0.00136838289852373,0.832528178918223,0.0720066733524686,0.0121713492705371,64.1714285714286,42.2133835163584,7.13536413706739
"crispulator-f1-threshold-curves-v1",4,"limma-voom",0.01,35,0.938420184437023,0.0463933467246211,0.00784190687508175,0.708984691968096,0.142073440620738,0.0240147945649072,0.708984691968096,0.142073440620738,0.0240147945649072,0.798969021291123,0.108272479289369,0.018301389308283,0.0615798155629767,0.0463933467246211,0.00784190687508176,0.987936965179077,0.00909123227726341,0.00153669872797088,0.848460828573586,0.0701163195340379,0.0118518211560193,68.9714285714286,44.6169881351498,7.54164747111872
"crispulator-f1-threshold-curves-v1",4,"limma-voom",0.05,35,0.850956492031358,0.0538115105175088,0.00909580541344818,0.782407850367337,0.131518014624336,0.022230601926641,0.782100630705279,0.131679509477854,0.0222578995391545,0.809001651278667,0.0883244161645964,0.0149295512235842,0.149043507968642,0.0538115105175088,0.00909580541344818,0.964457939611735,0.0151927337082464,0.00256804070689635,0.873432894989536,0.0639015717629387,0.0108013370518575,83.6285714285714,52.9434135848531,8.94907025021803
"crispulator-f1-threshold-curves-v1",4,"limma-voom",0.1,35,0.766950382488618,0.064929499513256,0.0109750885542043,0.812676965999432,0.118853090208863,0.0200898389755306,0.811696226309015,0.1198105835897,0.0202516848964683,0.784283387691407,0.0758290125854605,0.0128174425236928,0.233049617511382,0.064929499513256,0.0109750885542043,0.935993762540038,0.0205217332976274,0.00346880604217874,0.874335364269735,0.0568003702599093,0.0096010149190635,96.5714285714286,60.6704142038264,10.2551717401011
"crispulator-f1-threshold-curves-v1",6,"BARCS-EB",0.001,5,1,0,0,0.328980579206549,0.0594481411103243,0.026586016931737,0.328980579206549,0.0594481411103243,0.026586016931737,0.49274899111413,0.0653604737022771,0.0292300924479758,0,0,0,1,0,0,0.664490289603275,0.0297240705551621,0.0132930084658685,28.2,8.72926113711808,3.90384425918863
"crispulator-f1-threshold-curves-v1",6,"BARCS-EB",0.005,5,1,0,0,0.452053373908727,0.078061833224263,0.0349103131075407,0.452053373908727,0.078061833224263,0.0349103131075407,0.619496625260436,0.0731018771773829,0.0326921533302937,0,0,0,1,0,0,0.726026686954363,0.0390309166121318,0.0174551565537705,38.8,12.4779806058513,5.58032257132148
"crispulator-f1-threshold-curves-v1",6,"BARCS-EB",0.01,5,1,0,0,0.512750169963417,0.0835624681151032,0.0373702718146059,0.512750169963417,0.0835624681151032,0.0373702718146059,0.674716809868023,0.0722173499270659,0.0322965807183617,0,0,0,1,0,0,0.756375084981709,0.0417812340575519,0.0186851359073031,43.6,12.1778487426967,5.44609952167604
"crispulator-f1-threshold-curves-v1",6,"BARCS-EB",0.05,5,0.996,0.00894427190999917,0.004,0.634525199549642,0.095514039518741,0.0427151770339012,0.634525199549642,0.095514039518741,0.0427151770339012,0.771909959787761,0.0710597876099708,0.0317789031125184,0.004,0.00894427190999916,0.004,0.999376947040498,0.00139318877102801,0.000623052959501602,0.81695107329507,0.047820244939356,0.0213858636770181,54,13.729530217746,6.1400325732035
"crispulator-f1-threshold-curves-v1",6,"BARCS-EB",0.1,5,0.99362962962963,0.00891354604829092,0.00398625897691062,0.69799079859425,0.0817451118102955,0.0365575253672283,0.69799079859425,0.0817451118102955,0.0365575253672283,0.817685680061024,0.0544010203934623,0.0243288759290268,0.00637037037037036,0.00891354604829114,0.00398625897691072,0.998731785750176,0.00173701360850849,0.000776816101293438,0.848361292172213,0.0403953167192334,0.0180653348313679,59.6,14.2758537397943,6.38435587980495
"crispulator-f1-threshold-curves-v1",6,"BARCS-NORM",0.001,5,0,0,0,0,0,0,0,0,0,0,0,0,0,0,0,1,0,0,0.5,0,0,0,0,0
"crispulator-f1-threshold-curves-v1",6,"BARCS-NORM",0.005,5,0.4,0.547722557505166,0.244948974278318,0.0081045751633987,0.0128460889022861,0.00574494560610347,0.0081045751633987,0.0128460889022861,0.00574494560610347,0.0158241758241758,0.0249815775619918,0.0111721011227594,0,0,0,1,0,0,0.504052287581699,0.00642304445114299,0.00287247280305171,0.8,1.30384048104053,0.58309518948453
"crispulator-f1-threshold-curves-v1",6,"BARCS-NORM",0.01,5,0.4,0.547722557505166,0.244948974278318,0.0125490196078431,0.0172392977571241,0.00770964833385784,0.0125490196078431,0.0172392977571241,0.00770964833385784,0.024331797235023,0.0334195124303324,0.0149456603138245,0,0,0,1,0,0,0.506274509803922,0.00861964887856214,0.00385482416692896,1.2,1.6431676725155,0.734846922834953
"crispulator-f1-threshold-curves-v1",6,"BARCS-NORM",0.05,5,0.783304347826087,0.438379211075541,0.196049143177528,0.171007370477085,0.118223908001245,0.0528713389712928,0.171007370477085,0.118223908001245,0.0528713389712928,0.275657170154324,0.182638017702987,0.0816782045719376,0.016695652173913,0.0228945144121934,0.0102387381075026,0.998727596391148,0.00174293048375383,0.000779462208346031,0.584867483434116,0.0584522147065827,0.0261406251038664,15.8,10.8489630840924,4.85180378828328
"crispulator-f1-threshold-curves-v1",6,"BARCS-NORM",0.1,5,0.91798308048629,0.0496350636623909,0.0221974752833272,0.370634134409589,0.0917354927606717,0.0410253595524603,0.370634134409589,0.0917354927606717,0.0410253595524603,0.524637749262838,0.0994640003663021,0.0444816532266231,0.0820169195137102,0.0496350636623909,0.0221974752833271,0.992434511440027,0.00275122444360893,0.00123038497545372,0.681534322924808,0.0466230404575961,0.0208504575561816,34.8,12.6964561984831,5.67802782663136
"crispulator-f1-threshold-curves-v1",6,"BARCS-original",0.001,5,1,0,0,0.589706044222862,0.0643962961826351,0.0287988991527165,0.589706044222862,0.0643962961826351,0.0287988991527165,0.740223524058696,0.0519449617332463,0.0232304931048328,0,0,0,1,0,0,0.794853022111431,0.0321981480913172,0.0143994495763581,50,11.5108644332213,5.1478150704935
"crispulator-f1-threshold-curves-v1",6,"BARCS-original",0.005,5,1,0,0,0.675101492440675,0.0982339382799956,0.0439315527383178,0.675101492440675,0.0982339382799956,0.0439315527383178,0.802688626927013,0.0716030063838516,0.0320218379335287,0,0,0,1,0,0,0.837550746220337,0.0491169691399976,0.0219657763691588,57.6,15.7892368403289,7.06116137756389
"crispulator-f1-threshold-curves-v1",6,"BARCS-original",0.01,5,1,0,0,0.725701346398035,0.0688901726696752,0.0308086218142184,0.725701346398035,0.0688901726696752,0.0308086218142184,0.839565133791875,0.0465485591878469,0.0208171485197396,0,0,0,1,0,0,0.862850673199017,0.0344450863348376,0.0154043109071092,61.6,14.0285423334001,6.27375485654325
"crispulator-f1-threshold-curves-v1",6,"BARCS-original",0.05,5,0.960777174632596,0.032329654188243,0.0144582608907944,0.822199956115266,0.0513282702153719,0.0229547002738098,0.822199956115266,0.0513282702153719,0.0229547002738098,0.884841239751932,0.0255127378280533,0.0114096432151315,0.0392228253674037,0.0323296541882428,0.0144582608907944,0.991148519475888,0.00685481443074099,0.00306556620805667,0.906674237795577,0.0230019224106975,0.0102867724246991,72.6,15.420765220961,6.89637585982667
"crispulator-f1-threshold-curves-v1",6,"BARCS-original",0.1,5,0.920927915167902,0.0546543332957624,0.0244421609028509,0.868373063406247,0.0354536324744739,0.0158553464524435,0.868373063406247,0.0354536324744739,0.0158553464524435,0.892576882072059,0.0238919939308053,0.0106848245094586,0.0790720848320977,0.0546543332957621,0.0244421609028508,0.980418799117589,0.0121588703121354,0.00543761210950775,0.924395931261918,0.0133421816031948,0.00596680500657813,79.8,15.1228304229069,6.76313536756437
"crispulator-f1-threshold-curves-v1",6,"BARCS-partial",0.001,5,1,0,0,0.313394412250316,0.0516899136367332,0.0231164321285658,0.313394412250316,0.0516899136367332,0.0231164321285658,0.475363334149576,0.0592324629375261,0.026489562720609,0,0,0,1,0,0,0.656697206125158,0.0258449568183668,0.011558216064283,27,8.71779788708135,3.89871773792359
"crispulator-f1-threshold-curves-v1",6,"BARCS-partial",0.005,5,1,0,0,0.404327394505775,0.0534922706468146,0.0239224706874188,0.404327394505775,0.0534922706468146,0.0239224706874188,0.574182206147431,0.0541082193808594,0.0241979313354146,0,0,0,1,0,0,0.702163697252888,0.0267461353234072,0.0119612353437093,34.8,10.5214067500501,4.70531614240744
"crispulator-f1-threshold-curves-v1",6,"BARCS-partial",0.01,5,1,0,0,0.446462746536883,0.056121404614734,0.0250982551422631,0.446462746536883,0.056121404614734,0.0250982551422631,0.615676764054084,0.0528379691630255,0.0236298581683125,0,0,0,1,0,0,0.723231373268441,0.0280607023073669,0.0125491275711315,38.2,10.5688220724923,4.72652091923859
"crispulator-f1-threshold-curves-v1",6,"BARCS-partial",0.05,5,0.978270388615216,0.0144575869914223,0.00646562946068739,0.530100395322319,0.0833114386689284,0.0372580080334057,0.530100395322319,0.0833114386689284,0.0372580080334057,0.684246389578361,0.068861303679143,0.030795711209164,0.0217296113847838,0.0144575869914222,0.00646562946068734,0.996827248226138,0.00228624625588439,0.00102244040829237,0.763463821774229,0.040709365189883,0.0182057815770884,46.4,13.9032370331517,6.21771662268393
"crispulator-f1-threshold-curves-v1",6,"BARCS-partial",0.1,5,0.951349143260908,0.0303259333621074,0.0135621696957602,0.607993388512991,0.0938672757383275,0.0419787218827234,0.607993388512991,0.0938672757383275,0.0419787218827234,0.737445583699558,0.0604036092222774,0.0270133152614691,0.048650856739092,0.0303259333621074,0.0135621696957602,0.991069979972533,0.00705649041938465,0.00315575845206402,0.799531684242762,0.0435500055724919,0.0194761545761173,54.6,15.8366663158633,7.08237248385031
"crispulator-f1-threshold-curves-v1",6,"DESeq2",0.001,5,0.990245242018292,0.00947234410978254,0.0042361610671487,0.811439599138133,0.0488513684483612,0.0218469961288848,0.811439599138133,0.0488513684483612,0.0218469961288848,0.891306352945157,0.0288336657198595,0.0128948073180223,0.00975475798170836,0.00947234410978252,0.00423616106714869,0.998143550456058,0.00169773352642519,0.000759249514553432,0.904791574797095,0.024044704035789,0.0107531185445776,69.4,13.7949266036467,6.16927872607487
"crispulator-f1-threshold-curves-v1",6,"DESeq2",0.005,5,0.964246188594014,0.0116362034597387,0.00520386838719879,0.85982485674512,0.0365658370242504,0.0163527394480805,0.85982485674512,0.0365658370242504,0.0163527394480805,0.908592537962611,0.0186723972843986,0.00835054992615956,0.0357538114059853,0.0116362034597386,0.00520386838719873,0.991763370500429,0.00166072002503177,0.000742696573513237,0.925794113622775,0.0175995889113281,0.00787077543635625,75.2,13.0268952555857,5.8258046654518
"crispulator-f1-threshold-curves-v1",6,"DESeq2",0.01,5,0.942517727033018,0.0419310838933157,0.0187521507911401,0.873175240376833,0.0258959644036762,0.0115810273499069,0.873175240376833,0.0258959644036762,0.0115810273499069,0.905804924757419,0.01970022911034,0.00881021029260809,0.0574822729669823,0.0419310838933157,0.0187521507911401,0.986856541150571,0.00642655998789743,0.00287404499888377,0.930015890763702,0.0115208529544007,0.00515228207296383,78,12.2882057274445,5.49545266561363
"crispulator-f1-threshold-curves-v1",6,"DESeq2",0.05,5,0.836872084338364,0.0702604280215415,0.0314214186368796,0.92211049600541,0.0157609753171842,0.00704852244018405,0.92211049600541,0.0157609753171842,0.00704852244018405,0.876013877287757,0.0377415328688055,0.0168785266139383,0.163127915661636,0.0702604280215415,0.0314214186368796,0.954130011081298,0.0140036709332133,0.00626263202824056,0.938120253543354,0.00700377206945236,0.00313218208924197,92.6,11.3048662088501,5.05568986390581
"crispulator-f1-threshold-curves-v1",6,"DESeq2",0.1,5,0.770157344804274,0.0718917203506304,0.0321509547446829,0.938284574515919,0.0229390407966677,0.010258650911998,0.938284574515919,0.0229390407966677,0.010258650911998,0.844300297982113,0.0429032090665604,0.0191868983851429,0.229842655195726,0.0718917203506304,0.0321509547446829,0.927449821046235,0.014570955209883,0.00651632926928061,0.932867197781077,0.0085103073933181,0.00380592516817566,102.4,12.0540449642433,5.39073278877742
"crispulator-f1-threshold-curves-v1",6,"MAGeCK-MLE",0.001,5,1,0,0,0.454206099978058,0.0564115077442879,0.0252279932058967,0.454206099978058,0.0564115077442879,0.0252279932058967,0.623032525866852,0.0530682050992922,0.0237328228091837,0,0,0,1,0,0,0.727103049989029,0.028205753872144,0.0126139966029484,38,6.28490254498827,2.81069386451104
"crispulator-f1-threshold-curves-v1",6,"MAGeCK-MLE",0.005,5,0.995238095238095,0.0106479427499991,0.00476190476190479,0.591384851133629,0.0441152155286797,0.0197289241528364,0.591384851133629,0.0441152155286797,0.0197289241528364,0.741311709105696,0.0380597070826556,0.0170208184481096,0.00476190476190476,0.010647942749999,0.00476190476190476,0.999376947040498,0.00139318877102801,0.000623052959501602,0.795380899087064,0.0226983585434285,0.0101510145361538,50.2,10.1094015648801,4.52106182218293
"crispulator-f1-threshold-curves-v1",6,"MAGeCK-MLE",0.01,5,0.996,0.00894427190999917,0.004,0.646755946921054,0.0174392600116693,0.00779907417267727,0.646755946921054,0.0174392600116693,0.00779907417267727,0.784194394545325,0.0152598068904718,0.00682439310612294,0.004,0.00894427190999916,0.004,0.999376947040498,0.00139318877102801,0.000623052959501602,0.823066446980776,0.00931866885844961,0.00416743540546074,55,10.9772492000501,4.90917508345343
"crispulator-f1-threshold-curves-v1",6,"MAGeCK-MLE",0.05,5,0.979200967352987,0.0146424162143611,0.00654828760203131,0.815573972755494,0.0351998865226147,0.015741867812969,0.815573972755494,0.0351998865226147,0.015741867812969,0.889370004923175,0.0165426856724099,0.00739811393878405,0.0207990326470128,0.0146424162143611,0.00654828760203133,0.994826777681484,0.00368256776398846,0.00164689437040552,0.905200375218489,0.0162185943159786,0.00725317587800395,70.8,14.9566038925954,6.68879660327626
"crispulator-f1-threshold-curves-v1",6,"MAGeCK-MLE",0.1,5,0.935956093284648,0.0310519448455081,0.0138868519016261,0.880103021212154,0.028282948743243,0.0126485191988067,0.880103021212154,0.028282948743243,0.0126485191988067,0.906659007947398,0.0177179514200161,0.007923708759439,0.064043906715352,0.031051944845508,0.013886851901626,0.984904158586012,0.00402364643629124,0.0017994293897944,0.932503589899083,0.0128475613558542,0.00574560410735787,79.2,12.7945300812496,5.72188780036799
"crispulator-f1-threshold-curves-v1",6,"edgeR-QL",0.001,5,0.995652173913043,0.00972203468478189,0.00434782608695661,0.786655443685454,0.030760503199495,0.0137565152352341,0.786655443685454,0.030760503199495,0.0137565152352341,0.878709089652486,0.0217554163413105,0.00972931796359603,0.00434782608695652,0.00972203468478169,0.00434782608695652,0.999411764705882,0.00131533410441154,0.0005882352941176,0.893033604195669,0.0158259575155478,0.00707758336275773,67,13.6565002837477,6.10737259384099
"crispulator-f1-threshold-curves-v1",6,"edgeR-QL",0.005,5,0.966472335580659,0.0157092740358574,0.00702540092426994,0.846278718421876,0.03577457002799,0.0159988740896824,0.846278718421876,0.03577457002799,0.0159988740896824,0.901973246226225,0.0199108585441061,0.00890440663900075,0.0335276644193404,0.0157092740358572,0.00702540092426982,0.992386423459931,0.00279709352001888,0.00125089825003728,0.919332570940904,0.0171999848426817,0.00769206706404044,74,13.729530217746,6.1400325732035
"crispulator-f1-threshold-curves-v1",6,"edgeR-QL",0.01,5,0.951286191315606,0.0232374192272199,0.0103920898027449,0.87237355261312,0.0231506566796191,0.0103532884118776,0.87237355261312,0.0231506566796191,0.0103532884118776,0.909845345454338,0.0151546781905336,0.00677737812223332,0.0487138086843941,0.02323741922722,0.0103920898027449,0.988621247032924,0.00332433858467,0.00148668941110951,0.930497399823022,0.0108529671480273,0.00485359446011221,77.4,13.5757136092362,6.07124369466422
"crispulator-f1-threshold-curves-v1",6,"edgeR-QL",0.05,5,0.870370225893561,0.0598499398845604,0.0267657068062306,0.920737946985802,0.0169150610809396,0.00756464528410841,0.920737946985802,0.0169150610809396,0.00756464528410841,0.894107995149222,0.0354291074872597,0.0158443785447319,0.129629774106439,0.0598499398845603,0.0267657068062306,0.965459337749502,0.0104169355405453,0.00465859519717854,0.943098642367652,0.00989723747259308,0.00442617915563527,89,12.3895116933639,5.54075807087803
"crispulator-f1-threshold-curves-v1",6,"edgeR-QL",0.1,5,0.765088671601978,0.0717169276252927,0.0320727850615174,0.934968938960651,0.0117776401797926,0.00526712081130983,0.934968938960651,0.0117776401797926,0.00526712081130983,0.840226825442804,0.0450307150497271,0.0201383479853225,0.234911328398022,0.0717169276252927,0.0320727850615174,0.925488039485418,0.015644901000964,0.00699661242788202,0.930228489223035,0.00834615078772691,0.00373251210236416,102.8,12.8140547837131,5.73061951275776
"crispulator-f1-threshold-curves-v1",6,"limma-voom",0.001,5,1,0,0,0.772211322980853,0.0287220239690581,0.0128448796092384,0.772211322980853,0.0287220239690581,0.0128448796092384,0.871229135485522,0.0183028745531192,0.00818529433688514,0,0,0,1,0,0,0.886105661490426,0.014361011984529,0.00642243980461921,65.6,13.9032370331517,6.21771662268393
"crispulator-f1-threshold-curves-v1",6,"limma-voom",0.005,5,0.970477860404697,0.0169259366007702,0.00756950896443478,0.830606652494056,0.0295409637374722,0.0132111206075688,0.830606652494056,0.0295409637374722,0.0132111206075688,0.894953848782255,0.0217071698637736,0.00970774148290654,0.0295221395953032,0.01692593660077,0.00756950896443468,0.993680935399604,0.00204564235838294,0.000914839074199447,0.91214379394683,0.0151946276908255,0.0067952440818973,72.4,13.7040140105007,6.12862137841782
"crispulator-f1-threshold-curves-v1",6,"limma-voom",0.01,5,0.959131115581716,0.021280120968795,0.00951675941112885,0.86216074762321,0.0234205106666589,0.0104739707836816,0.86216074762321,0.0234205106666589,0.0104739707836816,0.907808941559779,0.0147016605569049,0.00657478247747337,0.0408688844182836,0.0212801209687948,0.00951675941112876,0.990481885935893,0.00380307062684126,0.00170078488896996,0.926321316779552,0.0108626409952044,0.00485792073609062,76,14.1774468787578,6.34034699365894
"crispulator-f1-threshold-curves-v1",6,"limma-voom",0.05,5,0.859505678056991,0.0712107272184635,0.0318464053575358,0.911539958489358,0.0161496965988191,0.00722236388219132,0.911539958489358,0.0161496965988191,0.00722236388219132,0.883551240810711,0.0401594613322119,0.01795985709572,0.140494321943009,0.0712107272184634,0.0318464053575357,0.962378011596655,0.0135923830305663,0.00607869848651216,0.936958985043006,0.00944483531378377,0.00422385875958221,89.2,11.6918775224512,5.22876658496055
"crispulator-f1-threshold-curves-v1",6,"limma-voom",0.1,5,0.804282838284778,0.0659111441405302,0.0294763597546025,0.930476509077305,0.0135716433106142,0.00606942340178271,0.930476509077305,0.0135716433106142,0.00606942340178271,0.86162865251281,0.0392976577059229,0.0175744467973924,0.195717161715222,0.0659111441405301,0.0294763597546025,0.941241190544143,0.0141727048380068,0.00633822628856466,0.935858849810724,0.00649335552493505,0.00290391687116572,97.4,13.630847369111,6.09590026165127
