"analysis_protocol","method","genes","active_genes","auroc","average_precision","effect_spearman_active","direction_accuracy_active","calls_fdr_0_10","directional_recall_fdr_0_10","empirical_fdp_fdr_0_10","f1_fdr_0_10","negative_control_p_below_0_05","scenario_id","seed","moi","high_quality_guide_fraction","genes_simulated","replicates","is_baseline"
"barcs-external-headtohead-v1","BARCS-original",400,79,0.961394376749872,0.922502304975492,0.943670886075949,1,59,0.69620253164557,0.0677966101694915,0.797101449275362,0,"moi_0.25_quality_0.9_genes_400_replicates_4",20250724,0.25,0.9,400,4,TRUE
"barcs-external-headtohead-v1","BARCS-partial",400,79,0.94029733033637,0.878273201109185,0.92738558909445,1,47,0.556962025316456,0.0638297872340425,0.698412698412698,0,"moi_0.25_quality_0.9_genes_400_replicates_4",20250724,0.25,0.9,400,4,TRUE
"barcs-external-headtohead-v1","BARCS-EB",400,79,0.957727039709768,0.916588313951218,0.926898734177215,1,45,0.569620253164557,0,0.725806451612903,0,"moi_0.25_quality_0.9_genes_400_replicates_4",20250724,0.25,0.9,400,4,TRUE
"barcs-external-headtohead-v1","MAGeCK-MLE",400,79,0.961039473165346,0.904984553135197,0.93356864654333,1,58,0.670886075949367,0.0862068965517241,0.773722627737226,0,"moi_0.25_quality_0.9_genes_400_replicates_4",20250724,0.25,0.9,400,4,TRUE
"barcs-external-headtohead-v1","edgeR-QL",400,79,0.964588509010608,0.930704935073662,0.942770204479065,1,94,0.89873417721519,0.24468085106383,0.820809248554913,0.05,"moi_0.25_quality_0.9_genes_400_replicates_4",20250724,0.25,0.9,400,4,TRUE
"barcs-external-headtohead-v1","DESeq2",400,79,0.96245908750345,0.929733961848893,0.936124634858812,1,96,0.911392405063291,0.25,0.822857142857143,0.05,"moi_0.25_quality_0.9_genes_400_replicates_4",20250724,0.25,0.9,400,4,TRUE
"barcs-external-headtohead-v1","limma-voom",400,79,0.96470681020545,0.929968164982354,0.935564751703992,1,92,0.89873417721519,0.228260869565217,0.830409356725146,0,"moi_0.25_quality_0.9_genes_400_replicates_4",20250724,0.25,0.9,400,4,TRUE
"barcs-external-headtohead-v1","BARCS-original",400,60,0.947549019607843,0.881906303969296,0.919699916643512,0.983333333333333,40,0.65,0.025,0.78,0.1,"moi_0.25_quality_0.9_genes_400_replicates_4",20250725,0.25,0.9,400,4,TRUE
"barcs-external-headtohead-v1","BARCS-partial",400,60,0.914705882352941,0.753384125173428,0.937704918032787,1,13,0.216666666666667,0,0.356164383561644,0.05,"moi_0.25_quality_0.9_genes_400_replicates_4",20250725,0.25,0.9,400,4,TRUE
"barcs-external-headtohead-v1","BARCS-EB",400,60,0.939019607843137,0.852510171974433,0.935093081411503,1,27,0.45,0,0.620689655172414,0.05,"moi_0.25_quality_0.9_genes_400_replicates_4",20250725,0.25,0.9,400,4,TRUE
"barcs-external-headtohead-v1","MAGeCK-MLE",400,60,0.969044117647059,0.906543792790293,0.936649069185885,1,44,0.7,0.0454545454545455,0.807692307692308,0.05,"moi_0.25_quality_0.9_genes_400_replicates_4",20250725,0.25,0.9,400,4,TRUE
"barcs-external-headtohead-v1","edgeR-QL",400,60,0.966764705882353,0.908048667002621,0.919422061683801,0.983333333333333,76,0.866666666666667,0.31578947368421,0.764705882352941,0.2,"moi_0.25_quality_0.9_genes_400_replicates_4",20250725,0.25,0.9,400,4,TRUE
"barcs-external-headtohead-v1","DESeq2",400,60,0.961960784313725,0.907527877906536,0.918477354820784,0.983333333333333,76,0.866666666666667,0.31578947368421,0.764705882352941,0.25,"moi_0.25_quality_0.9_genes_400_replicates_4",20250725,0.25,0.9,400,4,TRUE
"barcs-external-headtohead-v1","limma-voom",400,60,0.966666666666667,0.906199687212615,0.933425951653237,1,74,0.866666666666667,0.297297297297297,0.776119402985075,0.2,"moi_0.25_quality_0.9_genes_400_replicates_4",20250725,0.25,0.9,400,4,TRUE
"barcs-external-headtohead-v1","BARCS-original",400,92,0.961674195369848,0.924923385330436,0.910392552748794,1,82,0.804347826086957,0.0975609756097561,0.850574712643678,0.0555555555555556,"moi_0.25_quality_0.9_genes_400_replicates_4",20250726,0.25,0.9,400,4,TRUE
"barcs-external-headtohead-v1","BARCS-partial",400,92,0.924336533032185,0.84140796888274,0.909529460721606,1,33,0.347826086956522,0.0303030303030303,0.512,0,"moi_0.25_quality_0.9_genes_400_replicates_4",20250726,0.25,0.9,400,4,TRUE
"barcs-external-headtohead-v1","BARCS-EB",400,92,0.955463015245624,0.91084846138066,0.910454202179307,1,39,0.41304347826087,0.0256410256410256,0.580152671755725,0,"moi_0.25_quality_0.9_genes_400_replicates_4",20250726,0.25,0.9,400,4,TRUE
"barcs-external-headtohead-v1","MAGeCK-MLE",400,92,0.97264963297572,0.936961864294279,0.912966416472728,1,72,0.75,0.0416666666666667,0.841463414634146,0,"moi_0.25_quality_0.9_genes_400_replicates_4",20250726,0.25,0.9,400,4,TRUE
"barcs-external-headtohead-v1","edgeR-QL",400,92,0.971238001129305,0.942331152957843,0.910176779741997,1,105,0.891304347826087,0.219047619047619,0.83248730964467,0.0555555555555556,"moi_0.25_quality_0.9_genes_400_replicates_4",20250726,0.25,0.9,400,4,TRUE
"barcs-external-headtohead-v1","DESeq2",400,92,0.975119988706945,0.943066720099211,0.906524050984079,1,105,0.880434782608696,0.228571428571429,0.822335025380711,0.111111111111111,"moi_0.25_quality_0.9_genes_400_replicates_4",20250726,0.25,0.9,400,4,TRUE
"barcs-external-headtohead-v1","limma-voom",400,92,0.968414737436477,0.941429462526573,0.912319097452337,0.989130434782609,106,0.891304347826087,0.226415094339623,0.828282828282828,0.0555555555555556,"moi_0.25_quality_0.9_genes_400_replicates_4",20250726,0.25,0.9,400,4,TRUE
"barcs-external-headtohead-v1","BARCS-original",400,102,0.943479405184893,0.917814640319312,0.93182961928403,0.970588235294118,91,0.803921568627451,0.0989010989010989,0.849740932642487,0.15,"moi_0.25_quality_0.9_genes_400_replicates_4",20250727,0.25,0.9,400,4,TRUE
"barcs-external-headtohead-v1","BARCS-partial",400,102,0.911633109619687,0.863141877070226,0.94181542654551,0.970588235294118,58,0.53921568627451,0.0517241379310345,0.6875,0.05,"moi_0.25_quality_0.9_genes_400_replicates_4",20250727,0.25,0.9,400,4,TRUE
"barcs-external-headtohead-v1","BARCS-EB",400,102,0.93420186866693,0.907285879144364,0.943161192190036,0.970588235294118,62,0.598039215686274,0.0161290322580645,0.74390243902439,0,"moi_0.25_quality_0.9_genes_400_replicates_4",20250727,0.25,0.9,400,4,TRUE
"barcs-external-headtohead-v1","MAGeCK-MLE",400,102,0.949236741676536,0.927035878827935,0.944077217544713,0.980392156862745,71,0.686274509803922,0.0140845070422535,0.809248554913295,0.05,"moi_0.25_quality_0.9_genes_400_replicates_4",20250727,0.25,0.9,400,4,TRUE
"barcs-external-headtohead-v1","edgeR-QL",400,102,0.955290169759179,0.932832950952743,0.931252862579233,0.96078431372549,107,0.862745098039216,0.177570093457944,0.842105263157895,0.2,"moi_0.25_quality_0.9_genes_400_replicates_4",20250727,0.25,0.9,400,4,TRUE
"barcs-external-headtohead-v1","DESeq2",400,102,0.94920384261087,0.925017934657694,0.930710032739425,0.941176470588235,111,0.862745098039216,0.207207207207207,0.826291079812207,0.2,"moi_0.25_quality_0.9_genes_400_replicates_4",20250727,0.25,0.9,400,4,TRUE
"barcs-external-headtohead-v1","limma-voom",400,102,0.956310040794841,0.933388313295751,0.932519465538787,0.970588235294118,109,0.88235294117647,0.174311926605505,0.853080568720379,0.2,"moi_0.25_quality_0.9_genes_400_replicates_4",20250727,0.25,0.9,400,4,TRUE
"barcs-external-headtohead-v1","BARCS-original",400,90,0.961863799283154,0.937289077704555,0.914145779314319,0.966666666666667,91,0.866666666666667,0.142857142857143,0.861878453038674,0,"moi_0.25_quality_0.9_genes_400_replicates_4",20250728,0.25,0.9,400,4,TRUE
"barcs-external-headtohead-v1","BARCS-partial",400,90,0.937706093189964,0.874559792625195,0.929110589784747,0.966666666666667,58,0.588888888888889,0.0862068965517241,0.716216216216216,0,"moi_0.25_quality_0.9_genes_400_replicates_4",20250728,0.25,0.9,400,4,TRUE
"barcs-external-headtohead-v1","BARCS-EB",400,90,0.958458781362007,0.926224310774737,0.93177758571017,0.966666666666667,65,0.722222222222222,0,0.838709677419355,0,"moi_0.25_quality_0.9_genes_400_replicates_4",20250728,0.25,0.9,400,4,TRUE
"barcs-external-headtohead-v1","MAGeCK-MLE",400,90,0.967455197132617,0.946808157975977,0.933637897682842,0.977777777777778,74,0.777777777777778,0.0540540540540541,0.853658536585366,0,"moi_0.25_quality_0.9_genes_400_replicates_4",20250728,0.25,0.9,400,4,TRUE
"barcs-external-headtohead-v1","edgeR-QL",400,90,0.965806451612903,0.946092213539689,0.915413425525785,0.966666666666667,103,0.911111111111111,0.203883495145631,0.849740932642487,0.0434782608695652,"moi_0.25_quality_0.9_genes_400_replicates_4",20250728,0.25,0.9,400,4,TRUE
"barcs-external-headtohead-v1","DESeq2",400,90,0.965017921146953,0.946183919308541,0.910803802938634,0.966666666666667,101,0.9,0.198019801980198,0.848167539267016,0.0434782608695652,"moi_0.25_quality_0.9_genes_400_replicates_4",20250728,0.25,0.9,400,4,TRUE
"barcs-external-headtohead-v1","limma-voom",400,90,0.966415770609319,0.946973690001919,0.912894596040663,0.966666666666667,98,0.911111111111111,0.163265306122449,0.872340425531915,0.0869565217391304,"moi_0.25_quality_0.9_genes_400_replicates_4",20250728,0.25,0.9,400,4,TRUE
"barcs-external-headtohead-v1","BARCS-original",400,79,0.809692811230727,0.68328591288894,0.873101265822785,0.924050632911392,0,0,0,0,0,"moi_0.25_quality_0.9_genes_400_replicates_1",20250724,0.25,0.9,400,1,FALSE
"barcs-external-headtohead-v1","BARCS-partial",400,79,0.777909223549825,0.575476514647648,0.904454722492697,0.936708860759494,12,0.151898734177215,0,0.263736263736264,0.05,"moi_0.25_quality_0.9_genes_400_replicates_1",20250724,0.25,0.9,400,1,FALSE
"barcs-external-headtohead-v1","BARCS-EB",400,79,0.795733270239363,0.669020543194249,0.898855890944499,0.924050632911392,20,0.253164556962025,0,0.404040404040404,0,"moi_0.25_quality_0.9_genes_400_replicates_1",20250724,0.25,0.9,400,1,FALSE
"barcs-external-headtohead-v1","MAGeCK-MLE",400,79,0.791375842896013,0.55085440774182,0.921324245374878,0.974683544303797,1,0.0126582278481013,0,0.025,0,"moi_0.25_quality_0.9_genes_400_replicates_1",20250724,0.25,0.9,400,1,FALSE
"barcs-external-headtohead-v1","edgeR-QL",400,79,0.824322725659529,0.724048720110071,0.871226874391431,0.924050632911392,98,0.670886075949367,0.459183673469388,0.598870056497175,0.1,"moi_0.25_quality_0.9_genes_400_replicates_1",20250724,0.25,0.9,400,1,FALSE
"barcs-external-headtohead-v1","DESeq2",400,79,0.829370243306124,0.725733701393662,0.871835443037975,0.924050632911392,51,0.556962025316456,0.137254901960784,0.676923076923077,0.05,"moi_0.25_quality_0.9_genes_400_replicates_1",20250724,0.25,0.9,400,1,FALSE
"barcs-external-headtohead-v1","limma-voom",400,79,0.818407665917426,0.721578963846786,0.868841285296982,0.924050632911392,101,0.658227848101266,0.485148514851485,0.577777777777778,0.1,"moi_0.25_quality_0.9_genes_400_replicates_1",20250724,0.25,0.9,400,1,FALSE
"barcs-external-headtohead-v1","BARCS-original",400,60,0.829607843137255,0.606585499789511,0.794276187829953,0.933333333333333,0,0,0,0,0,"moi_0.25_quality_0.9_genes_400_replicates_1",20250725,0.25,0.9,400,1,FALSE
"barcs-external-headtohead-v1","BARCS-partial",400,60,0.778186274509804,0.49720252618902,0.802611836621284,0.983333333333333,9,0.133333333333333,0.111111111111111,0.231884057971014,0,"moi_0.25_quality_0.9_genes_400_replicates_1",20250725,0.25,0.9,400,1,FALSE
"barcs-external-headtohead-v1","BARCS-EB",400,60,0.833186274509804,0.586146756456325,0.805056960266741,0.983333333333333,4,0.0666666666666667,0,0.125,0,"moi_0.25_quality_0.9_genes_400_replicates_1",20250725,0.25,0.9,400,1,FALSE
"barcs-external-headtohead-v1","MAGeCK-MLE",400,60,0.808970588235294,0.510319613184524,0.841900527924424,0.983333333333333,0,0,0,0,0,"moi_0.25_quality_0.9_genes_400_replicates_1",20250725,0.25,0.9,400,1,FALSE
"barcs-external-headtohead-v1","edgeR-QL",400,60,0.848725490196078,0.69751190903584,0.797777160322312,0.933333333333333,121,0.766666666666667,0.619834710743802,0.50828729281768,0.25,"moi_0.25_quality_0.9_genes_400_replicates_1",20250725,0.25,0.9,400,1,FALSE
"barcs-external-headtohead-v1","DESeq2",400,60,0.843725490196078,0.700939593322609,0.792998055015282,0.933333333333333,37,0.516666666666667,0.162162162162162,0.639175257731959,0,"moi_0.25_quality_0.9_genes_400_replicates_1",20250725,0.25,0.9,400,1,FALSE
"barcs-external-headtohead-v1","limma-voom",400,60,0.861764705882353,0.698523793582627,0.801611558766324,0.933333333333333,111,0.8,0.567567567567568,0.56140350877193,0.2,"moi_0.25_quality_0.9_genes_400_replicates_1",20250725,0.25,0.9,400,1,FALSE
"barcs-external-headtohead-v1","BARCS-original",400,92,0.802018633540373,0.615717199074305,0.834116794846107,0.934782608695652,0,0,0,0,0.0555555555555556,"moi_0.25_quality_0.9_genes_400_replicates_1",20250726,0.25,0.9,400,1,FALSE
"barcs-external-headtohead-v1","BARCS-partial",400,92,0.765422077922078,0.559625566457202,0.843533745357027,0.956521739130435,9,0.0760869565217391,0.222222222222222,0.138613861386139,0.0555555555555556,"moi_0.25_quality_0.9_genes_400_replicates_1",20250726,0.25,0.9,400,1,FALSE
"barcs-external-headtohead-v1","BARCS-EB",400,92,0.80275974025974,0.627663390504307,0.846030547292819,0.956521739130435,3,0.0326086956521739,0,0.0631578947368421,0.0555555555555556,"moi_0.25_quality_0.9_genes_400_replicates_1",20250726,0.25,0.9,400,1,FALSE
"barcs-external-headtohead-v1","MAGeCK-MLE",400,92,0.796513269339356,0.568179114717537,0.867484549111477,0.956521739130435,1,0.0108695652173913,0,0.021505376344086,0,"moi_0.25_quality_0.9_genes_400_replicates_1",20250726,0.25,0.9,400,1,FALSE
"barcs-external-headtohead-v1","edgeR-QL",400,92,0.841685488424619,0.700805325784194,0.836721483285298,0.923913043478261,157,0.804347826086957,0.528662420382166,0.594377510040161,0.222222222222222,"moi_0.25_quality_0.9_genes_400_replicates_1",20250726,0.25,0.9,400,1,FALSE
"barcs-external-headtohead-v1","DESeq2",400,92,0.835721343873518,0.692104138602537,0.83456375321733,0.923913043478261,44,0.369565217391304,0.227272727272727,0.5,0.0555555555555556,"moi_0.25_quality_0.9_genes_400_replicates_1",20250726,0.25,0.9,400,1,FALSE
"barcs-external-headtohead-v1","limma-voom",400,92,0.840732636928289,0.714979720009813,0.839048749287178,0.923913043478261,139,0.739130434782609,0.503597122302158,0.597402597402597,0.222222222222222,"moi_0.25_quality_0.9_genes_400_replicates_1",20250726,0.25,0.9,400,1,FALSE
"barcs-external-headtohead-v1","BARCS-original",400,102,0.724832214765101,0.61459692037991,0.791756902703406,0.92156862745098,0,0,0,0,0,"moi_0.25_quality_0.9_genes_400_replicates_1",20250727,0.25,0.9,400,1,FALSE
"barcs-external-headtohead-v1","BARCS-partial",400,102,0.711837083826819,0.560087153135902,0.83219772576915,0.911764705882353,17,0.147058823529412,0.117647058823529,0.252100840336134,0,"moi_0.25_quality_0.9_genes_400_replicates_1",20250727,0.25,0.9,400,1,FALSE
"barcs-external-headtohead-v1","BARCS-EB",400,102,0.732596394262403,0.61620888368634,0.838338488331986,0.901960784313726,8,0.0784313725490196,0,0.145454545454545,0,"moi_0.25_quality_0.9_genes_400_replicates_1",20250727,0.25,0.9,400,1,FALSE
"barcs-external-headtohead-v1","MAGeCK-MLE",400,102,0.714271614686143,0.535100667584134,0.852768714906899,0.911764705882353,0,0,0,0,0.05,"moi_0.25_quality_0.9_genes_400_replicates_1",20250727,0.25,0.9,400,1,FALSE
"barcs-external-headtohead-v1","edgeR-QL",400,102,0.745591525200684,0.645614333466751,0.786373840125303,0.892156862745098,135,0.607843137254902,0.533333333333333,0.531645569620253,0.35,"moi_0.25_quality_0.9_genes_400_replicates_1",20250727,0.25,0.9,400,1,FALSE
"barcs-external-headtohead-v1","DESeq2",400,102,0.741150151335702,0.640611320471744,0.78538996104065,0.911764705882353,30,0.264705882352941,0.1,0.409090909090909,0,"moi_0.25_quality_0.9_genes_400_replicates_1",20250727,0.25,0.9,400,1,FALSE
"barcs-external-headtohead-v1","limma-voom",400,102,0.746907487827346,0.642872474570454,0.782901990941527,0.892156862745098,121,0.57843137254902,0.504132231404959,0.538116591928251,0.35,"moi_0.25_quality_0.9_genes_400_replicates_1",20250727,0.25,0.9,400,1,FALSE
"barcs-external-headtohead-v1","BARCS-original",400,90,0.784121863799283,0.644132392753195,0.878503518952957,0.933333333333333,0,0,0,0,0,"moi_0.25_quality_0.9_genes_400_replicates_1",20250728,0.25,0.9,400,1,FALSE
"barcs-external-headtohead-v1","BARCS-partial",400,90,0.783799283154122,0.617424993370622,0.870683623492612,0.944444444444444,12,0.133333333333333,0,0.235294117647059,0.0434782608695652,"moi_0.25_quality_0.9_genes_400_replicates_1",20250728,0.25,0.9,400,1,FALSE
"barcs-external-headtohead-v1","BARCS-EB",400,90,0.793799283154122,0.66326554382764,0.875227394328518,0.944444444444444,14,0.155555555555556,0,0.269230769230769,0,"moi_0.25_quality_0.9_genes_400_replicates_1",20250728,0.25,0.9,400,1,FALSE
"barcs-external-headtohead-v1","MAGeCK-MLE",400,90,0.788888888888889,0.575758131382774,0.883047289788863,0.955555555555556,4,0.0444444444444444,0,0.0851063829787234,0.0434782608695652,"moi_0.25_quality_0.9_genes_400_replicates_1",20250728,0.25,0.9,400,1,FALSE
"barcs-external-headtohead-v1","edgeR-QL",400,90,0.816451612903226,0.711256464328193,0.870831789932914,0.933333333333333,121,0.688888888888889,0.487603305785124,0.587677725118483,0.217391304347826,"moi_0.25_quality_0.9_genes_400_replicates_1",20250728,0.25,0.9,400,1,FALSE
"barcs-external-headtohead-v1","DESeq2",400,90,0.818817204301075,0.710349126904239,0.869547680783636,0.933333333333333,38,0.388888888888889,0.0789473684210526,0.546875,0.0434782608695652,"moi_0.25_quality_0.9_genes_400_replicates_1",20250728,0.25,0.9,400,1,FALSE
"barcs-external-headtohead-v1","limma-voom",400,90,0.812186379928315,0.711161521617096,0.869399514343335,0.933333333333333,110,0.644444444444444,0.472727272727273,0.58,0.173913043478261,"moi_0.25_quality_0.9_genes_400_replicates_1",20250728,0.25,0.9,400,1,FALSE
"barcs-external-headtohead-v1","BARCS-original",400,79,0.932016246697425,0.8684135468367,0.934493670886076,0.987341772151899,58,0.683544303797468,0.0689655172413793,0.788321167883212,0,"moi_0.25_quality_0.9_genes_400_replicates_3",20250724,0.25,0.9,400,3,FALSE
"barcs-external-headtohead-v1","BARCS-partial",400,79,0.921171970503569,0.838224116279314,0.93047711781889,0.987341772151899,49,0.556962025316456,0.102040816326531,0.6875,0,"moi_0.25_quality_0.9_genes_400_replicates_3",20250724,0.25,0.9,400,3,FALSE
"barcs-external-headtohead-v1","BARCS-EB",400,79,0.933909065814898,0.87425665147833,0.929990262901655,0.987341772151899,44,0.556962025316456,0,0.715447154471545,0,"moi_0.25_quality_0.9_genes_400_replicates_3",20250724,0.25,0.9,400,3,FALSE
"barcs-external-headtohead-v1","MAGeCK-MLE",400,79,0.930123427579952,0.864586081230961,0.937122687439143,0.987341772151899,44,0.531645569620253,0.0454545454545455,0.682926829268293,0,"moi_0.25_quality_0.9_genes_400_replicates_3",20250724,0.25,0.9,400,3,FALSE
"barcs-external-headtohead-v1","edgeR-QL",400,79,0.934145668204582,0.878984603028868,0.933714703018501,0.987341772151899,89,0.822784810126582,0.269662921348315,0.773809523809524,0.15,"moi_0.25_quality_0.9_genes_400_replicates_3",20250724,0.25,0.9,400,3,FALSE
"barcs-external-headtohead-v1","DESeq2",400,79,0.934303403131038,0.876176109789566,0.934785783836417,0.987341772151899,82,0.772151898734177,0.25609756097561,0.75776397515528,0.1,"moi_0.25_quality_0.9_genes_400_replicates_3",20250724,0.25,0.9,400,3,FALSE
"barcs-external-headtohead-v1","limma-voom",400,79,0.936432824638196,0.879546146997169,0.934298928919182,0.987341772151899,88,0.822784810126582,0.261363636363636,0.778443113772455,0.1,"moi_0.25_quality_0.9_genes_400_replicates_3",20250724,0.25,0.9,400,3,FALSE
"barcs-external-headtohead-v1","BARCS-original",400,60,0.929705882352941,0.853402035158294,0.89369269241456,0.983333333333333,49,0.7,0.142857142857143,0.770642201834862,0.1,"moi_0.25_quality_0.9_genes_400_replicates_3",20250725,0.25,0.9,400,3,FALSE
"barcs-external-headtohead-v1","BARCS-partial",400,60,0.900980392156863,0.727506593483037,0.903806612948041,0.966666666666667,26,0.383333333333333,0.115384615384615,0.534883720930233,0,"moi_0.25_quality_0.9_genes_400_replicates_3",20250725,0.25,0.9,400,3,FALSE
"barcs-external-headtohead-v1","BARCS-EB",400,60,0.93156862745098,0.848917556010806,0.906418449569325,0.966666666666667,33,0.533333333333333,0.0303030303030303,0.688172043010753,0,"moi_0.25_quality_0.9_genes_400_replicates_3",20250725,0.25,0.9,400,3,FALSE
"barcs-external-headtohead-v1","MAGeCK-MLE",400,60,0.952254901960784,0.874472058658952,0.907474298416227,0.983333333333333,36,0.583333333333333,0.0277777777777778,0.729166666666667,0.05,"moi_0.25_quality_0.9_genes_400_replicates_3",20250725,0.25,0.9,400,3,FALSE
"barcs-external-headtohead-v1","edgeR-QL",400,60,0.945637254901961,0.882632339325867,0.891636565712698,0.983333333333333,77,0.85,0.337662337662338,0.744525547445255,0.05,"moi_0.25_quality_0.9_genes_400_replicates_3",20250725,0.25,0.9,400,3,FALSE
"barcs-external-headtohead-v1","DESeq2",400,60,0.943872549019608,0.882780180972426,0.876910252848013,0.966666666666667,70,0.816666666666667,0.3,0.753846153846154,0.15,"moi_0.25_quality_0.9_genes_400_replicates_3",20250725,0.25,0.9,400,3,FALSE
"barcs-external-headtohead-v1","limma-voom",400,60,0.940294117647059,0.880622549423638,0.902584051125313,1,76,0.833333333333333,0.342105263157895,0.735294117647059,0.05,"moi_0.25_quality_0.9_genes_400_replicates_3",20250725,0.25,0.9,400,3,FALSE
"barcs-external-headtohead-v1","BARCS-original",400,92,0.946499153020892,0.892068450065898,0.891034631567591,0.978260869565217,51,0.554347826086957,0,0.713286713286713,0.111111111111111,"moi_0.25_quality_0.9_genes_400_replicates_3",20250726,0.25,0.9,400,3,FALSE
"barcs-external-headtohead-v1","BARCS-partial",400,92,0.897586109542631,0.80256657441794,0.902886734583789,1,28,0.282608695652174,0.0714285714285714,0.433333333333333,0.0555555555555556,"moi_0.25_quality_0.9_genes_400_replicates_3",20250726,0.25,0.9,400,3,FALSE
"barcs-external-headtohead-v1","BARCS-EB",400,92,0.926030491247883,0.873126161240247,0.902578487431222,1,29,0.315217391304348,0,0.479338842975207,0,"moi_0.25_quality_0.9_genes_400_replicates_3",20250726,0.25,0.9,400,3,FALSE
"barcs-external-headtohead-v1","MAGeCK-MLE",400,92,0.950451722190853,0.898749053536668,0.911193995345468,1,55,0.565217391304348,0.0545454545454545,0.707482993197279,0.0555555555555556,"moi_0.25_quality_0.9_genes_400_replicates_3",20250726,0.25,0.9,400,3,FALSE
"barcs-external-headtohead-v1","edgeR-QL",400,92,0.954721908526256,0.919228887124513,0.890710972057395,0.978260869565217,108,0.869565217391304,0.259259259259259,0.8,0.111111111111111,"moi_0.25_quality_0.9_genes_400_replicates_3",20250726,0.25,0.9,400,3,FALSE
"barcs-external-headtohead-v1","DESeq2",400,92,0.954933653303219,0.916864570556329,0.887351078094416,0.989130434782609,105,0.847826086956522,0.257142857142857,0.791878172588833,0.111111111111111,"moi_0.25_quality_0.9_genes_400_replicates_3",20250726,0.25,0.9,400,3,FALSE
"barcs-external-headtohead-v1","limma-voom",400,92,0.954792490118577,0.920007463349173,0.895858699505263,0.978260869565217,103,0.858695652173913,0.233009708737864,0.81025641025641,0.111111111111111,"moi_0.25_quality_0.9_genes_400_replicates_3",20250726,0.25,0.9,400,3,FALSE
"barcs-external-headtohead-v1","BARCS-original",400,102,0.921996315304645,0.891927543664106,0.922431877682343,0.96078431372549,78,0.725490196078431,0.0512820512820513,0.822222222222222,0,"moi_0.25_quality_0.9_genes_400_replicates_3",20250727,0.25,0.9,400,3,FALSE
"barcs-external-headtohead-v1","BARCS-partial",400,102,0.885313857086459,0.835756139227436,0.937325771412093,0.970588235294118,51,0.470588235294118,0.0588235294117647,0.627450980392157,0,"moi_0.25_quality_0.9_genes_400_replicates_3",20250727,0.25,0.9,400,3,FALSE
"barcs-external-headtohead-v1","BARCS-EB",400,102,0.909297275957363,0.878034170937127,0.936160949047503,0.980392156862745,43,0.411764705882353,0.0232558139534884,0.579310344827586,0,"moi_0.25_quality_0.9_genes_400_replicates_3",20250727,0.25,0.9,400,3,FALSE
"barcs-external-headtohead-v1","MAGeCK-MLE",400,102,0.931208053691275,0.896509847973001,0.938309650496746,0.980392156862745,60,0.558823529411765,0.05,0.703703703703704,0,"moi_0.25_quality_0.9_genes_400_replicates_3",20250727,0.25,0.9,400,3,FALSE
"barcs-external-headtohead-v1","edgeR-QL",400,102,0.93657060139492,0.909342767620906,0.920384956828064,0.96078431372549,106,0.813725490196078,0.207547169811321,0.807692307692308,0.15,"moi_0.25_quality_0.9_genes_400_replicates_3",20250727,0.25,0.9,400,3,FALSE
"barcs-external-headtohead-v1","DESeq2",400,102,0.927325963942624,0.902708399923794,0.916189334524543,0.950980392156863,102,0.823529411764706,0.176470588235294,0.823529411764706,0.15,"moi_0.25_quality_0.9_genes_400_replicates_3",20250727,0.25,0.9,400,3,FALSE
"barcs-external-headtohead-v1","limma-voom",400,102,0.937261481773918,0.912087043064068,0.919333224013435,0.96078431372549,106,0.823529411764706,0.19811320754717,0.817307692307692,0.15,"moi_0.25_quality_0.9_genes_400_replicates_3",20250727,0.25,0.9,400,3,FALSE
"barcs-external-headtohead-v1","BARCS-original",400,90,0.939498207885305,0.910770352122526,0.892167757336297,0.955555555555556,84,0.811111111111111,0.130952380952381,0.839080459770115,0,"moi_0.25_quality_0.9_genes_400_replicates_3",20250728,0.25,0.9,400,3,FALSE
"barcs-external-headtohead-v1","BARCS-partial",400,90,0.913010752688172,0.84739804046232,0.906704531423633,0.966666666666667,48,0.488888888888889,0.0833333333333333,0.63768115942029,0,"moi_0.25_quality_0.9_genes_400_replicates_3",20250728,0.25,0.9,400,3,FALSE
"barcs-external-headtohead-v1","BARCS-EB",400,90,0.936415770609319,0.899371098156125,0.907363048936083,0.966666666666667,50,0.544444444444444,0.02,0.7,0,"moi_0.25_quality_0.9_genes_400_replicates_3",20250728,0.25,0.9,400,3,FALSE
"barcs-external-headtohead-v1","MAGeCK-MLE",400,90,0.952939068100358,0.909184229463373,0.906474050294275,0.988888888888889,51,0.555555555555556,0.0196078431372549,0.709219858156028,0,"moi_0.25_quality_0.9_genes_400_replicates_3",20250728,0.25,0.9,400,3,FALSE
"barcs-external-headtohead-v1","edgeR-QL",400,90,0.951541218637993,0.922697222827794,0.890998888751698,0.955555555555556,90,0.844444444444444,0.155555555555556,0.844444444444444,0,"moi_0.25_quality_0.9_genes_400_replicates_3",20250728,0.25,0.9,400,3,FALSE
"barcs-external-headtohead-v1","DESeq2",400,90,0.94989247311828,0.922200684756889,0.885236860517759,0.955555555555556,90,0.844444444444444,0.155555555555556,0.844444444444444,0,"moi_0.25_quality_0.9_genes_400_replicates_3",20250728,0.25,0.9,400,3,FALSE
"barcs-external-headtohead-v1","limma-voom",400,90,0.953297491039427,0.924693221929176,0.892052516771618,0.966666666666667,90,0.844444444444444,0.155555555555556,0.844444444444444,0.0434782608695652,"moi_0.25_quality_0.9_genes_400_replicates_3",20250728,0.25,0.9,400,3,FALSE
"barcs-external-headtohead-v1","BARCS-original",100,16,0.955357142857143,0.905982905982906,0.897058823529412,1,15,0.8125,0.133333333333333,0.838709677419355,0.285714285714286,"moi_0.25_quality_0.9_genes_100_replicates_4",20250724,0.25,0.9,100,4,FALSE
"barcs-external-headtohead-v1","BARCS-partial",100,16,0.952380952380952,0.872197730448844,0.894117647058823,1,6,0.375,0,0.545454545454545,0,"moi_0.25_quality_0.9_genes_100_replicates_4",20250724,0.25,0.9,100,4,FALSE
"barcs-external-headtohead-v1","BARCS-EB",100,16,0.962053571428571,0.911357106945342,0.894117647058823,1,7,0.4375,0,0.608695652173913,0,"moi_0.25_quality_0.9_genes_100_replicates_4",20250724,0.25,0.9,100,4,FALSE
"barcs-external-headtohead-v1","MAGeCK-MLE",100,16,0.952380952380952,0.90693108974359,0.888235294117647,1,14,0.75,0.142857142857143,0.8,0.142857142857143,"moi_0.25_quality_0.9_genes_100_replicates_4",20250724,0.25,0.9,100,4,FALSE
"barcs-external-headtohead-v1","edgeR-QL",100,16,0.963541666666667,0.910547969187675,0.894117647058823,1,22,0.875,0.363636363636364,0.736842105263158,0.428571428571429,"moi_0.25_quality_0.9_genes_100_replicates_4",20250724,0.25,0.9,100,4,FALSE
"barcs-external-headtohead-v1","DESeq2",100,16,0.951636904761905,0.899916056166056,0.9,1,23,0.875,0.391304347826087,0.717948717948718,0.428571428571429,"moi_0.25_quality_0.9_genes_100_replicates_4",20250724,0.25,0.9,100,4,FALSE
"barcs-external-headtohead-v1","limma-voom",100,16,0.96577380952381,0.919740188953488,0.897058823529412,1,22,0.875,0.363636363636364,0.736842105263158,0.285714285714286,"moi_0.25_quality_0.9_genes_100_replicates_4",20250724,0.25,0.9,100,4,FALSE
"barcs-external-headtohead-v1","BARCS-original",100,17,0.930545712260808,0.868124123426253,0.958333333333333,0.941176470588235,20,0.823529411764706,0.3,0.756756756756757,0,"moi_0.25_quality_0.9_genes_100_replicates_4",20250725,0.25,0.9,100,4,FALSE
"barcs-external-headtohead-v1","BARCS-partial",100,17,0.88731396172927,0.79261948518798,0.936274509803922,0.941176470588235,15,0.705882352941177,0.2,0.75,0,"moi_0.25_quality_0.9_genes_100_replicates_4",20250725,0.25,0.9,100,4,FALSE
"barcs-external-headtohead-v1","BARCS-EB",100,17,0.917788802267895,0.847971062429326,0.936274509803922,0.941176470588235,16,0.764705882352941,0.1875,0.787878787878788,0.142857142857143,"moi_0.25_quality_0.9_genes_100_replicates_4",20250725,0.25,0.9,100,4,FALSE
"barcs-external-headtohead-v1","MAGeCK-MLE",100,17,0.906449326718639,0.803222570081205,0.958333333333333,0.941176470588235,15,0.647058823529412,0.266666666666667,0.6875,0,"moi_0.25_quality_0.9_genes_100_replicates_4",20250725,0.25,0.9,100,4,FALSE
"barcs-external-headtohead-v1","edgeR-QL",100,17,0.924167257264352,0.880876155781164,0.958333333333333,0.941176470588235,23,0.88235294117647,0.347826086956522,0.75,0.142857142857143,"moi_0.25_quality_0.9_genes_100_replicates_4",20250725,0.25,0.9,100,4,FALSE
"barcs-external-headtohead-v1","DESeq2",100,17,0.927002126151665,0.885186811042825,0.96078431372549,0.941176470588235,24,0.88235294117647,0.375,0.731707317073171,0,"moi_0.25_quality_0.9_genes_100_replicates_4",20250725,0.25,0.9,100,4,FALSE
"barcs-external-headtohead-v1","limma-voom",100,17,0.922041105598866,0.877370513133648,0.948529411764706,0.941176470588235,23,0.88235294117647,0.347826086956522,0.75,0.142857142857143,"moi_0.25_quality_0.9_genes_100_replicates_4",20250725,0.25,0.9,100,4,FALSE
"barcs-external-headtohead-v1","BARCS-original",100,19,0.916179337231969,0.851530644184055,0.894736842105263,1,14,0.631578947368421,0.142857142857143,0.727272727272727,0,"moi_0.25_quality_0.9_genes_100_replicates_4",20250726,0.25,0.9,100,4,FALSE
"barcs-external-headtohead-v1","BARCS-partial",100,19,0.902534113060429,0.835765342519974,0.907017543859649,1,7,0.368421052631579,0,0.538461538461538,0,"moi_0.25_quality_0.9_genes_100_replicates_4",20250726,0.25,0.9,100,4,FALSE
"barcs-external-headtohead-v1","BARCS-EB",100,19,0.920077972709552,0.882492221737073,0.914035087719298,1,10,0.526315789473684,0,0.689655172413793,0,"moi_0.25_quality_0.9_genes_100_replicates_4",20250726,0.25,0.9,100,4,FALSE
"barcs-external-headtohead-v1","MAGeCK-MLE",100,19,0.890188434048083,0.783338463508742,0.912280701754386,1,15,0.631578947368421,0.2,0.705882352941177,0,"moi_0.25_quality_0.9_genes_100_replicates_4",20250726,0.25,0.9,100,4,FALSE
"barcs-external-headtohead-v1","edgeR-QL",100,19,0.919428200129955,0.856011468435248,0.88421052631579,1,22,0.789473684210526,0.318181818181818,0.731707317073171,0,"moi_0.25_quality_0.9_genes_100_replicates_4",20250726,0.25,0.9,100,4,FALSE
"barcs-external-headtohead-v1","DESeq2",100,19,0.928525016244314,0.856789207324069,0.866666666666667,1,22,0.789473684210526,0.318181818181818,0.731707317073171,0,"moi_0.25_quality_0.9_genes_100_replicates_4",20250726,0.25,0.9,100,4,FALSE
"barcs-external-headtohead-v1","limma-voom",100,19,0.91358024691358,0.847216313030184,0.880701754385965,1,21,0.789473684210526,0.285714285714286,0.75,0,"moi_0.25_quality_0.9_genes_100_replicates_4",20250726,0.25,0.9,100,4,FALSE
"barcs-external-headtohead-v1","BARCS-original",100,30,0.916190476190476,0.875156535428746,0.967964404894327,0.966666666666667,25,0.733333333333333,0.12,0.8,0,"moi_0.25_quality_0.9_genes_100_replicates_4",20250727,0.25,0.9,100,4,FALSE
"barcs-external-headtohead-v1","BARCS-partial",100,30,0.889047619047619,0.83619759723734,0.959510567296997,0.966666666666667,9,0.3,0,0.461538461538462,0,"moi_0.25_quality_0.9_genes_100_replicates_4",20250727,0.25,0.9,100,4,FALSE
"barcs-external-headtohead-v1","BARCS-EB",100,30,0.914761904761905,0.879183865833497,0.959955506117909,0.966666666666667,11,0.366666666666667,0,0.536585365853658,0,"moi_0.25_quality_0.9_genes_100_replicates_4",20250727,0.25,0.9,100,4,FALSE
"barcs-external-headtohead-v1","MAGeCK-MLE",100,30,0.921428571428571,0.899994189652426,0.964849833147942,0.966666666666667,24,0.7,0.125,0.777777777777778,0.25,"moi_0.25_quality_0.9_genes_100_replicates_4",20250727,0.25,0.9,100,4,FALSE
"barcs-external-headtohead-v1","edgeR-QL",100,30,0.923809523809524,0.884488442984746,0.963515016685206,0.966666666666667,31,0.766666666666667,0.258064516129032,0.754098360655738,0.25,"moi_0.25_quality_0.9_genes_100_replicates_4",20250727,0.25,0.9,100,4,FALSE
"barcs-external-headtohead-v1","DESeq2",100,30,0.921904761904762,0.887147848891992,0.963959955506118,0.966666666666667,31,0.833333333333333,0.193548387096774,0.819672131147541,0.25,"moi_0.25_quality_0.9_genes_100_replicates_4",20250727,0.25,0.9,100,4,FALSE
"barcs-external-headtohead-v1","limma-voom",100,30,0.921904761904762,0.8877092179484,0.961290322580645,0.966666666666667,30,0.766666666666667,0.233333333333333,0.766666666666667,0.25,"moi_0.25_quality_0.9_genes_100_replicates_4",20250727,0.25,0.9,100,4,FALSE
"barcs-external-headtohead-v1","BARCS-original",100,23,0.953698475437606,0.903896975956741,0.922924901185771,1,24,0.826086956521739,0.208333333333333,0.808510638297872,0,"moi_0.25_quality_0.9_genes_100_replicates_4",20250728,0.25,0.9,100,4,FALSE
"barcs-external-headtohead-v1","BARCS-partial",100,23,0.945228684359119,0.868586136398211,0.897233201581028,1,9,0.391304347826087,0,0.5625,0,"moi_0.25_quality_0.9_genes_100_replicates_4",20250728,0.25,0.9,100,4,FALSE
"barcs-external-headtohead-v1","BARCS-EB",100,23,0.93845285149633,0.889215403803465,0.904150197628459,1,15,0.652173913043478,0,0.789473684210526,0,"moi_0.25_quality_0.9_genes_100_replicates_4",20250728,0.25,0.9,100,4,FALSE
"barcs-external-headtohead-v1","MAGeCK-MLE",100,23,0.939017504234895,0.902377424316315,0.905138339920948,1,16,0.695652173913043,0,0.82051282051282,0,"moi_0.25_quality_0.9_genes_100_replicates_4",20250728,0.25,0.9,100,4,FALSE
"barcs-external-headtohead-v1","edgeR-QL",100,23,0.944664031620553,0.910113449895561,0.922924901185771,1,26,0.826086956521739,0.269230769230769,0.775510204081633,0,"moi_0.25_quality_0.9_genes_100_replicates_4",20250728,0.25,0.9,100,4,FALSE
"barcs-external-headtohead-v1","DESeq2",100,23,0.950875211744777,0.918737142592978,0.939723320158103,1,24,0.826086956521739,0.208333333333333,0.808510638297872,0,"moi_0.25_quality_0.9_genes_100_replicates_4",20250728,0.25,0.9,100,4,FALSE
"barcs-external-headtohead-v1","limma-voom",100,23,0.950310559006211,0.913538107844206,0.91699604743083,1,27,0.826086956521739,0.296296296296296,0.76,0,"moi_0.25_quality_0.9_genes_100_replicates_4",20250728,0.25,0.9,100,4,FALSE
"barcs-external-headtohead-v1","BARCS-original",400,64,0.849516369047619,0.733082830636979,0.911900729011301,0.9375,18,0.28125,0,0.439024390243902,0.05,"moi_0.25_quality_0.6_genes_400_replicates_4",20250724,0.25,0.6,400,4,FALSE
"barcs-external-headtohead-v1","BARCS-partial",400,64,0.779482886904762,0.578255142247202,0.901460690537057,0.953125,11,0.171875,0,0.293333333333333,0.05,"moi_0.25_quality_0.6_genes_400_replicates_4",20250724,0.25,0.6,400,4,FALSE
"barcs-external-headtohead-v1","BARCS-EB",400,64,0.821614583333333,0.690831123134627,0.902193324815951,0.9375,14,0.21875,0,0.358974358974359,0.05,"moi_0.25_quality_0.6_genes_400_replicates_4",20250724,0.25,0.6,400,4,FALSE
"barcs-external-headtohead-v1","MAGeCK-MLE",400,64,0.862072172619048,0.742551030149997,0.913182838999366,0.96875,26,0.375,0.0769230769230769,0.533333333333333,0.05,"moi_0.25_quality_0.6_genes_400_replicates_4",20250724,0.25,0.6,400,4,FALSE
"barcs-external-headtohead-v1","edgeR-QL",400,64,0.863188244047619,0.751880980949399,0.911946518653732,0.953125,52,0.609375,0.25,0.672413793103448,0.15,"moi_0.25_quality_0.6_genes_400_replicates_4",20250724,0.25,0.6,400,4,FALSE
"barcs-external-headtohead-v1","DESeq2",400,64,0.864908854166667,0.758763315220547,0.909519667604894,0.953125,58,0.640625,0.293103448275862,0.672131147540984,0.15,"moi_0.25_quality_0.6_genes_400_replicates_4",20250724,0.25,0.6,400,4,FALSE
"barcs-external-headtohead-v1","limma-voom",400,64,0.868071056547619,0.756949243525539,0.912724942575057,0.9375,47,0.578125,0.212765957446809,0.666666666666667,0.15,"moi_0.25_quality_0.6_genes_400_replicates_4",20250724,0.25,0.6,400,4,FALSE
"barcs-external-headtohead-v1","BARCS-original",400,68,0.771881644223955,0.577464532696863,0.906581923371466,0.941176470588235,31,0.338235294117647,0.258064516129032,0.464646464646465,0.0625,"moi_0.25_quality_0.6_genes_400_replicates_4",20250725,0.25,0.6,400,4,FALSE
"barcs-external-headtohead-v1","BARCS-partial",400,68,0.704819277108434,0.4490655348563,0.923969576420823,0.941176470588235,9,0.117647058823529,0.111111111111111,0.207792207792208,0.0625,"moi_0.25_quality_0.6_genes_400_replicates_4",20250725,0.25,0.6,400,4,FALSE
"barcs-external-headtohead-v1","BARCS-EB",400,68,0.739812189936215,0.528278448746445,0.926737095292565,0.941176470588235,15,0.191176470588235,0.133333333333333,0.313253012048193,0,"moi_0.25_quality_0.6_genes_400_replicates_4",20250725,0.25,0.6,400,4,FALSE
"barcs-external-headtohead-v1","MAGeCK-MLE",400,68,0.801913536498937,0.629048948038456,0.928512124637889,0.941176470588235,25,0.294117647058824,0.2,0.43010752688172,0.0625,"moi_0.25_quality_0.6_genes_400_replicates_4",20250725,0.25,0.6,400,4,FALSE
"barcs-external-headtohead-v1","edgeR-QL",400,68,0.798281360737066,0.635509532414664,0.904749635015003,0.941176470588235,63,0.514705882352941,0.444444444444444,0.534351145038168,0.125,"moi_0.25_quality_0.6_genes_400_replicates_4",20250725,0.25,0.6,400,4,FALSE
"barcs-external-headtohead-v1","DESeq2",400,68,0.794161941885188,0.630911300705559,0.894672049054453,0.941176470588235,65,0.544117647058823,0.430769230769231,0.556390977443609,0.125,"moi_0.25_quality_0.6_genes_400_replicates_4",20250725,0.25,0.6,400,4,FALSE
"barcs-external-headtohead-v1","limma-voom",400,68,0.808026222537208,0.635077518164725,0.904616030655677,0.926470588235294,56,0.485294117647059,0.410714285714286,0.532258064516129,0.125,"moi_0.25_quality_0.6_genes_400_replicates_4",20250725,0.25,0.6,400,4,FALSE
"barcs-external-headtohead-v1","BARCS-original",400,78,0.818721133938525,0.675745922364865,0.859983289966303,0.884615384615385,26,0.307692307692308,0.0769230769230769,0.461538461538462,0.166666666666667,"moi_0.25_quality_0.6_genes_400_replicates_4",20250726,0.25,0.6,400,4,FALSE
"barcs-external-headtohead-v1","BARCS-partial",400,78,0.759436215957955,0.518917867766885,0.909414453686535,0.923076923076923,10,0.115384615384615,0.1,0.204545454545455,0,"moi_0.25_quality_0.6_genes_400_replicates_4",20250726,0.25,0.6,400,4,FALSE
"barcs-external-headtohead-v1","BARCS-EB",400,78,0.807174709348622,0.640443243270201,0.909768798946179,0.923076923076923,12,0.153846153846154,0,0.266666666666667,0,"moi_0.25_quality_0.6_genes_400_replicates_4",20250726,0.25,0.6,400,4,FALSE
"barcs-external-headtohead-v1","MAGeCK-MLE",400,78,0.847189042841217,0.699320769757424,0.912603561023325,0.948717948717949,21,0.230769230769231,0.142857142857143,0.363636363636364,0.0555555555555556,"moi_0.25_quality_0.6_genes_400_replicates_4",20250726,0.25,0.6,400,4,FALSE
"barcs-external-headtohead-v1","edgeR-QL",400,78,0.856505813027552,0.736812813237157,0.85983142771217,0.897435897435897,78,0.628205128205128,0.358974358974359,0.641025641025641,0.222222222222222,"moi_0.25_quality_0.6_genes_400_replicates_4",20250726,0.25,0.6,400,4,FALSE
"barcs-external-headtohead-v1","DESeq2",400,78,0.851608536391145,0.735636642114503,0.86215998227554,0.91025641025641,75,0.615384615384615,0.346666666666667,0.640522875816993,0.222222222222222,"moi_0.25_quality_0.6_genes_400_replicates_4",20250726,0.25,0.6,400,4,FALSE
"barcs-external-headtohead-v1","limma-voom",400,78,0.853280777193821,0.740626767855925,0.855883009104717,0.897435897435897,64,0.602564102564103,0.25,0.676056338028169,0.222222222222222,"moi_0.25_quality_0.6_genes_400_replicates_4",20250726,0.25,0.6,400,4,FALSE
"barcs-external-headtohead-v1","BARCS-original",400,78,0.8762143653448,0.742647000374492,0.890964009573098,0.897435897435897,18,0.230769230769231,0,0.375,0.0357142857142857,"moi_0.25_quality_0.6_genes_400_replicates_4",20250727,0.25,0.6,400,4,FALSE
"barcs-external-headtohead-v1","BARCS-partial",400,78,0.793239369326326,0.525442518503001,0.904989955079925,0.974358974358974,6,0.0641025641025641,0.166666666666667,0.119047619047619,0.0357142857142857,"moi_0.25_quality_0.6_genes_400_replicates_4",20250727,0.25,0.6,400,4,FALSE
"barcs-external-headtohead-v1","BARCS-EB",400,78,0.843924191750279,0.659273405343027,0.902141726073575,0.974358974358974,4,0.0512820512820513,0,0.0975609756097561,0,"moi_0.25_quality_0.6_genes_400_replicates_4",20250727,0.25,0.6,400,4,FALSE
"barcs-external-headtohead-v1","MAGeCK-MLE",400,78,0.879399585921325,0.712016363327475,0.903205064902612,0.987179487179487,27,0.333333333333333,0.037037037037037,0.495238095238095,0.0714285714285714,"moi_0.25_quality_0.6_genes_400_replicates_4",20250727,0.25,0.6,400,4,FALSE
"barcs-external-headtohead-v1","edgeR-QL",400,78,0.889910813823857,0.775345861248722,0.891888101650714,0.884615384615385,66,0.615384615384615,0.272727272727273,0.666666666666667,0.107142857142857,"moi_0.25_quality_0.6_genes_400_replicates_4",20250727,0.25,0.6,400,4,FALSE
"barcs-external-headtohead-v1","DESeq2",400,78,0.891742315655359,0.782181749236341,0.89441986076747,0.923076923076923,65,0.615384615384615,0.261538461538462,0.671328671328671,0.107142857142857,"moi_0.25_quality_0.6_genes_400_replicates_4",20250727,0.25,0.6,400,4,FALSE
"barcs-external-headtohead-v1","limma-voom",400,78,0.88871635610766,0.770653562214189,0.898812462835041,0.91025641025641,57,0.576923076923077,0.210526315789474,0.666666666666667,0.107142857142857,"moi_0.25_quality_0.6_genes_400_replicates_4",20250727,0.25,0.6,400,4,FALSE
"barcs-external-headtohead-v1","BARCS-original",400,95,0.865435720448663,0.78194205852034,0.940232748326357,0.894736842105263,52,0.494736842105263,0.0961538461538462,0.639455782312925,0.04,"moi_0.25_quality_0.6_genes_400_replicates_4",20250728,0.25,0.6,400,4,FALSE
"barcs-external-headtohead-v1","BARCS-partial",400,95,0.814978429680759,0.646040325113797,0.942871649387367,0.936842105263158,10,0.105263157894737,0,0.19047619047619,0,"moi_0.25_quality_0.6_genes_400_replicates_4",20250728,0.25,0.6,400,4,FALSE
"barcs-external-headtohead-v1","BARCS-EB",400,95,0.848283002588438,0.741391891614614,0.944782577741891,0.936842105263158,9,0.0947368421052632,0,0.173076923076923,0,"moi_0.25_quality_0.6_genes_400_replicates_4",20250728,0.25,0.6,400,4,FALSE
"barcs-external-headtohead-v1","MAGeCK-MLE",400,95,0.87565142364107,0.801648287472616,0.940932722082593,0.936842105263158,39,0.410526315789474,0,0.582089552238806,0,"moi_0.25_quality_0.6_genes_400_replicates_4",20250728,0.25,0.6,400,4,FALSE
"barcs-external-headtohead-v1","edgeR-QL",400,95,0.874754098360656,0.795956891333573,0.942661657260496,0.91578947368421,70,0.589473684210526,0.2,0.678787878787879,0.12,"moi_0.25_quality_0.6_genes_400_replicates_4",20250728,0.25,0.6,400,4,FALSE
"barcs-external-headtohead-v1","DESeq2",400,95,0.875478861087144,0.798998642573006,0.941289708698273,0.926315789473684,72,0.621052631578947,0.180555555555556,0.706586826347305,0.08,"moi_0.25_quality_0.6_genes_400_replicates_4",20250728,0.25,0.6,400,4,FALSE
"barcs-external-headtohead-v1","limma-voom",400,95,0.870854184641933,0.794055255109616,0.936613884006617,0.905263157894737,66,0.568421052631579,0.181818181818182,0.670807453416149,0.12,"moi_0.25_quality_0.6_genes_400_replicates_4",20250728,0.25,0.6,400,4,FALSE
"barcs-external-headtohead-v1","BARCS-original",400,82,0.879736155852125,0.827496752320544,0.862017174388611,0.914634146341463,66,0.695121951219512,0.136363636363636,0.77027027027027,0.153846153846154,"moi_0.25_quality_0.75_genes_400_replicates_4",20250724,0.25,0.75,400,4,FALSE
"barcs-external-headtohead-v1","BARCS-partial",400,82,0.844339622641509,0.719813474802588,0.885155799349158,0.951219512195122,12,0.146341463414634,0,0.25531914893617,0.0384615384615385,"moi_0.25_quality_0.75_genes_400_replicates_4",20250724,0.25,0.75,400,4,FALSE
"barcs-external-headtohead-v1","BARCS-EB",400,82,0.875402669121031,0.815362470882761,0.888399124955105,0.951219512195122,30,0.365853658536585,0,0.535714285714286,0.0384615384615385,"moi_0.25_quality_0.75_genes_400_replicates_4",20250724,0.25,0.75,400,4,FALSE
"barcs-external-headtohead-v1","MAGeCK-MLE",400,82,0.900943396226415,0.83031777595527,0.889596325682132,0.975609756097561,46,0.524390243902439,0.0652173913043478,0.671875,0.115384615384615,"moi_0.25_quality_0.75_genes_400_replicates_4",20250724,0.25,0.75,400,4,FALSE
"barcs-external-headtohead-v1","edgeR-QL",400,82,0.90063660070563,0.848986022867053,0.862909633112395,0.914634146341463,82,0.75609756097561,0.24390243902439,0.75609756097561,0.269230769230769,"moi_0.25_quality_0.75_genes_400_replicates_4",20250724,0.25,0.75,400,4,FALSE
"barcs-external-headtohead-v1","DESeq2",400,82,0.896878355576009,0.851063145172161,0.865434638282126,0.926829268292683,86,0.768292682926829,0.267441860465116,0.75,0.269230769230769,"moi_0.25_quality_0.75_genes_400_replicates_4",20250724,0.25,0.75,400,4,FALSE
"barcs-external-headtohead-v1","limma-voom",400,82,0.899677864703175,0.848670334458907,0.860689369945908,0.902439024390244,78,0.768292682926829,0.192307692307692,0.7875,0.269230769230769,"moi_0.25_quality_0.75_genes_400_replicates_4",20250724,0.25,0.75,400,4,FALSE
"barcs-external-headtohead-v1","BARCS-original",400,81,0.903827547505708,0.808013514223686,0.924074074074074,0.962962962962963,52,0.567901234567901,0.115384615384615,0.691729323308271,0.133333333333333,"moi_0.25_quality_0.75_genes_400_replicates_4",20250725,0.25,0.75,400,4,FALSE
"barcs-external-headtohead-v1","BARCS-partial",400,81,0.834939432640582,0.680363598162565,0.907881662149955,0.987654320987654,15,0.17283950617284,0.0666666666666667,0.291666666666667,0.0666666666666667,"moi_0.25_quality_0.75_genes_400_replicates_4",20250725,0.25,0.75,400,4,FALSE
"barcs-external-headtohead-v1","BARCS-EB",400,81,0.885212276016874,0.773373239709754,0.907429990966576,1,21,0.259259259259259,0,0.411764705882353,0.0666666666666667,"moi_0.25_quality_0.75_genes_400_replicates_4",20250725,0.25,0.75,400,4,FALSE
"barcs-external-headtohead-v1","MAGeCK-MLE",400,81,0.915166995626766,0.809393961559728,0.903635953026197,1,48,0.530864197530864,0.104166666666667,0.666666666666667,0.0666666666666667,"moi_0.25_quality_0.75_genes_400_replicates_4",20250725,0.25,0.75,400,4,FALSE
"barcs-external-headtohead-v1","edgeR-QL",400,81,0.914005959982972,0.83156260523224,0.923554652213189,0.950617283950617,87,0.703703703703704,0.344827586206897,0.678571428571429,0.133333333333333,"moi_0.25_quality_0.75_genes_400_replicates_4",20250725,0.25,0.75,400,4,FALSE
"barcs-external-headtohead-v1","DESeq2",400,81,0.912187004141027,0.833663878760939,0.919896115627823,0.950617283950617,89,0.740740740740741,0.314606741573034,0.71764705882353,0.2,"moi_0.25_quality_0.75_genes_400_replicates_4",20250725,0.25,0.75,400,4,FALSE
"barcs-external-headtohead-v1","limma-voom",400,81,0.91895971206316,0.830361995770294,0.924728997289973,0.950617283950617,86,0.716049382716049,0.325581395348837,0.694610778443114,0.133333333333333,"moi_0.25_quality_0.75_genes_400_replicates_4",20250725,0.25,0.75,400,4,FALSE
"barcs-external-headtohead-v1","BARCS-original",400,77,0.905994933858711,0.820159916697404,0.898916872601083,0.974025974025974,54,0.623376623376623,0.111111111111111,0.732824427480916,0.0526315789473684,"moi_0.25_quality_0.75_genes_400_replicates_4",20250726,0.25,0.75,400,4,FALSE
"barcs-external-headtohead-v1","BARCS-partial",400,77,0.850026134855856,0.677591510944483,0.882091592617908,0.987012987012987,21,0.272727272727273,0,0.428571428571429,0,"moi_0.25_quality_0.75_genes_400_replicates_4",20250726,0.25,0.75,400,4,FALSE
"barcs-external-headtohead-v1","BARCS-EB",400,77,0.891520244461421,0.783813435283178,0.887244334612756,0.987012987012987,28,0.350649350649351,0.0357142857142857,0.514285714285714,0,"moi_0.25_quality_0.75_genes_400_replicates_4",20250726,0.25,0.75,400,4,FALSE
"barcs-external-headtohead-v1","MAGeCK-MLE",400,77,0.906477423505287,0.808893544713625,0.888874283611126,0.987012987012987,37,0.454545454545455,0.0540540540540541,0.614035087719298,0,"moi_0.25_quality_0.75_genes_400_replicates_4",20250726,0.25,0.75,400,4,FALSE
"barcs-external-headtohead-v1","edgeR-QL",400,77,0.920590245667645,0.854160786629844,0.898128187601872,0.987012987012987,75,0.753246753246753,0.226666666666667,0.763157894736842,0.0526315789473684,"moi_0.25_quality_0.75_genes_400_replicates_4",20250726,0.25,0.75,400,4,FALSE
"barcs-external-headtohead-v1","DESeq2",400,77,0.917253025612159,0.855578341956167,0.897208055102792,0.961038961038961,85,0.805194805194805,0.270588235294118,0.765432098765432,0,"moi_0.25_quality_0.75_genes_400_replicates_4",20250726,0.25,0.75,400,4,FALSE
"barcs-external-headtohead-v1","limma-voom",400,77,0.920670660608741,0.851210716198463,0.899942163100058,0.987012987012987,73,0.727272727272727,0.232876712328767,0.746666666666667,0.0526315789473684,"moi_0.25_quality_0.75_genes_400_replicates_4",20250726,0.25,0.75,400,4,FALSE
"barcs-external-headtohead-v1","BARCS-original",400,75,0.938748717948718,0.882723942778306,0.897977183213573,0.973333333333333,46,0.586666666666667,0.0434782608695652,0.727272727272727,0,"moi_0.25_quality_0.75_genes_400_replicates_4",20250727,0.25,0.75,400,4,FALSE
"barcs-external-headtohead-v1","BARCS-partial",400,75,0.89694358974359,0.789769548998424,0.919599419985816,1,34,0.44,0.0294117647058824,0.605504587155963,0,"moi_0.25_quality_0.75_genes_400_replicates_4",20250727,0.25,0.75,400,4,FALSE
"barcs-external-headtohead-v1","BARCS-EB",400,75,0.927630769230769,0.857957451434574,0.918603659081831,0.986666666666667,35,0.466666666666667,0,0.636363636363636,0,"moi_0.25_quality_0.75_genes_400_replicates_4",20250727,0.25,0.75,400,4,FALSE
"barcs-external-headtohead-v1","MAGeCK-MLE",400,75,0.937805128205128,0.870647247883429,0.926996500986847,0.986666666666667,39,0.506666666666667,0.0256410256410256,0.666666666666667,0,"moi_0.25_quality_0.75_genes_400_replicates_4",20250727,0.25,0.75,400,4,FALSE
"barcs-external-headtohead-v1","edgeR-QL",400,75,0.946953846153846,0.898176418620096,0.895871860159433,0.973333333333333,78,0.826666666666667,0.205128205128205,0.810457516339869,0.0384615384615385,"moi_0.25_quality_0.75_genes_400_replicates_4",20250727,0.25,0.75,400,4,FALSE
"barcs-external-headtohead-v1","DESeq2",400,75,0.942317948717949,0.900270854737184,0.888702381650742,0.973333333333333,75,0.8,0.2,0.8,0,"moi_0.25_quality_0.75_genes_400_replicates_4",20250727,0.25,0.75,400,4,FALSE
"barcs-external-headtohead-v1","limma-voom",400,75,0.942276923076923,0.890162250661751,0.900793764056273,0.973333333333333,78,0.813333333333333,0.217948717948718,0.797385620915033,0.0384615384615385,"moi_0.25_quality_0.75_genes_400_replicates_4",20250727,0.25,0.75,400,4,FALSE
"barcs-external-headtohead-v1","BARCS-original",400,93,0.91264754299324,0.872646575797512,0.88086330184471,0.956989247311828,71,0.688172043010753,0.0985915492957746,0.780487804878049,0.105263157894737,"moi_0.25_quality_0.75_genes_400_replicates_4",20250728,0.25,0.75,400,4,FALSE
"barcs-external-headtohead-v1","BARCS-partial",400,93,0.867640362859444,0.785577091314177,0.914792585995241,0.989247311827957,24,0.258064516129032,0,0.41025641025641,0,"moi_0.25_quality_0.75_genes_400_replicates_4",20250728,0.25,0.75,400,4,FALSE
"barcs-external-headtohead-v1","BARCS-EB",400,93,0.90154460439214,0.853047373314305,0.914464334345587,1,32,0.344086021505376,0,0.512,0,"moi_0.25_quality_0.75_genes_400_replicates_4",20250728,0.25,0.75,400,4,FALSE
"barcs-external-headtohead-v1","MAGeCK-MLE",400,93,0.912332317607089,0.868335175981618,0.921462062695015,0.978494623655914,52,0.548387096774194,0.0192307692307692,0.703448275862069,0.0526315789473684,"moi_0.25_quality_0.75_genes_400_replicates_4",20250728,0.25,0.75,400,4,FALSE
"barcs-external-headtohead-v1","edgeR-QL",400,93,0.918987075759168,0.880721140122182,0.879714421070924,0.956989247311828,86,0.763440860215054,0.174418604651163,0.793296089385475,0.105263157894737,"moi_0.25_quality_0.75_genes_400_replicates_4",20250728,0.25,0.75,400,4,FALSE
"barcs-external-headtohead-v1","DESeq2",400,93,0.924906308010227,0.888335837008782,0.88727912954248,0.978494623655914,89,0.774193548387097,0.191011235955056,0.791208791208791,0.105263157894737,"moi_0.25_quality_0.75_genes_400_replicates_4",20250728,0.25,0.75,400,4,FALSE
"barcs-external-headtohead-v1","limma-voom",400,93,0.921438828762565,0.884511581249938,0.881915199176554,0.956989247311828,81,0.741935483870968,0.123456790123457,0.816091954022988,0.105263157894737,"moi_0.25_quality_0.75_genes_400_replicates_4",20250728,0.25,0.75,400,4,FALSE
"barcs-external-headtohead-v1","BARCS-original",400,79,0.971528845774676,0.944003360579533,0.954381694255112,1,78,0.886075949367089,0.102564102564103,0.89171974522293,0.05,"moi_0.1_quality_0.9_genes_400_replicates_4",20250724,0.1,0.9,400,4,FALSE
"barcs-external-headtohead-v1","BARCS-partial",400,79,0.955124413423242,0.900903429854993,0.963802336903603,1,47,0.582278481012658,0.0212765957446809,0.73015873015873,0,"moi_0.1_quality_0.9_genes_400_replicates_4",20250724,0.1,0.9,400,4,FALSE
"barcs-external-headtohead-v1","BARCS-EB",400,79,0.965653219764186,0.932138486899307,0.963680623174294,1,50,0.632911392405063,0,0.775193798449612,0,"moi_0.1_quality_0.9_genes_400_replicates_4",20250724,0.1,0.9,400,4,FALSE
"barcs-external-headtohead-v1","MAGeCK-MLE",400,79,0.974328640719271,0.938100927118226,0.961781888997079,1,57,0.69620253164557,0.0350877192982456,0.808823529411765,0,"moi_0.1_quality_0.9_genes_400_replicates_4",20250724,0.1,0.9,400,4,FALSE
"barcs-external-headtohead-v1","edgeR-QL",400,79,0.975827122520604,0.955679587745237,0.953846153846154,1,91,0.911392405063291,0.208791208791209,0.847058823529412,0.15,"moi_0.1_quality_0.9_genes_400_replicates_4",20250724,0.1,0.9,400,4,FALSE
"barcs-external-headtohead-v1","DESeq2",400,79,0.97480184549864,0.950243195384765,0.948855890944499,1,84,0.89873417721519,0.154761904761905,0.871165644171779,0,"moi_0.1_quality_0.9_genes_400_replicates_4",20250724,0.1,0.9,400,4,FALSE
"barcs-external-headtohead-v1","limma-voom",400,79,0.977010134469025,0.956571497864718,0.955185004868549,1,93,0.911392405063291,0.225806451612903,0.837209302325581,0.1,"moi_0.1_quality_0.9_genes_400_replicates_4",20250724,0.1,0.9,400,4,FALSE
"barcs-external-headtohead-v1","BARCS-original",400,60,0.955343137254902,0.927872782252865,0.956988052236733,1,63,0.883333333333333,0.158730158730159,0.861788617886179,0.1,"moi_0.1_quality_0.9_genes_400_replicates_4",20250725,0.1,0.9,400,4,FALSE
"barcs-external-headtohead-v1","BARCS-partial",400,60,0.944019607843137,0.879379363225846,0.952542372881356,0.983333333333333,40,0.633333333333333,0.05,0.76,0,"moi_0.1_quality_0.9_genes_400_replicates_4",20250725,0.1,0.9,400,4,FALSE
"barcs-external-headtohead-v1","BARCS-EB",400,60,0.95906862745098,0.923954888247196,0.957099194220617,0.983333333333333,44,0.716666666666667,0.0227272727272727,0.826923076923077,0,"moi_0.1_quality_0.9_genes_400_replicates_4",20250725,0.1,0.9,400,4,FALSE
"barcs-external-headtohead-v1","MAGeCK-MLE",400,60,0.951813725490196,0.936376025340521,0.958043901083634,0.983333333333333,45,0.75,0,0.857142857142857,0,"moi_0.1_quality_0.9_genes_400_replicates_4",20250725,0.1,0.9,400,4,FALSE
"barcs-external-headtohead-v1","edgeR-QL",400,60,0.952107843137255,0.935815417822271,0.956654626285079,1,75,0.933333333333333,0.253333333333333,0.82962962962963,0.2,"moi_0.1_quality_0.9_genes_400_replicates_4",20250725,0.1,0.9,400,4,FALSE
"barcs-external-headtohead-v1","DESeq2",400,60,0.956666666666667,0.939630250676928,0.955487635454293,1,67,0.916666666666667,0.17910447761194,0.866141732283465,0.15,"moi_0.1_quality_0.9_genes_400_replicates_4",20250725,0.1,0.9,400,4,FALSE
"barcs-external-headtohead-v1","limma-voom",400,60,0.95578431372549,0.938521784712236,0.956710197277022,1,75,0.933333333333333,0.253333333333333,0.82962962962963,0.2,"moi_0.1_quality_0.9_genes_400_replicates_4",20250725,0.1,0.9,400,4,FALSE
"barcs-external-headtohead-v1","BARCS-original",400,92,0.971273291925466,0.942215531336625,0.911116933557326,1,93,0.858695652173913,0.150537634408602,0.854054054054054,0.0555555555555556,"moi_0.1_quality_0.9_genes_400_replicates_4",20250726,0.1,0.9,400,4,FALSE
"barcs-external-headtohead-v1","BARCS-partial",400,92,0.939723320158103,0.890018194837423,0.915586517269547,0.989130434782609,48,0.510869565217391,0.0208333333333333,0.671428571428571,0.0555555555555556,"moi_0.1_quality_0.9_genes_400_replicates_4",20250726,0.1,0.9,400,4,FALSE
"barcs-external-headtohead-v1","BARCS-EB",400,92,0.96093308865048,0.923272481220615,0.91564816670006,0.989130434782609,64,0.684782608695652,0.015625,0.807692307692308,0.0555555555555556,"moi_0.1_quality_0.9_genes_400_replicates_4",20250726,0.1,0.9,400,4,FALSE
"barcs-external-headtohead-v1","MAGeCK-MLE",400,92,0.985460191981931,0.964352114350115,0.919624554968173,0.989130434782609,79,0.815217391304348,0.0506329113924051,0.87719298245614,0.0555555555555556,"moi_0.1_quality_0.9_genes_400_replicates_4",20250726,0.1,0.9,400,4,FALSE
"barcs-external-headtohead-v1","edgeR-QL",400,92,0.982813382269904,0.962849645849691,0.909020852919871,1,120,0.956521739130435,0.266666666666667,0.830188679245283,0.0555555555555556,"moi_0.1_quality_0.9_genes_400_replicates_4",20250726,0.1,0.9,400,4,FALSE
"barcs-external-headtohead-v1","DESeq2",400,92,0.983907396950875,0.96513084689494,0.904320083843225,1,109,0.934782608695652,0.211009174311927,0.855721393034826,0.0555555555555556,"moi_0.1_quality_0.9_genes_400_replicates_4",20250726,0.1,0.9,400,4,FALSE
"barcs-external-headtohead-v1","limma-voom",400,92,0.982495765104461,0.96148607526538,0.908974615846986,1,114,0.934782608695652,0.245614035087719,0.83495145631068,0.0555555555555556,"moi_0.1_quality_0.9_genes_400_replicates_4",20250726,0.1,0.9,400,4,FALSE
"barcs-external-headtohead-v1","BARCS-original",400,102,0.965357283853139,0.946855495142386,0.94499324289939,0.990196078431373,86,0.823529411764706,0.0232558139534884,0.893617021276596,0.1,"moi_0.1_quality_0.9_genes_400_replicates_4",20250727,0.1,0.9,400,4,FALSE
"barcs-external-headtohead-v1","BARCS-partial",400,102,0.94492696407422,0.904360183299932,0.947707392098433,1,62,0.598039215686274,0.0161290322580645,0.74390243902439,0,"moi_0.1_quality_0.9_genes_400_replicates_4",20250727,0.1,0.9,400,4,FALSE
"barcs-external-headtohead-v1","BARCS-EB",400,102,0.955652059481511,0.933774464393283,0.949607296537763,1,75,0.735294117647059,0,0.847457627118644,0,"moi_0.1_quality_0.9_genes_400_replicates_4",20250727,0.1,0.9,400,4,FALSE
"barcs-external-headtohead-v1","MAGeCK-MLE",400,102,0.965620476378471,0.940126780852824,0.952558933791723,1,79,0.745098039215686,0.0379746835443038,0.839779005524862,0.05,"moi_0.1_quality_0.9_genes_400_replicates_4",20250727,0.1,0.9,400,4,FALSE
"barcs-external-headtohead-v1","edgeR-QL",400,102,0.972167390446111,0.953431126377532,0.942527890710259,0.990196078431373,116,0.911764705882353,0.198275862068966,0.853211009174312,0.2,"moi_0.1_quality_0.9_genes_400_replicates_4",20250727,0.1,0.9,400,4,FALSE
"barcs-external-headtohead-v1","DESeq2",400,102,0.971114620344782,0.95247013065358,0.939836359421208,0.990196078431373,107,0.901960784313726,0.14018691588785,0.880382775119617,0.15,"moi_0.1_quality_0.9_genes_400_replicates_4",20250727,0.1,0.9,400,4,FALSE
"barcs-external-headtohead-v1","limma-voom",400,102,0.972627977365443,0.952060803735789,0.941996369825446,0.990196078431373,111,0.892156862745098,0.18018018018018,0.854460093896714,0.2,"moi_0.1_quality_0.9_genes_400_replicates_4",20250727,0.1,0.9,400,4,FALSE
"barcs-external-headtohead-v1","BARCS-original",400,90,0.966272401433692,0.949432207416025,0.947137506688068,0.988888888888889,86,0.877777777777778,0.0813953488372093,0.897727272727273,0.130434782608696,"moi_0.1_quality_0.9_genes_400_replicates_4",20250728,0.1,0.9,400,4,FALSE
"barcs-external-headtohead-v1","BARCS-partial",400,90,0.940071684587814,0.88231011079039,0.955862863728032,0.988888888888889,38,0.422222222222222,0,0.59375,0,"moi_0.1_quality_0.9_genes_400_replicates_4",20250728,0.1,0.9,400,4,FALSE
"barcs-external-headtohead-v1","BARCS-EB",400,90,0.965483870967742,0.943580262409576,0.957031732312631,1,48,0.533333333333333,0,0.695652173913044,0,"moi_0.1_quality_0.9_genes_400_replicates_4",20250728,0.1,0.9,400,4,FALSE
"barcs-external-headtohead-v1","MAGeCK-MLE",400,90,0.973960573476703,0.950096860545815,0.951434333456805,0.988888888888889,76,0.788888888888889,0.0657894736842105,0.855421686746988,0.0434782608695652,"moi_0.1_quality_0.9_genes_400_replicates_4",20250728,0.1,0.9,400,4,FALSE
"barcs-external-headtohead-v1","edgeR-QL",400,90,0.97763440860215,0.96937971252444,0.94768078363584,0.988888888888889,111,0.966666666666667,0.216216216216216,0.865671641791045,0.173913043478261,"moi_0.1_quality_0.9_genes_400_replicates_4",20250728,0.1,0.9,400,4,FALSE
"barcs-external-headtohead-v1","DESeq2",400,90,0.977060931899642,0.967354825998202,0.946429600362185,0.988888888888889,103,0.944444444444444,0.174757281553398,0.880829015544041,0.0869565217391304,"moi_0.1_quality_0.9_genes_400_replicates_4",20250728,0.1,0.9,400,4,FALSE
"barcs-external-headtohead-v1","limma-voom",400,90,0.976989247311828,0.966572454251131,0.943993085566119,0.988888888888889,108,0.966666666666667,0.194444444444444,0.878787878787879,0.0869565217391304,"moi_0.1_quality_0.9_genes_400_replicates_4",20250728,0.1,0.9,400,4,FALSE
"barcs-external-headtohead-v1","BARCS-original",400,79,0.939705824362159,0.911547003238322,0.933154819863681,0.962025316455696,45,0.569620253164557,0,0.725806451612903,0.05,"moi_0.4_quality_0.9_genes_400_replicates_4",20250724,0.4,0.9,400,4,FALSE
"barcs-external-headtohead-v1","BARCS-partial",400,79,0.925825150834023,0.853734655432078,0.922590068159688,0.987341772151899,43,0.518987341772152,0.0465116279069767,0.672131147540984,0,"moi_0.4_quality_0.9_genes_400_replicates_4",20250724,0.4,0.9,400,4,FALSE
"barcs-external-headtohead-v1","BARCS-EB",400,79,0.9401001616783,0.895659014167596,0.921226874391431,0.987341772151899,41,0.518987341772152,0,0.683333333333333,0,"moi_0.4_quality_0.9_genes_400_replicates_4",20250724,0.4,0.9,400,4,FALSE
"barcs-external-headtohead-v1","MAGeCK-MLE",400,79,0.934145668204582,0.894087490908663,0.921567672833496,0.987341772151899,55,0.683544303797468,0.0181818181818182,0.805970149253731,0.05,"moi_0.4_quality_0.9_genes_400_replicates_4",20250724,0.4,0.9,400,4,FALSE
"barcs-external-headtohead-v1","edgeR-QL",400,79,0.945226546788123,0.922566236013506,0.933690360272639,0.962025316455696,89,0.886075949367089,0.213483146067416,0.833333333333333,0.1,"moi_0.4_quality_0.9_genes_400_replicates_4",20250724,0.4,0.9,400,4,FALSE
"barcs-external-headtohead-v1","DESeq2",400,79,0.944871643203596,0.924771618906528,0.935613437195716,0.962025316455696,90,0.886075949367089,0.222222222222222,0.828402366863905,0.1,"moi_0.4_quality_0.9_genes_400_replicates_4",20250724,0.4,0.9,400,4,FALSE
"barcs-external-headtohead-v1","limma-voom",400,79,0.940139595409914,0.918896922351447,0.936319376825706,0.962025316455696,86,0.860759493670886,0.209302325581395,0.824242424242424,0.1,"moi_0.4_quality_0.9_genes_400_replicates_4",20250724,0.4,0.9,400,4,FALSE
"barcs-external-headtohead-v1","BARCS-original",400,60,0.949705882352941,0.875247826049255,0.934870797443735,1,43,0.65,0.0930232558139535,0.757281553398058,0.1,"moi_0.4_quality_0.9_genes_400_replicates_4",20250725,0.4,0.9,400,4,FALSE
"barcs-external-headtohead-v1","BARCS-partial",400,60,0.894803921568627,0.764386630403912,0.916921367046402,1,31,0.45,0.129032258064516,0.593406593406593,0,"moi_0.4_quality_0.9_genes_400_replicates_4",20250725,0.4,0.9,400,4,FALSE
"barcs-external-headtohead-v1","BARCS-EB",400,60,0.921323529411765,0.82529518989024,0.918977493748264,1,31,0.5,0.032258064516129,0.659340659340659,0.05,"moi_0.4_quality_0.9_genes_400_replicates_4",20250725,0.4,0.9,400,4,FALSE
"barcs-external-headtohead-v1","MAGeCK-MLE",400,60,0.965098039215686,0.910578231410008,0.930369547096416,1,46,0.7,0.0869565217391304,0.792452830188679,0.05,"moi_0.4_quality_0.9_genes_400_replicates_4",20250725,0.4,0.9,400,4,FALSE
"barcs-external-headtohead-v1","edgeR-QL",400,60,0.966274509803922,0.914440716276096,0.936482356210059,1,69,0.866666666666667,0.246376811594203,0.806201550387597,0.25,"moi_0.4_quality_0.9_genes_400_replicates_4",20250725,0.4,0.9,400,4,FALSE
"barcs-external-headtohead-v1","DESeq2",400,60,0.96156862745098,0.913224270841174,0.935204223395388,1,69,0.85,0.260869565217391,0.790697674418605,0.35,"moi_0.4_quality_0.9_genes_400_replicates_4",20250725,0.4,0.9,400,4,FALSE
"barcs-external-headtohead-v1","limma-voom",400,60,0.959019607843137,0.909688887440704,0.926090580716866,1,63,0.833333333333333,0.206349206349206,0.813008130081301,0.3,"moi_0.4_quality_0.9_genes_400_replicates_4",20250725,0.4,0.9,400,4,FALSE
"barcs-external-headtohead-v1","BARCS-original",400,92,0.963544607566347,0.935127836681189,0.909760646086032,0.967391304347826,90,0.880434782608696,0.1,0.89010989010989,0.111111111111111,"moi_0.4_quality_0.9_genes_400_replicates_4",20250726,0.4,0.9,400,4,FALSE
"barcs-external-headtohead-v1","BARCS-partial",400,92,0.91600790513834,0.856131436928376,0.913567498420233,1,56,0.58695652173913,0.0357142857142857,0.72972972972973,0,"moi_0.4_quality_0.9_genes_400_replicates_4",20250726,0.4,0.9,400,4,FALSE
"barcs-external-headtohead-v1","BARCS-EB",400,92,0.949534161490683,0.918038362679517,0.915956413852627,0.989130434782609,57,0.619565217391304,0,0.76510067114094,0,"moi_0.4_quality_0.9_genes_400_replicates_4",20250726,0.4,0.9,400,4,FALSE
"barcs-external-headtohead-v1","MAGeCK-MLE",400,92,0.972014398644833,0.951939968458783,0.916942804740841,1,77,0.804347826086957,0.038961038961039,0.875739644970414,0,"moi_0.4_quality_0.9_genes_400_replicates_4",20250726,0.4,0.9,400,4,FALSE
"barcs-external-headtohead-v1","edgeR-QL",400,92,0.969261716544325,0.950699277649272,0.910500439252192,0.967391304347826,96,0.902173913043478,0.135416666666667,0.882978723404255,0.111111111111111,"moi_0.4_quality_0.9_genes_400_replicates_4",20250726,0.4,0.9,400,4,FALSE
"barcs-external-headtohead-v1","DESeq2",400,92,0.966367871259176,0.946181009193548,0.914708012884731,0.978260869565217,98,0.902173913043478,0.153061224489796,0.873684210526316,0.0555555555555556,"moi_0.4_quality_0.9_genes_400_replicates_4",20250726,0.4,0.9,400,4,FALSE
"barcs-external-headtohead-v1","limma-voom",400,92,0.970143986448334,0.951129102783928,0.904320083843225,0.978260869565217,94,0.902173913043478,0.117021276595745,0.89247311827957,0.0555555555555556,"moi_0.4_quality_0.9_genes_400_replicates_4",20250726,0.4,0.9,400,4,FALSE
"barcs-external-headtohead-v1","BARCS-original",400,102,0.959435452033162,0.942400919127105,0.927079858185704,0.980392156862745,88,0.823529411764706,0.0454545454545455,0.88421052631579,0,"moi_0.4_quality_0.9_genes_400_replicates_4",20250727,0.4,0.9,400,4,FALSE
"barcs-external-headtohead-v1","BARCS-partial",400,102,0.907487827345703,0.848553596615204,0.925915035821115,0.980392156862745,50,0.46078431372549,0.06,0.618421052631579,0,"moi_0.4_quality_0.9_genes_400_replicates_4",20250727,0.4,0.9,400,4,FALSE
"barcs-external-headtohead-v1","BARCS-EB",400,102,0.937919463087248,0.907412604886356,0.927973265630389,0.980392156862745,47,0.46078431372549,0,0.630872483221476,0,"moi_0.4_quality_0.9_genes_400_replicates_4",20250727,0.4,0.9,400,4,FALSE
"barcs-external-headtohead-v1","MAGeCK-MLE",400,102,0.956721279115673,0.936243449254767,0.931354643174197,0.990196078431373,86,0.794117647058823,0.0581395348837209,0.861702127659574,0.05,"moi_0.4_quality_0.9_genes_400_replicates_4",20250727,0.4,0.9,400,4,FALSE
"barcs-external-headtohead-v1","edgeR-QL",400,102,0.965686274509804,0.948470309067935,0.926095979101051,0.980392156862745,121,0.92156862745098,0.223140495867769,0.84304932735426,0.25,"moi_0.4_quality_0.9_genes_400_replicates_4",20250727,0.4,0.9,400,4,FALSE
"barcs-external-headtohead-v1","DESeq2",400,102,0.963712330569812,0.948715110173289,0.923924659741817,0.980392156862745,120,0.92156862745098,0.216666666666667,0.846846846846847,0.3,"moi_0.4_quality_0.9_genes_400_replicates_4",20250727,0.4,0.9,400,4,FALSE
"barcs-external-headtohead-v1","limma-voom",400,102,0.963087248322148,0.945918187561563,0.924987701511442,0.980392156862745,118,0.901960784313726,0.220338983050847,0.836363636363636,0.2,"moi_0.4_quality_0.9_genes_400_replicates_4",20250727,0.4,0.9,400,4,FALSE
"barcs-external-headtohead-v1","BARCS-original",400,90,0.93921146953405,0.905605140135914,0.910013581923694,0.988888888888889,63,0.666666666666667,0.0476190476190476,0.784313725490196,0.130434782608696,"moi_0.4_quality_0.9_genes_400_replicates_4",20250728,0.4,0.9,400,4,FALSE
"barcs-external-headtohead-v1","BARCS-partial",400,90,0.895125448028674,0.834542450149078,0.932880602543524,1,34,0.366666666666667,0.0294117647058824,0.532258064516129,0.0434782608695652,"moi_0.4_quality_0.9_genes_400_replicates_4",20250728,0.4,0.9,400,4,FALSE
"barcs-external-headtohead-v1","BARCS-EB",400,90,0.913405017921147,0.874187398630344,0.932633658476355,1,53,0.577777777777778,0.0188679245283019,0.727272727272727,0.0434782608695652,"moi_0.4_quality_0.9_genes_400_replicates_4",20250728,0.4,0.9,400,4,FALSE
"barcs-external-headtohead-v1","MAGeCK-MLE",400,90,0.945268817204301,0.91539310263591,0.932127143799901,1,64,0.7,0.015625,0.818181818181818,0.0869565217391304,"moi_0.4_quality_0.9_genes_400_replicates_4",20250728,0.4,0.9,400,4,FALSE
"barcs-external-headtohead-v1","edgeR-QL",400,90,0.94584229390681,0.92032104375549,0.911709264518253,0.977777777777778,99,0.855555555555556,0.222222222222222,0.814814814814815,0.173913043478261,"moi_0.4_quality_0.9_genes_400_replicates_4",20250728,0.4,0.9,400,4,FALSE
"barcs-external-headtohead-v1","DESeq2",400,90,0.948494623655914,0.921843465958909,0.918936494217393,0.977777777777778,102,0.866666666666667,0.235294117647059,0.8125,0.173913043478261,"moi_0.4_quality_0.9_genes_400_replicates_4",20250728,0.4,0.9,400,4,FALSE
"barcs-external-headtohead-v1","limma-voom",400,90,0.944301075268817,0.91568883871449,0.914507963946166,0.988888888888889,96,0.844444444444444,0.208333333333333,0.817204301075269,0.130434782608696,"moi_0.4_quality_0.9_genes_400_replicates_4",20250728,0.4,0.9,400,4,FALSE
"barcs-external-headtohead-v1","BARCS-original",1000,188,0.932619746357824,0.889326192297776,0.90626992254026,0.968085106382979,136,0.696808510638298,0.0367647058823529,0.808641975308642,0.0638297872340425,"moi_0.25_quality_0.9_genes_1000_replicates_4",20250724,0.25,0.9,1000,4,FALSE
"barcs-external-headtohead-v1","BARCS-partial",1000,188,0.907006603081438,0.825780948818283,0.922466214080732,0.984042553191489,93,0.484042553191489,0.021505376344086,0.647686832740214,0.0425531914893617,"moi_0.25_quality_0.9_genes_1000_replicates_4",20250724,0.25,0.9,1000,4,FALSE
"barcs-external-headtohead-v1","BARCS-EB",1000,188,0.927208887957237,0.875786913408567,0.921689630075112,0.984042553191489,101,0.537234042553192,0,0.698961937716263,0.0425531914893617,"moi_0.25_quality_0.9_genes_1000_replicates_4",20250724,0.25,0.9,1000,4,FALSE
"barcs-external-headtohead-v1","MAGeCK-MLE",1000,188,0.933517188973902,0.872222618756886,0.919159411024242,0.98936170212766,136,0.680851063829787,0.0588235294117647,0.790123456790124,0.127659574468085,"moi_0.25_quality_0.9_genes_1000_replicates_4",20250724,0.25,0.9,1000,4,FALSE
"barcs-external-headtohead-v1","edgeR-QL",1000,188,0.937441043915732,0.893948258567508,0.906204906204906,0.962765957446808,219,0.835106382978723,0.28310502283105,0.771498771498772,0.170212765957447,"moi_0.25_quality_0.9_genes_1000_replicates_4",20250724,0.25,0.9,1000,4,FALSE
"barcs-external-headtohead-v1","DESeq2",1000,188,0.936183314118017,0.894686060272442,0.904933475646867,0.962765957446808,226,0.851063829787234,0.292035398230089,0.772946859903382,0.170212765957447,"moi_0.25_quality_0.9_genes_1000_replicates_4",20250724,0.25,0.9,1000,4,FALSE
"barcs-external-headtohead-v1","limma-voom",1000,188,0.936989047269678,0.894617480345904,0.908234860675411,0.973404255319149,212,0.835106382978723,0.259433962264151,0.785,0.148936170212766,"moi_0.25_quality_0.9_genes_1000_replicates_4",20250724,0.25,0.9,1000,4,FALSE
"barcs-external-headtohead-v1","BARCS-original",1000,180,0.94690379403794,0.888354860798784,0.931010216364703,0.983333333333333,146,0.744444444444444,0.0821917808219178,0.822085889570552,0.0363636363636364,"moi_0.25_quality_0.9_genes_1000_replicates_4",20250725,0.25,0.9,1000,4,FALSE
"barcs-external-headtohead-v1","BARCS-partial",1000,180,0.926971544715447,0.832598373889306,0.927660318734117,0.988888888888889,97,0.505555555555556,0.0618556701030928,0.657039711191336,0.0363636363636364,"moi_0.25_quality_0.9_genes_1000_replicates_4",20250725,0.25,0.9,1000,4,FALSE
"barcs-external-headtohead-v1","BARCS-EB",1000,180,0.946680216802168,0.889906829244575,0.928571869502145,0.988888888888889,108,0.588888888888889,0.0185185185185185,0.736111111111111,0.0181818181818182,"moi_0.25_quality_0.9_genes_1000_replicates_4",20250725,0.25,0.9,1000,4,FALSE
"barcs-external-headtohead-v1","MAGeCK-MLE",1000,180,0.952516937669377,0.899508636557868,0.935936294330072,0.994444444444444,131,0.694444444444444,0.0458015267175573,0.803858520900322,0.0363636363636364,"moi_0.25_quality_0.9_genes_1000_replicates_4",20250725,0.25,0.9,1000,4,FALSE
"barcs-external-headtohead-v1","edgeR-QL",1000,180,0.956280487804878,0.909353503083652,0.93081679475704,0.983333333333333,228,0.877777777777778,0.307017543859649,0.774509803921569,0.163636363636364,"moi_0.25_quality_0.9_genes_1000_replicates_4",20250725,0.25,0.9,1000,4,FALSE
"barcs-external-headtohead-v1","DESeq2",1000,180,0.955521680216802,0.910695448034889,0.925460662366122,0.972222222222222,234,0.888888888888889,0.316239316239316,0.772946859903382,0.127272727272727,"moi_0.25_quality_0.9_genes_1000_replicates_4",20250725,0.25,0.9,1000,4,FALSE
"barcs-external-headtohead-v1","limma-voom",1000,180,0.955569105691057,0.906987943203665,0.931401174933383,0.983333333333333,227,0.888888888888889,0.295154185022026,0.786240786240786,0.163636363636364,"moi_0.25_quality_0.9_genes_1000_replicates_4",20250725,0.25,0.9,1000,4,FALSE
"barcs-external-headtohead-v1","BARCS-original",1000,222,0.913418559948123,0.880245386317651,0.922749525492865,0.954954954954955,170,0.716216216216216,0.0647058823529412,0.811224489795918,0.0434782608695652,"moi_0.25_quality_0.9_genes_1000_replicates_4",20250726,0.25,0.9,1000,4,FALSE
"barcs-external-headtohead-v1","BARCS-partial",1000,222,0.884932490330948,0.807501011015582,0.930677263307176,0.972972972972973,67,0.297297297297297,0.0149253731343284,0.456747404844291,0.0434782608695652,"moi_0.25_quality_0.9_genes_1000_replicates_4",20250726,0.25,0.9,1000,4,FALSE
"barcs-external-headtohead-v1","BARCS-EB",1000,222,0.90945830148915,0.870088969959442,0.929795428608407,0.977477477477477,125,0.554054054054054,0.016,0.708933717579251,0.0217391304347826,"moi_0.25_quality_0.9_genes_1000_replicates_4",20250726,0.25,0.9,1000,4,FALSE
"barcs-external-headtohead-v1","MAGeCK-MLE",1000,222,0.930683897264874,0.889501740909385,0.935498801735294,0.986486486486487,148,0.63963963963964,0.0405405405405405,0.767567567567568,0.0217391304347826,"moi_0.25_quality_0.9_genes_1000_replicates_4",20250726,0.25,0.9,1000,4,FALSE
"barcs-external-headtohead-v1","edgeR-QL",1000,222,0.927875819263994,0.897255859304314,0.922586100903168,0.954954954954955,249,0.833333333333333,0.257028112449799,0.785562632696391,0.152173913043478,"moi_0.25_quality_0.9_genes_1000_replicates_4",20250726,0.25,0.9,1000,4,FALSE
"barcs-external-headtohead-v1","DESeq2",1000,222,0.926659950438871,0.897161312150686,0.920302543884712,0.954954954954955,245,0.828828828828829,0.248979591836735,0.788008565310492,0.217391304347826,"moi_0.25_quality_0.9_genes_1000_replicates_4",20250726,0.25,0.9,1000,4,FALSE
"barcs-external-headtohead-v1","limma-voom",1000,222,0.928101623474374,0.895374587185386,0.926124407791514,0.959459459459459,244,0.828828828828829,0.245901639344262,0.789699570815451,0.173913043478261,"moi_0.25_quality_0.9_genes_1000_replicates_4",20250726,0.25,0.9,1000,4,FALSE
"barcs-external-headtohead-v1","BARCS-original",1000,233,0.9443123254864,0.90772525486902,0.936707611859307,0.974248927038627,205,0.785407725321888,0.107317073170732,0.835616438356164,0.0363636363636364,"moi_0.25_quality_0.9_genes_1000_replicates_4",20250727,0.25,0.9,1000,4,FALSE
"barcs-external-headtohead-v1","BARCS-partial",1000,233,0.925298386780892,0.868671997068985,0.940231023478027,0.987124463519313,126,0.515021459227468,0.0476190476190476,0.668523676880223,0.0181818181818182,"moi_0.25_quality_0.9_genes_1000_replicates_4",20250727,0.25,0.9,1000,4,FALSE
"barcs-external-headtohead-v1","BARCS-EB",1000,233,0.94263923317535,0.907331888824621,0.940204460331736,0.987124463519313,132,0.562231759656652,0.00757575757575758,0.717808219178082,0,"moi_0.25_quality_0.9_genes_1000_replicates_4",20250727,0.25,0.9,1000,4,FALSE
"barcs-external-headtohead-v1","MAGeCK-MLE",1000,233,0.948886750116109,0.90686660073294,0.943910967923103,0.987124463519313,173,0.690987124463519,0.069364161849711,0.793103448275862,0.0363636363636364,"moi_0.25_quality_0.9_genes_1000_replicates_4",20250727,0.25,0.9,1000,4,FALSE
"barcs-external-headtohead-v1","edgeR-QL",1000,233,0.950170946388303,0.922884887703685,0.936184887087655,0.974248927038627,252,0.88412017167382,0.182539682539683,0.849484536082474,0.0909090909090909,"moi_0.25_quality_0.9_genes_1000_replicates_4",20250727,0.25,0.9,1000,4,FALSE
"barcs-external-headtohead-v1","DESeq2",1000,233,0.949622574995384,0.921662470850318,0.936587129017201,0.974248927038627,253,0.875536480686695,0.193675889328063,0.839506172839506,0.0909090909090909,"moi_0.25_quality_0.9_genes_1000_replicates_4",20250727,0.25,0.9,1000,4,FALSE
"barcs-external-headtohead-v1","limma-voom",1000,233,0.951894399337478,0.924211018981502,0.93424672609222,0.978540772532189,248,0.879828326180258,0.173387096774194,0.852390852390852,0.0727272727272727,"moi_0.25_quality_0.9_genes_1000_replicates_4",20250727,0.25,0.9,1000,4,FALSE
"barcs-external-headtohead-v1","BARCS-original",1000,209,0.938905993866404,0.895103359237961,0.934053096263358,0.976076555023923,176,0.76555023923445,0.0909090909090909,0.831168831168831,0.0612244897959184,"moi_0.25_quality_0.9_genes_1000_replicates_4",20250728,0.25,0.9,1000,4,FALSE
"barcs-external-headtohead-v1","BARCS-partial",1000,209,0.913161826529316,0.838379322450284,0.940058277268268,0.985645933014354,95,0.454545454545455,0,0.625,0,"moi_0.25_quality_0.9_genes_1000_replicates_4",20250728,0.25,0.9,1000,4,FALSE
"barcs-external-headtohead-v1","BARCS-EB",1000,209,0.936504576001549,0.893465092237554,0.940408584970536,0.985645933014354,106,0.507177033492823,0,0.673015873015873,0,"moi_0.25_quality_0.9_genes_1000_replicates_4",20250728,0.25,0.9,1000,4,FALSE
"barcs-external-headtohead-v1","MAGeCK-MLE",1000,209,0.949388757493089,0.900501294851649,0.942180497851048,0.985645933014354,153,0.688995215311005,0.0588235294117647,0.795580110497238,0.0408163265306122,"moi_0.25_quality_0.9_genes_1000_replicates_4",20250728,0.25,0.9,1000,4,FALSE
"barcs-external-headtohead-v1","edgeR-QL",1000,209,0.951306262438074,0.915004059979747,0.934243037963087,0.980861244019139,215,0.83732057416268,0.186046511627907,0.825471698113208,0.102040816326531,"moi_0.25_quality_0.9_genes_1000_replicates_4",20250728,0.25,0.9,1000,4,FALSE
"barcs-external-headtohead-v1","DESeq2",1000,209,0.949763790005988,0.91568715192971,0.935679759608784,0.980861244019139,220,0.851674641148325,0.190909090909091,0.82983682983683,0.102040816326531,"moi_0.25_quality_0.9_genes_1000_replicates_4",20250728,0.25,0.9,1000,4,FALSE
"barcs-external-headtohead-v1","limma-voom",1000,209,0.950937278836673,0.915019295494545,0.929903297328806,0.980861244019139,203,0.827751196172249,0.147783251231527,0.839805825242718,0.122448979591837,"moi_0.25_quality_0.9_genes_1000_replicates_4",20250728,0.25,0.9,1000,4,FALSE
"barcs-external-headtohead-v1","BARCS-original",400,79,0.968886785756536,0.954678377855369,0.961635832521909,0.974683544303797,67,0.835443037974684,0.0149253731343284,0.904109589041096,0,"moi_0.25_quality_0.9_genes_400_replicates_6",20250724,0.25,0.9,400,6,FALSE
"barcs-external-headtohead-v1","BARCS-partial",400,79,0.95196971489412,0.898328706503305,0.950973709834469,1,48,0.569620253164557,0.0625,0.708661417322835,0,"moi_0.25_quality_0.9_genes_400_replicates_6",20250724,0.25,0.9,400,6,FALSE
"barcs-external-headtohead-v1","BARCS-EB",400,79,0.964864545131906,0.934499304822309,0.951436222005842,1,54,0.670886075949367,0.0185185185185185,0.796992481203008,0,"moi_0.25_quality_0.9_genes_400_replicates_6",20250724,0.25,0.9,400,6,FALSE
"barcs-external-headtohead-v1","MAGeCK-MLE",400,79,0.96872905083008,0.944405259258771,0.951393326413226,1,72,0.860759493670886,0.0555555555555556,0.900662251655629,0,"moi_0.25_quality_0.9_genes_400_replicates_6",20250724,0.25,0.9,400,6,FALSE
"barcs-external-headtohead-v1","edgeR-QL",400,79,0.970858472337237,0.956816762304189,0.96222005842259,0.974683544303797,99,0.936708860759494,0.252525252525253,0.831460674157303,0,"moi_0.25_quality_0.9_genes_400_replicates_6",20250724,0.25,0.9,400,6,FALSE
"barcs-external-headtohead-v1","DESeq2",400,79,0.966875665444221,0.954786478633592,0.966187925998053,0.974683544303797,102,0.962025316455696,0.254901960784314,0.839779005524862,0,"moi_0.25_quality_0.9_genes_400_replicates_6",20250724,0.25,0.9,400,6,FALSE
"barcs-external-headtohead-v1","limma-voom",400,79,0.970109231436571,0.954451780071855,0.96333982473223,0.974683544303797,88,0.924050632911392,0.170454545454545,0.874251497005988,0,"moi_0.25_quality_0.9_genes_400_replicates_6",20250724,0.25,0.9,400,6,FALSE
"barcs-external-headtohead-v1","BARCS-original",400,60,0.973970588235294,0.930519317026983,0.93626007224229,1,60,0.85,0.15,0.85,0,"moi_0.25_quality_0.9_genes_400_replicates_6",20250725,0.25,0.9,400,6,FALSE
"barcs-external-headtohead-v1","BARCS-partial",400,60,0.952990196078431,0.866030323407862,0.940650180605724,1,36,0.566666666666667,0.0555555555555556,0.708333333333333,0,"moi_0.25_quality_0.9_genes_400_replicates_6",20250725,0.25,0.9,400,6,FALSE
"barcs-external-headtohead-v1","BARCS-EB",400,60,0.972107843137255,0.931405051851113,0.937093637121423,1,41,0.683333333333333,0,0.811881188118812,0,"moi_0.25_quality_0.9_genes_400_replicates_6",20250725,0.25,0.9,400,6,FALSE
"barcs-external-headtohead-v1","MAGeCK-MLE",400,60,0.985049019607843,0.954243652287563,0.943762156154488,1,60,0.883333333333333,0.116666666666667,0.883333333333333,0,"moi_0.25_quality_0.9_genes_400_replicates_6",20250725,0.25,0.9,400,6,FALSE
"barcs-external-headtohead-v1","edgeR-QL",400,60,0.982450980392157,0.94959649064653,0.934870797443735,0.983333333333333,82,0.916666666666667,0.329268292682927,0.774647887323944,0,"moi_0.25_quality_0.9_genes_400_replicates_6",20250725,0.25,0.9,400,6,FALSE
"barcs-external-headtohead-v1","DESeq2",400,60,0.980049019607843,0.948528138203361,0.919255348707975,0.983333333333333,82,0.916666666666667,0.329268292682927,0.774647887323944,0,"moi_0.25_quality_0.9_genes_400_replicates_6",20250725,0.25,0.9,400,6,FALSE
"barcs-external-headtohead-v1","limma-voom",400,60,0.980147058823529,0.9441891479852,0.941372603500973,1,78,0.916666666666667,0.294871794871795,0.797101449275362,0,"moi_0.25_quality_0.9_genes_400_replicates_6",20250725,0.25,0.9,400,6,FALSE
"barcs-external-headtohead-v1","BARCS-original",400,92,0.972402597402597,0.959299719852224,0.92897985604858,0.989130434782609,92,0.902173913043478,0.0978260869565217,0.902173913043478,0,"moi_0.25_quality_0.9_genes_400_replicates_6",20250726,0.25,0.9,400,6,FALSE
"barcs-external-headtohead-v1","BARCS-partial",400,92,0.944028797289667,0.896334312833491,0.942003298244532,1,47,0.510869565217391,0,0.676258992805755,0,"moi_0.25_quality_0.9_genes_400_replicates_6",20250726,0.25,0.9,400,6,FALSE
"barcs-external-headtohead-v1","BARCS-EB",400,92,0.966156126482213,0.948687557752024,0.942326957754728,1,55,0.597826086956522,0,0.748299319727891,0,"moi_0.25_quality_0.9_genes_400_replicates_6",20250726,0.25,0.9,400,6,FALSE
"barcs-external-headtohead-v1","MAGeCK-MLE",400,92,0.97656691134952,0.964670676549174,0.936516498928841,1,88,0.902173913043478,0.0568181818181818,0.922222222222222,0,"moi_0.25_quality_0.9_genes_400_replicates_6",20250726,0.25,0.9,400,6,FALSE
"barcs-external-headtohead-v1","edgeR-QL",400,92,0.974273009599097,0.963751682771231,0.927916403372224,0.989130434782609,113,0.945652173913043,0.230088495575221,0.848780487804878,0.0555555555555556,"moi_0.25_quality_0.9_genes_400_replicates_6",20250726,0.25,0.9,400,6,FALSE
"barcs-external-headtohead-v1","DESeq2",400,92,0.97759034443817,0.966737441156676,0.925404189078803,0.989130434782609,113,0.956521739130435,0.221238938053097,0.858536585365854,0,"moi_0.25_quality_0.9_genes_400_replicates_6",20250726,0.25,0.9,400,6,FALSE
"barcs-external-headtohead-v1","limma-voom",400,92,0.972720214568041,0.962589551686167,0.926775888907726,0.989130434782609,108,0.945652173913043,0.194444444444444,0.87,0.0555555555555556,"moi_0.25_quality_0.9_genes_400_replicates_6",20250726,0.25,0.9,400,6,FALSE
"barcs-external-headtohead-v1","BARCS-original",400,102,0.960060534280826,0.950521737776022,0.94856687267813,1,89,0.843137254901961,0.0337078651685393,0.900523560209424,0,"moi_0.25_quality_0.9_genes_400_replicates_6",20250727,0.25,0.9,400,6,FALSE
"barcs-external-headtohead-v1","BARCS-partial",400,102,0.947196999605211,0.918562151220477,0.955748059100599,0.980392156862745,68,0.637254901960784,0.0441176470588235,0.764705882352941,0,"moi_0.25_quality_0.9_genes_400_replicates_6",20250727,0.25,0.9,400,6,FALSE
"barcs-external-headtohead-v1","BARCS-EB",400,102,0.958251085669167,0.944337144035046,0.955589733730655,0.980392156862745,73,0.715686274509804,0,0.834285714285714,0,"moi_0.25_quality_0.9_genes_400_replicates_6",20250727,0.25,0.9,400,6,FALSE
"barcs-external-headtohead-v1","MAGeCK-MLE",400,102,0.960060534280826,0.953354005960742,0.954232659131133,0.990196078431373,89,0.843137254901961,0.0337078651685393,0.900523560209424,0,"moi_0.25_quality_0.9_genes_400_replicates_6",20250727,0.25,0.9,400,6,FALSE
"barcs-external-headtohead-v1","edgeR-QL",400,102,0.962758257665482,0.954768058760282,0.947255033898593,1,109,0.931372549019608,0.128440366972477,0.900473933649289,0.15,"moi_0.25_quality_0.9_genes_400_replicates_6",20250727,0.25,0.9,400,6,FALSE
"barcs-external-headtohead-v1","DESeq2",400,102,0.959830240821161,0.950189643611989,0.942833232495151,0.990196078431373,107,0.911764705882353,0.130841121495327,0.889952153110048,0.15,"moi_0.25_quality_0.9_genes_400_replicates_6",20250727,0.25,0.9,400,6,FALSE
"barcs-external-headtohead-v1","limma-voom",400,102,0.961146203447822,0.95382087279509,0.951394111427133,1,106,0.92156862745098,0.113207547169811,0.903846153846154,0.1,"moi_0.25_quality_0.9_genes_400_replicates_6",20250727,0.25,0.9,400,6,FALSE
"barcs-external-headtohead-v1","BARCS-original",400,90,0.962759856630824,0.951375656672159,0.930394698934025,0.988888888888889,91,0.911111111111111,0.0989010989010989,0.906077348066298,0.0434782608695652,"moi_0.25_quality_0.9_genes_400_replicates_6",20250728,0.25,0.9,400,6,FALSE
"barcs-external-headtohead-v1","BARCS-partial",400,90,0.949032258064516,0.918548229721533,0.933572045931596,0.977777777777778,74,0.755555555555556,0.0810810810810811,0.829268292682927,0,"moi_0.25_quality_0.9_genes_400_replicates_6",20250728,0.25,0.9,400,6,FALSE
"barcs-external-headtohead-v1","BARCS-EB",400,90,0.95989247311828,0.94868289347011,0.936963411120714,0.977777777777778,75,0.822222222222222,0.0133333333333333,0.896969696969697,0,"moi_0.25_quality_0.9_genes_400_replicates_6",20250728,0.25,0.9,400,6,FALSE
"barcs-external-headtohead-v1","MAGeCK-MLE",400,90,0.97247311827957,0.957488810983995,0.940387702185455,0.988888888888889,87,0.911111111111111,0.0574712643678161,0.926553672316384,0.0434782608695652,"moi_0.25_quality_0.9_genes_400_replicates_6",20250728,0.25,0.9,400,6,FALSE
"barcs-external-headtohead-v1","edgeR-QL",400,90,0.968924731182796,0.957491251300993,0.932123307404206,0.988888888888889,111,0.944444444444444,0.234234234234234,0.845771144278607,0.0434782608695652,"moi_0.25_quality_0.9_genes_400_replicates_6",20250728,0.25,0.9,400,6,FALSE
"barcs-external-headtohead-v1","DESeq2",400,90,0.967132616487455,0.957967068495397,0.937045725809771,0.988888888888889,108,0.944444444444444,0.212962962962963,0.858585858585859,0.0869565217391304,"moi_0.25_quality_0.9_genes_400_replicates_6",20250728,0.25,0.9,400,6,FALSE
"barcs-external-headtohead-v1","limma-voom",400,90,0.971003584229391,0.959467838525716,0.931069679384286,0.988888888888889,107,0.944444444444444,0.205607476635514,0.862944162436548,0.0869565217391304,"moi_0.25_quality_0.9_genes_400_replicates_6",20250728,0.25,0.9,400,6,FALSE
