"scenario_id","metric","method","reference","n","mean_difference","sd_difference","lower_95","upper_95"
"moi_0.1_quality_0.9_genes_400_replicates_4","auroc","BARCS-partial","BARCS-original",5,-0.0211817940310718,0.00795710335590629,-0.031061842798087,-0.0113017452640566
"moi_0.25_quality_0.6_genes_400_replicates_4","auroc","BARCS-partial","BARCS-original",5,-0.0659626108050652,0.0121676747876675,-0.0810707745307636,-0.0508544470793668
"moi_0.25_quality_0.75_genes_400_replicates_4","auroc","BARCS-partial","BARCS-original",5,-0.0494131510835042,0.0131910092739346,-0.0657919523989207,-0.0330343497680877
"moi_0.25_quality_0.9_genes_100_replicates_4","auroc","BARCS-partial","BARCS-original",5,-0.0190931626801226,0.0162000143179405,-0.0392081372290949,0.00102181186884965
"moi_0.25_quality_0.9_genes_1000_replicates_4","auroc","BARCS-partial","BARCS-original",5,-0.02375791365173,0.0040891180389771,-0.0288352243051335,-0.0186806029983266
"moi_0.25_quality_0.9_genes_400_replicates_1","auroc","BARCS-partial","BARCS-original",5,-0.0266238847020182,0.0201153135219422,-0.0516003453147952,-0.00164742408924115
"moi_0.25_quality_0.9_genes_400_replicates_3","auroc","BARCS-partial","BARCS-original",5,-0.0303305446567028,0.0139885333699403,-0.0476996029298297,-0.012961486383576
"moi_0.25_quality_0.9_genes_400_replicates_4","auroc","BARCS-partial","BARCS-original",5,-0.0294563695328926,0.00665677916824115,-0.0377218525700904,-0.0211908864956948
"moi_0.25_quality_0.9_genes_400_replicates_6","auroc","BARCS-partial","BARCS-original",5,-0.0185724792748264,0.0063377683206993,-0.0264418580275951,-0.0107031005220578
"moi_0.4_quality_0.9_genes_400_replicates_4","auroc","BARCS-partial","BARCS-original",5,-0.0424705965866584,0.0165076618876971,-0.0629675660471323,-0.0219736271261846
"moi_0.1_quality_0.9_genes_400_replicates_4","auroc","BARCS-EB","BARCS-original",5,-0.0045968187853952,0.00601002303770153,-0.0120592480196844,0.00286561044889402
"moi_0.25_quality_0.6_genes_400_replicates_4","auroc","BARCS-EB","BARCS-original",5,-0.024192111209335,0.00936561906793031,-0.0358210632268747,-0.0125631591917952
"moi_0.25_quality_0.75_genes_400_replicates_4","auroc","BARCS-EB","BARCS-original",5,-0.0119288669872534,0.0052492562396116,-0.0184466794773256,-0.00541105449718117
"moi_0.25_quality_0.9_genes_100_replicates_4","auroc","BARCS-EB","BARCS-original",5,-0.00376720826274979,0.0098271415220459,-0.0159692160959275,0.00843479957042794
"moi_0.25_quality_0.9_genes_1000_replicates_4","auroc","BARCS-EB","BARCS-original",5,-0.00273384085424742,0.00201293560717948,-0.00523323052838461,-0.000234451180110223
"moi_0.25_quality_0.9_genes_400_replicates_1","auroc","BARCS-EB","BARCS-original",5,0.00156031919053861,0.00935394493918245,-0.0100541374816245,0.0131747758627017
"moi_0.25_quality_0.9_genes_400_replicates_3","auroc","BARCS-EB","BARCS-original",5,-0.00649891483615304,0.00981842971095605,-0.0186901055271413,0.00569227585483528
"moi_0.25_quality_0.9_genes_400_replicates_4","auroc","BARCS-EB","BARCS-original",5,-0.0062180966736288,0.00269824870173604,-0.00956841494477449,-0.00286777840248312
"moi_0.25_quality_0.9_genes_400_replicates_6","auroc","BARCS-EB","BARCS-original",5,-0.00336165775345123,0.00184789854506718,-0.00565612684919426,-0.0010671886577082
"moi_0.4_quality_0.9_genes_400_replicates_4","auroc","BARCS-EB","BARCS-original",5,-0.0178641804519032,0.0115679737715218,-0.0322277170161672,-0.00350064388763911
"moi_0.1_quality_0.9_genes_400_replicates_4","auroc","BARCS-EB","BARCS-partial",5,0.0165849752456766,0.00657044333031909,0.00842669231018136,0.0247432581811719
"moi_0.25_quality_0.6_genes_400_replicates_4","auroc","BARCS-EB","BARCS-partial",5,0.0417704995957302,0.00762922279230933,0.0322975683202442,0.0512434308712163
"moi_0.25_quality_0.75_genes_400_replicates_4","auroc","BARCS-EB","BARCS-partial",5,0.0374842840962508,0.0083647411410679,0.0270980861670929,0.0478704820254087
"moi_0.25_quality_0.9_genes_100_replicates_4","auroc","BARCS-EB","BARCS-partial",5,0.0153259544173728,0.0146865115262828,-0.0029097582040172,0.0335616670387628
"moi_0.25_quality_0.9_genes_1000_replicates_4","auroc","BARCS-EB","BARCS-partial",5,0.0210240727974826,0.00289871541475703,0.0174248422259405,0.0246233033690247
"moi_0.25_quality_0.9_genes_400_replicates_1","auroc","BARCS-EB","BARCS-partial",5,0.0281842038925568,0.0179999992618539,0.00583425284141846,0.0505341549436951
"moi_0.25_quality_0.9_genes_400_replicates_3","auroc","BARCS-EB","BARCS-partial",5,0.0238316298205498,0.00689606647082368,0.0152690323545079,0.0323942272865916
"moi_0.25_quality_0.9_genes_400_replicates_4","auroc","BARCS-EB","BARCS-partial",5,0.0232382728592638,0.00509279478596583,0.0169147329232902,0.0295618127952374
"moi_0.25_quality_0.9_genes_400_replicates_6","auroc","BARCS-EB","BARCS-partial",5,0.0152108215213752,0.0051154522300104,0.0088591486528401,0.0215624943899103
"moi_0.4_quality_0.9_genes_400_replicates_4","auroc","BARCS-EB","BARCS-partial",5,0.0246064161347552,0.00812286824553451,0.0145205430721225,0.034692289197388
"moi_0.1_quality_0.9_genes_400_replicates_4","average_precision","BARCS-partial","BARCS-original",5,-0.05068161894377,0.01002337948501,-0.0631272883906411,-0.0382359494968988
"moi_0.25_quality_0.6_genes_400_replicates_4","average_precision","BARCS-partial","BARCS-original",5,-0.158632191221271,0.0349254995570092,-0.201997926640491,-0.115266455802051
"moi_0.25_quality_0.75_genes_400_replicates_4","average_precision","BARCS-partial","BARCS-original",5,-0.111585095519043,0.0233526571697912,-0.140581249189168,-0.0825889418489183
"moi_0.25_quality_0.9_genes_100_replicates_4","average_precision","BARCS-partial","BARCS-original",5,-0.0398649786372704,0.0218489408467507,-0.0669940218855645,-0.0127359353889764
"moi_0.25_quality_0.9_genes_1000_replicates_4","average_precision","BARCS-partial","BARCS-original",5,-0.0575646800557504,0.0123777954834887,-0.0729337430847275,-0.0421956170267733
"moi_0.25_quality_0.9_genes_400_replicates_1","average_precision","BARCS-partial","BARCS-original",5,-0.0709002342170934,0.036346101438359,-0.116029879848166,-0.025770588586021
"moi_0.25_quality_0.9_genes_400_replicates_3","average_precision","BARCS-partial","BARCS-original",5,-0.0730260927954954,0.0363279338565879,-0.118133180394348,-0.0279190051966425
"moi_0.25_quality_0.9_genes_400_replicates_4","average_precision","BARCS-partial","BARCS-original",5,-0.0747337494876634,0.0333444018581823,-0.116136292816607,-0.0333312061587197
"moi_0.25_quality_0.9_genes_400_replicates_6","average_precision","BARCS-partial","BARCS-original",5,-0.0497182170992178,0.016111392055799,-0.0697231525758496,-0.029713281622586
"moi_0.4_quality_0.9_genes_400_replicates_4","average_precision","BARCS-partial","BARCS-original",5,-0.0825159911406274,0.0205285491079423,-0.108005551503317,-0.0570264307779374
"moi_0.1_quality_0.9_genes_400_replicates_4","average_precision","BARCS-EB","BARCS-original",5,-0.0107317587114914,0.00600977680937834,-0.0181938822129363,-0.0032696352100464
"moi_0.25_quality_0.6_genes_400_replicates_4","average_precision","BARCS-EB","BARCS-original",5,-0.050132846496925,0.0192335493840479,-0.0740144523247715,-0.0262512406690785
"moi_0.25_quality_0.75_genes_400_replicates_4","average_precision","BARCS-EB","BARCS-original",5,-0.025497346238576,0.0101881134295602,-0.0381475598936771,-0.0128471325834748
"moi_0.25_quality_0.9_genes_100_replicates_4","average_precision","BARCS-EB","BARCS-original",5,0.00110569515400036,0.0201202778951673,-0.0238769295422839,0.0260883198502847
"moi_0.25_quality_0.9_genes_1000_replicates_4","average_precision","BARCS-EB","BARCS-original",5,-0.00483507196928663,0.00661102342694403,-0.0130437417498047,0.00337359781123145
"moi_0.25_quality_0.9_genes_400_replicates_1","average_precision","BARCS-EB","BARCS-original",5,-0.00040256144340003,0.0168212671075084,-0.0212889232149623,0.0204838003281623
"moi_0.25_quality_0.9_genes_400_replicates_3","average_precision","BARCS-EB","BARCS-original",5,-0.0085752580049778,0.00959630499845209,-0.0204906444373386,0.00334012842738299
"moi_0.25_quality_0.9_genes_400_replicates_4","average_precision","BARCS-EB","BARCS-original",5,-0.0141957150147358,0.00898475939409187,-0.0253517672869028,-0.00303966274256891
"moi_0.25_quality_0.9_genes_400_replicates_6","average_precision","BARCS-EB","BARCS-original",5,-0.00775657145043098,0.00814364275321846,-0.0178682394713353,0.00235509657047336
"moi_0.4_quality_0.9_genes_400_replicates_4","average_precision","BARCS-EB","BARCS-original",5,-0.0298672309955464,0.0140600796193855,-0.0473251256708159,-0.012409336320277
"moi_0.1_quality_0.9_genes_400_replicates_4","average_precision","BARCS-EB","BARCS-partial",5,0.0399498602322786,0.0133015838448813,0.0234337624530007,0.0564659580115565
"moi_0.25_quality_0.6_genes_400_replicates_4","average_precision","BARCS-EB","BARCS-partial",5,0.108499344724346,0.0215554086567664,0.0817347698286691,0.135263919620022
"moi_0.25_quality_0.75_genes_400_replicates_4","average_precision","BARCS-EB","BARCS-partial",5,0.0860877492804671,0.0173912865669631,0.0644936148678243,0.10768188369311
"moi_0.25_quality_0.9_genes_100_replicates_4","average_precision","BARCS-EB","BARCS-partial",5,0.0409706737912708,0.0128555485979142,0.0250084019200818,0.0569329456624598
"moi_0.25_quality_0.9_genes_1000_replicates_4","average_precision","BARCS-EB","BARCS-partial",5,0.0527296080864638,0.00907027526350715,0.0414673738379688,0.0639918423349587
"moi_0.25_quality_0.9_genes_400_replicates_1","average_precision","BARCS-EB","BARCS-partial",5,0.0704976727736934,0.0205675852330804,0.0449596426597901,0.0960357028875967
"moi_0.25_quality_0.9_genes_400_replicates_3","average_precision","BARCS-EB","BARCS-partial",5,0.0644508347905176,0.0344118470611452,0.0217228831829996,0.107178786398036
"moi_0.25_quality_0.9_genes_400_replicates_4","average_precision","BARCS-EB","BARCS-partial",5,0.0605380344729276,0.0245440944544989,0.0300625160202637,0.0910135529255914
"moi_0.25_quality_0.9_genes_400_replicates_6","average_precision","BARCS-EB","BARCS-partial",5,0.0419616456487868,0.01651952815112,0.0214499422762274,0.0624733490213461
"moi_0.4_quality_0.9_genes_400_replicates_4","average_precision","BARCS-EB","BARCS-partial",5,0.052648760145081,0.0109157798703949,0.0390950292676943,0.0662024910224677
"moi_0.1_quality_0.9_genes_400_replicates_4","effect_spearman_active","BARCS-partial","BARCS-original",5,0.00417681064886839,0.00558478909111518,-0.00275762090313045,0.0111112422008672
"moi_0.25_quality_0.6_genes_400_replicates_4","effect_spearman_active","BARCS-partial","BARCS-original",5,0.0146087249726364,0.0223124491494351,-0.0130958398479694,0.0423132897932422
"moi_0.25_quality_0.75_genes_400_replicates_4","effect_spearman_active","BARCS-partial","BARCS-original",5,0.00913449079520541,0.0238862044445187,-0.0205241493172882,0.038793130907699
"moi_0.25_quality_0.9_genes_100_replicates_4","effect_spearman_active","BARCS-partial","BARCS-original",5,-0.00937296708953741,0.015316054391615,-0.0283903604221365,0.00964442624306165
"moi_0.25_quality_0.9_genes_1000_replicates_4","effect_spearman_active","BARCS-partial","BARCS-original",5,0.00606054486956542,0.00709253671841772,-0.00274600262963213,0.014867092368763
"moi_0.25_quality_0.9_genes_400_replicates_1","effect_spearman_active","BARCS-partial","BARCS-original",5,0.0163453967155124,0.0193775140895169,-0.00771496490412692,0.0404057583351516
"moi_0.25_quality_0.9_genes_400_replicates_3","effect_spearman_active","BARCS-partial","BARCS-original",5,0.00947602765991578,0.00779529991802021,-0.000203115603490676,0.0191551709233222
"moi_0.25_quality_0.9_genes_400_replicates_4","effect_spearman_active","BARCS-partial","BARCS-original",5,0.00516144602249922,0.0139695666943736,-0.0121840620124108,0.0225069540574092
"moi_0.25_quality_0.9_genes_400_replicates_6","effect_spearman_active","BARCS-partial","BARCS-original",5,0.00342199225839721,0.00874183584223862,-0.00743243058511777,0.0142764151019122
"moi_0.4_quality_0.9_genes_400_replicates_4","effect_spearman_active","BARCS-partial","BARCS-original",5,-0.000601026302376795,0.0155783458279287,-0.0199440974684836,0.01874204486373
"moi_0.1_quality_0.9_genes_400_replicates_4","effect_spearman_active","BARCS-EB","BARCS-original",5,0.00568991666174719,0.00401011031574548,0.000710707053860496,0.0106691262696339
"moi_0.25_quality_0.6_genes_400_replicates_4","effect_spearman_active","BARCS-EB","BARCS-original",5,0.0151921645243272,0.0221962526959543,-0.0123681233432725,0.0427524523919269
"moi_0.25_quality_0.75_genes_400_replicates_4","effect_spearman_active","BARCS-EB","BARCS-original",5,0.0104585675679608,0.0230046390716742,-0.0181054645590087,0.0390225996949303
"moi_0.25_quality_0.9_genes_100_replicates_4","effect_spearman_active","BARCS-EB","BARCS-original",5,-0.006497071343939,0.0163801463008359,-0.0268357092909974,0.0138415666031194
"moi_0.25_quality_0.9_genes_1000_replicates_4","effect_spearman_active","BARCS-EB","BARCS-original",5,0.0059759201934886,0.00646953904361809,-0.00205707352194558,0.0140089139089228
"moi_0.25_quality_0.9_genes_400_replicates_1","effect_spearman_active","BARCS-EB","BARCS-original",5,0.018350922201871,0.0188298874849754,-0.0050294711784506,0.0417313155821926
"moi_0.25_quality_0.9_genes_400_replicates_3","effect_spearman_active","BARCS-EB","BARCS-original",5,0.0097381135997842,0.00807335419415565,-0.000286279647846223,0.0197625068474146
"moi_0.25_quality_0.9_genes_400_replicates_4","effect_spearman_active","BARCS-EB","BARCS-original",5,0.00552920832032542,0.0141834658986981,-0.0120818906558389,0.0231403072964897
"moi_0.25_quality_0.9_genes_400_replicates_6","effect_spearman_active","BARCS-EB","BARCS-original",5,0.00351452586168559,0.00885411071245711,-0.00747930464608268,0.0145083563694539
"moi_0.4_quality_0.9_genes_400_replicates_4","effect_spearman_active","BARCS-EB","BARCS-original",5,0.000377600519244003,0.0153705371824866,-0.018707442133302,0.01946264317179
"moi_0.1_quality_0.9_genes_400_replicates_4","effect_spearman_active","BARCS-EB","BARCS-partial",5,0.0015131060128788,0.00189153887203826,-0.000835549705734064,0.00386176173149166
"moi_0.25_quality_0.6_genes_400_replicates_4","effect_spearman_active","BARCS-EB","BARCS-partial",5,0.000583439551690823,0.0021438004426393,-0.0020784402772677,0.00324531938064934
"moi_0.25_quality_0.75_genes_400_replicates_4","effect_spearman_active","BARCS-EB","BARCS-partial",5,0.00132407677275537,0.0027206299974551,-0.00205403154751783,0.00470218509302857
"moi_0.25_quality_0.9_genes_100_replicates_4","effect_spearman_active","BARCS-EB","BARCS-partial",5,0.00287589574559841,0.00373948007745975,-0.00176728203858358,0.0075190735297804
"moi_0.25_quality_0.9_genes_1000_replicates_4","effect_spearman_active","BARCS-EB","BARCS-partial",5,-8.46246760768166e-05,0.000758164620058536,-0.00102601038951534,0.000856761037361702
"moi_0.25_quality_0.9_genes_400_replicates_1","effect_spearman_active","BARCS-EB","BARCS-partial",5,0.00200552548635864,0.00452227045115154,-0.00360961492297692,0.0076206658956942
"moi_0.25_quality_0.9_genes_400_replicates_3","effect_spearman_active","BARCS-EB","BARCS-partial",5,0.000262085939868428,0.00146635140822814,-0.00155862981244384,0.0020828016921807
"moi_0.25_quality_0.9_genes_400_replicates_4","effect_spearman_active","BARCS-EB","BARCS-partial",5,0.000367762297826202,0.00201007287852978,-0.00212807282921003,0.00286359742486244
"moi_0.25_quality_0.9_genes_400_replicates_6","effect_spearman_active","BARCS-EB","BARCS-partial",5,9.25336032883804e-05,0.00247241213054043,-0.00297737152792594,0.0031624387345027
"moi_0.4_quality_0.9_genes_400_replicates_4","effect_spearman_active","BARCS-EB","BARCS-partial",5,0.000978626821620798,0.00168089338204202,-0.00110847797567974,0.00306573161892133
"moi_0.1_quality_0.9_genes_400_replicates_4","direction_accuracy_active","BARCS-partial","BARCS-original",5,-0.00354646206308622,0.0103580299537623,-0.0164076549489891,0.00931473082281662
"moi_0.25_quality_0.6_genes_400_replicates_4","direction_accuracy_active","BARCS-partial","BARCS-original",5,0.034622975708502,0.0292390632552583,-0.00168211647675476,0.0709280678937587
"moi_0.25_quality_0.75_genes_400_replicates_4","direction_accuracy_active","BARCS-partial","BARCS-original",5,0.0266376936096318,0.00895369889081003,0.015520208046156,0.0377551791731076
"moi_0.25_quality_0.9_genes_100_replicates_4","direction_accuracy_active","BARCS-partial","BARCS-original",5,0,0,0,0
"moi_0.25_quality_0.9_genes_1000_replicates_4","direction_accuracy_active","BARCS-partial","BARCS-original",5,0.0123951869706403,0.00498252983128287,0.00620855905916005,0.0185818148821205
"moi_0.25_quality_0.9_genes_400_replicates_1","direction_accuracy_active","BARCS-partial","BARCS-original",5,0.0171409095650738,0.0216987343465697,-0.00980162767964933,0.0440834468097969
"moi_0.25_quality_0.9_genes_400_replicates_3","direction_accuracy_active","BARCS-partial","BARCS-original",5,0.00519749928957121,0.0144470692854992,-0.0127409065217886,0.023135905100931
"moi_0.25_quality_0.9_genes_400_replicates_4","direction_accuracy_active","BARCS-partial","BARCS-original",5,0.00333333333333341,0.00745355992499947,-0.00592148368399278,0.0125881503506596
"moi_0.25_quality_0.9_genes_400_replicates_6","direction_accuracy_active","BARCS-partial","BARCS-original",5,0.00109341333304558,0.0177553999959672,-0.0209528276156542,0.0231396542817453
"moi_0.4_quality_0.9_genes_400_replicates_4","direction_accuracy_active","BARCS-partial","BARCS-original",5,0.0138072524918976,0.0147860208000861,-0.0045520172122613,0.0321665221960565
"moi_0.1_quality_0.9_genes_400_replicates_4","direction_accuracy_active","BARCS-EB","BARCS-original",5,-0.00132423984086403,0.0123159534574012,-0.0166165158524723,0.0139680361707442
"moi_0.25_quality_0.6_genes_400_replicates_4","direction_accuracy_active","BARCS-EB","BARCS-original",5,0.031497975708502,0.0324372105808694,-0.00877814087191776,0.0717740922889217
"moi_0.25_quality_0.75_genes_400_replicates_4","direction_accuracy_active","BARCS-EB","BARCS-original",5,0.028590700379843,0.0143130665563401,0.0108186809329411,0.0463627198267449
"moi_0.25_quality_0.9_genes_100_replicates_4","direction_accuracy_active","BARCS-EB","BARCS-original",5,0,0,0,0
"moi_0.25_quality_0.9_genes_1000_replicates_4","direction_accuracy_active","BARCS-EB","BARCS-original",5,0.0132960878715411,0.00644575438380429,0.00529262671190719,0.0212995490311749
"moi_0.25_quality_0.9_genes_400_replicates_1","direction_accuracy_active","BARCS-EB","BARCS-original",5,0.012648479681728,0.0258872261133927,-0.0194947569966321,0.0447917163600881
"moi_0.25_quality_0.9_genes_400_replicates_3","direction_accuracy_active","BARCS-EB","BARCS-original",5,0.0071582836032966,0.0158278769243603,-0.0124946213416817,0.0268111885482749
"moi_0.25_quality_0.9_genes_400_replicates_4","direction_accuracy_active","BARCS-EB","BARCS-original",5,0.00333333333333341,0.00745355992499947,-0.00592148368399278,0.0125881503506596
"moi_0.25_quality_0.9_genes_400_replicates_6","direction_accuracy_active","BARCS-EB","BARCS-original",5,0.00109341333304558,0.0177553999959672,-0.0209528276156542,0.0231396542817453
"moi_0.4_quality_0.9_genes_400_replicates_4","direction_accuracy_active","BARCS-EB","BARCS-original",5,0.0116333394484194,0.0118352923241361,-0.00306211693867772,0.0263287958355165
"moi_0.1_quality_0.9_genes_400_replicates_4","direction_accuracy_active","BARCS-EB","BARCS-partial",5,0.00222222222222219,0.00496903994999947,-0.00394765578932838,0.00839210023377276
"moi_0.25_quality_0.6_genes_400_replicates_4","direction_accuracy_active","BARCS-EB","BARCS-partial",5,-0.003125,0.00698771242968684,-0.0118013909537431,0.00555139095374311
"moi_0.25_quality_0.75_genes_400_replicates_4","direction_accuracy_active","BARCS-EB","BARCS-partial",5,0.0019530067702112,0.0103288757103131,-0.010871986341206,0.0147779998816284
"moi_0.25_quality_0.9_genes_100_replicates_4","direction_accuracy_active","BARCS-EB","BARCS-partial",5,0,0,0,0
"moi_0.25_quality_0.9_genes_1000_replicates_4","direction_accuracy_active","BARCS-EB","BARCS-partial",5,0.000900900900900803,0.002014475655405,-0.00160040099567351,0.00340220279747512
"moi_0.25_quality_0.9_genes_400_replicates_1","direction_accuracy_active","BARCS-EB","BARCS-partial",5,-0.00449242988334582,0.0062337384267862,-0.0122326384621056,0.00324777869541398
"moi_0.25_quality_0.9_genes_400_replicates_3","direction_accuracy_active","BARCS-EB","BARCS-partial",5,0.00196078431372539,0.00438444701470526,-0.00348322569646609,0.00740479432391688
"moi_0.25_quality_0.9_genes_400_replicates_4","direction_accuracy_active","BARCS-EB","BARCS-partial",5,0,0,0,0
"moi_0.25_quality_0.9_genes_400_replicates_6","direction_accuracy_active","BARCS-EB","BARCS-partial",5,0,0,0,0
"moi_0.4_quality_0.9_genes_400_replicates_4","direction_accuracy_active","BARCS-EB","BARCS-partial",5,-0.0021739130434782,0.00486101734239072,-0.0082096632721689,0.00386183718521249
"moi_0.1_quality_0.9_genes_400_replicates_4","directional_recall_fdr_0_10","BARCS-partial","BARCS-original",5,-0.316533861388988,0.091082591972825,-0.429627836704728,-0.203439886073248
"moi_0.25_quality_0.6_genes_400_replicates_4","directional_recall_fdr_0_10","BARCS-partial","BARCS-original",5,-0.215682255695801,0.105448636852306,-0.346614031734972,-0.0847504796566299
"moi_0.25_quality_0.75_genes_400_replicates_4","directional_recall_fdr_0_10","BARCS-partial","BARCS-original",5,-0.374253152079535,0.146939823339987,-0.556703040623218,-0.191803263535853
"moi_0.25_quality_0.9_genes_100_replicates_4","directional_recall_fdr_0_10","BARCS-partial","BARCS-original",5,-0.337284179117871,0.143622565425882,-0.515615147936853,-0.158953210298889
"moi_0.25_quality_0.9_genes_1000_replicates_4","directional_recall_fdr_0_10","BARCS-partial","BARCS-original",5,-0.290392963207606,0.0806576997261896,-0.390542725135545,-0.190243201279667
"moi_0.25_quality_0.9_genes_400_replicates_1","directional_recall_fdr_0_10","BARCS-partial","BARCS-original",5,0.128342236179006,0.030354800253222,0.0906517735319141,0.166032698826099
"moi_0.25_quality_0.9_genes_400_replicates_3","directional_recall_fdr_0_10","BARCS-partial","BARCS-original",5,-0.258422451717799,0.0791112481872792,-0.356652040444907,-0.160192862990692
"moi_0.25_quality_0.9_genes_400_replicates_4","directional_recall_fdr_0_10","BARCS-partial","BARCS-original",5,-0.31431584778472,0.131182346197493,-0.477200244258049,-0.151431451311391
"moi_0.25_quality_0.9_genes_400_replicates_6","directional_recall_fdr_0_10","BARCS-partial","BARCS-original",5,-0.260379674893256,0.0889604152963451,-0.370838619831983,-0.149920729954529
"moi_0.4_quality_0.9_genes_400_replicates_4","directional_recall_fdr_0_10","BARCS-partial","BARCS-original",5,-0.241371254060237,0.121425672777134,-0.392141140405275,-0.0906013677151995
"moi_0.1_quality_0.9_genes_400_replicates_4","directional_recall_fdr_0_10","BARCS-EB","BARCS-original",5,-0.205284801133809,0.0972548352594364,-0.326042628726689,-0.0845269735409288
"moi_0.25_quality_0.6_genes_400_replicates_4","directional_recall_fdr_0_10","BARCS-EB","BARCS-original",5,-0.188578431372549,0.126102845265993,-0.345155794410393,-0.0320010683347054
"moi_0.25_quality_0.75_genes_400_replicates_4","directional_recall_fdr_0_10","BARCS-EB","BARCS-original",5,-0.274944712444844,0.0906640205187757,-0.387518962655415,-0.162370462234272
"moi_0.25_quality_0.9_genes_100_replicates_4","directional_recall_fdr_0_10","BARCS-EB","BARCS-original",5,-0.215933279490286,0.147241150159861,-0.3987573146979,-0.0331092442826718
"moi_0.25_quality_0.9_genes_1000_replicates_4","directional_recall_fdr_0_10","BARCS-EB","BARCS-original",5,-0.191768271441937,0.0464945803363746,-0.249498917957206,-0.134037624926668
"moi_0.25_quality_0.9_genes_400_replicates_1","directional_recall_fdr_0_10","BARCS-EB","BARCS-original",5,0.117285369477088,0.0882748349978552,0.00767768491287384,0.226893054041303
"moi_0.25_quality_0.9_genes_400_replicates_3","directional_recall_fdr_0_10","BARCS-EB","BARCS-original",5,-0.222554307358607,0.0756090463057778,-0.316435338095012,-0.128673276622201
"moi_0.25_quality_0.9_genes_400_replicates_4","directional_recall_fdr_0_10","BARCS-EB","BARCS-original",5,-0.213642684738544,0.105092724444938,-0.344132537154972,-0.0831528323221167
"moi_0.25_quality_0.9_genes_400_replicates_6","directional_recall_fdr_0_10","BARCS-EB","BARCS-original",5,-0.170382264811997,0.0813615033832511,-0.271405914402714,-0.0693586152212806
"moi_0.4_quality_0.9_genes_400_replicates_4","directional_recall_fdr_0_10","BARCS-EB","BARCS-original",5,-0.18262729270758,0.128294799469486,-0.341926326365613,-0.023328259049548
"moi_0.1_quality_0.9_genes_400_replicates_4","directional_recall_fdr_0_10","BARCS-EB","BARCS-partial",5,0.111249060255179,0.0475833556474716,0.0521665206339879,0.17033159987637
"moi_0.25_quality_0.6_genes_400_replicates_4","directional_recall_fdr_0_10","BARCS-EB","BARCS-partial",5,0.0271038243232517,0.0377001736356888,-0.0197071240062138,0.0739147726527172
"moi_0.25_quality_0.75_genes_400_replicates_4","directional_recall_fdr_0_10","BARCS-EB","BARCS-partial",5,0.0993084396346918,0.0716341527195773,0.0103628911609624,0.188253988108421
"moi_0.25_quality_0.9_genes_100_replicates_4","directional_recall_fdr_0_10","BARCS-EB","BARCS-partial",5,0.121350899627585,0.0882671737311327,0.011752727782441,0.23094907147273
"moi_0.25_quality_0.9_genes_1000_replicates_4","directional_recall_fdr_0_10","BARCS-EB","BARCS-partial",5,0.098624691765669,0.0895301032683278,-0.0125416142180788,0.209790997749417
"moi_0.25_quality_0.9_genes_400_replicates_1","directional_recall_fdr_0_10","BARCS-EB","BARCS-partial",5,-0.0110568667019182,0.0727699339686573,-0.101412673862465,0.0792989404586288
"moi_0.25_quality_0.9_genes_400_replicates_3","directional_recall_fdr_0_10","BARCS-EB","BARCS-partial",5,0.0358681443591928,0.0769372073492725,-0.0596620161287369,0.131398304847122
"moi_0.25_quality_0.9_genes_400_replicates_4","directional_recall_fdr_0_10","BARCS-EB","BARCS-partial",5,0.100673163046176,0.0857620835609596,-0.00581452852241054,0.207160854614762
"moi_0.25_quality_0.9_genes_400_replicates_6","directional_recall_fdr_0_10","BARCS-EB","BARCS-partial",5,0.0899974100812586,0.0195292740908351,0.0657486135316151,0.114246206630902
"moi_0.4_quality_0.9_genes_400_replicates_4","directional_recall_fdr_0_10","BARCS-EB","BARCS-partial",5,0.058743961352657,0.0878592102310447,-0.0503476569018471,0.167835579607161
"moi_0.1_quality_0.9_genes_400_replicates_4","empirical_fdp_fdr_0_10","BARCS-partial","BARCS-original",5,-0.0816488194314966,0.0463585406282021,-0.139210550338802,-0.0240870885241916
"moi_0.25_quality_0.6_genes_400_replicates_4","empirical_fdp_fdr_0_10","BARCS-partial","BARCS-original",5,-0.0106727322856354,0.121018233606356,-0.160936716080861,0.13959125150959
"moi_0.25_quality_0.75_genes_400_replicates_4","empirical_fdp_fdr_0_10","BARCS-partial","BARCS-original",5,-0.0817701483304305,0.0494988206397517,-0.143231051872356,-0.0203092447885054
"moi_0.25_quality_0.9_genes_100_replicates_4","empirical_fdp_fdr_0_10","BARCS-partial","BARCS-original",5,-0.140904761904762,0.0409815787387255,-0.19179011281419,-0.0900194109953335
"moi_0.25_quality_0.9_genes_1000_replicates_4","empirical_fdp_fdr_0_10","BARCS-partial","BARCS-original",5,-0.047196613187296,0.0308837304179759,-0.0855438293775271,-0.00884939699706488
"moi_0.25_quality_0.9_genes_400_replicates_1","empirical_fdp_fdr_0_10","BARCS-partial","BARCS-original",5,0.0901960784313724,0.0933977551785424,-0.0257725516868728,0.206164708549618
"moi_0.25_quality_0.9_genes_400_replicates_3","empirical_fdp_fdr_0_10","BARCS-partial","BARCS-original",5,0.00739075471037217,0.0474396651131972,-0.0515133695475279,0.0662948789682722
"moi_0.25_quality_0.9_genes_400_replicates_4","empirical_fdp_fdr_0_10","BARCS-partial","BARCS-original",5,-0.0400103951035316,0.0254711815696475,-0.0716370442502741,-0.00838374595678911
"moi_0.25_quality_0.9_genes_400_replicates_6","empirical_fdp_fdr_0_10","BARCS-partial","BARCS-original",5,-0.0304212280930056,0.064326710038926,-0.110293388071233,0.0494509318852214
"moi_0.4_quality_0.9_genes_400_replicates_4","empirical_fdp_fdr_0_10","BARCS-partial","BARCS-original",5,0.00291461750082284,0.0449811995671413,-0.0529369185977152,0.0587661535993609
"moi_0.1_quality_0.9_genes_400_replicates_4","empirical_fdp_fdr_0_10","BARCS-EB","BARCS-original",5,-0.0956261571532578,0.046534463289146,-0.153406324895125,-0.0378459894113905
"moi_0.25_quality_0.6_genes_400_replicates_4","empirical_fdp_fdr_0_10","BARCS-EB","BARCS-original",5,-0.0595616211745244,0.0569707299198839,-0.130300125467434,0.0111768831183855
"moi_0.25_quality_0.75_genes_400_replicates_4","empirical_fdp_fdr_0_10","BARCS-EB","BARCS-original",5,-0.0938429774620832,0.0359564414803755,-0.138488796351786,-0.0491971585723805
"moi_0.25_quality_0.9_genes_100_replicates_4","empirical_fdp_fdr_0_10","BARCS-EB","BARCS-original",5,-0.143404761904762,0.038145576860412,-0.19076875138305,-0.0960407724264737
"moi_0.25_quality_0.9_genes_1000_replicates_4","empirical_fdp_fdr_0_10","BARCS-EB","BARCS-original",5,-0.0679588514085517,0.0269209784807198,-0.10138566118448,-0.0345320416326237
"moi_0.25_quality_0.9_genes_400_replicates_1","empirical_fdp_fdr_0_10","BARCS-EB","BARCS-original",5,0,0,0,0
"moi_0.25_quality_0.9_genes_400_replicates_3","empirical_fdp_fdr_0_10","BARCS-EB","BARCS-original",5,-0.0640996496152872,0.0499418317520521,-0.12611062410616,-0.00208867512441441
"moi_0.25_quality_0.9_genes_400_replicates_4","empirical_fdp_fdr_0_10","BARCS-EB","BARCS-original",5,-0.0780691539276799,0.0423652978884986,-0.130672619089007,-0.0254656887663532
"moi_0.25_quality_0.9_genes_400_replicates_6","empirical_fdp_fdr_0_10","BARCS-EB","BARCS-original",5,-0.0727017144617273,0.0593995375257349,-0.146455981717386,0.0010525527939312
"moi_0.4_quality_0.9_genes_400_replicates_4","empirical_fdp_fdr_0_10","BARCS-EB","BARCS-original",5,-0.0469941719686231,0.0372252946927124,-0.0932154802110898,-0.000772863726156467
"moi_0.1_quality_0.9_genes_400_replicates_4","empirical_fdp_fdr_0_10","BARCS-EB","BARCS-partial",5,-0.0139773377217612,0.0112576390522957,-0.0279555428377695,8.67394247070635e-07
"moi_0.25_quality_0.6_genes_400_replicates_4","empirical_fdp_fdr_0_10","BARCS-EB","BARCS-partial",5,-0.048888888888889,0.0811187211041955,-0.1496110844643,0.0518333066865225
"moi_0.25_quality_0.75_genes_400_replicates_4","empirical_fdp_fdr_0_10","BARCS-EB","BARCS-partial",5,-0.0120728291316527,0.0382630387431195,-0.05958266680086,0.0354370085375546
"moi_0.25_quality_0.9_genes_100_replicates_4","empirical_fdp_fdr_0_10","BARCS-EB","BARCS-partial",5,-0.0025,0.00559016994374948,-0.00944111276299449,0.00444111276299449
"moi_0.25_quality_0.9_genes_1000_replicates_4","empirical_fdp_fdr_0_10","BARCS-EB","BARCS-partial",5,-0.0207622382212557,0.0211533516243629,-0.0470275933745723,0.00550311693206084
"moi_0.25_quality_0.9_genes_400_replicates_1","empirical_fdp_fdr_0_10","BARCS-EB","BARCS-partial",5,-0.0901960784313724,0.0933977551785424,-0.206164708549618,0.0257725516868728
"moi_0.25_quality_0.9_genes_400_replicates_3","empirical_fdp_fdr_0_10","BARCS-EB","BARCS-partial",5,-0.0714904043256593,0.0248748320281115,-0.102376587716331,-0.0406042209349873
"moi_0.25_quality_0.9_genes_400_replicates_4","empirical_fdp_fdr_0_10","BARCS-EB","BARCS-partial",5,-0.0380587588241483,0.0372567811632588,-0.0843191626835229,0.00820164503522639
"moi_0.25_quality_0.9_genes_400_replicates_6","empirical_fdp_fdr_0_10","BARCS-EB","BARCS-partial",5,-0.0422804863687217,0.0255867003314877,-0.0740505710031583,-0.0105104017342851
"moi_0.4_quality_0.9_genes_400_replicates_4","empirical_fdp_fdr_0_10","BARCS-EB","BARCS-partial",5,-0.049908789469446,0.0318622916067815,-0.0894710498578565,-0.0103465290810355
"moi_0.1_quality_0.9_genes_400_replicates_4","f1_fdr_0_10","BARCS-partial","BARCS-original",5,-0.179933394111068,0.075417932409942,-0.273577125603458,-0.0862896626186783
"moi_0.25_quality_0.6_genes_400_replicates_4","f1_fdr_0_10","BARCS-partial","BARCS-original",5,-0.27289405870939,0.109526090245468,-0.408888661831204,-0.136899455587576
"moi_0.25_quality_0.75_genes_400_replicates_4","f1_fdr_0_10","BARCS-partial","BARCS-original",5,-0.342253262324719,0.144919772287305,-0.522194926201753,-0.162311598447685
"moi_0.25_quality_0.9_genes_100_replicates_4","f1_fdr_0_10","BARCS-partial","BARCS-original",5,-0.214659050858433,0.128820415503641,-0.374610723022955,-0.0547073786939119
"moi_0.25_quality_0.9_genes_1000_replicates_4","f1_fdr_0_10","BARCS-partial","BARCS-original",5,-0.210747999708809,0.0823905086303448,-0.313049328068804,-0.108446671348813
"moi_0.25_quality_0.9_genes_400_replicates_1","f1_fdr_0_10","BARCS-partial","BARCS-original",5,0.224325828215322,0.0496200695134709,0.162714374312077,0.285937282118567
"moi_0.25_quality_0.9_genes_400_replicates_3","f1_fdr_0_10","BARCS-partial","BARCS-original",5,-0.202540714184222,0.0661526161109019,-0.284680035996123,-0.120401392372321
"moi_0.25_quality_0.9_genes_400_replicates_4","f1_fdr_0_10","BARCS-partial","BARCS-original",5,-0.233800449881929,0.139852861059515,-0.407450712505322,-0.0601501872585355
"moi_0.25_quality_0.9_genes_400_replicates_6","f1_fdr_0_10","BARCS-partial","BARCS-original",5,-0.155131298372501,0.057715806743031,-0.226794937732609,-0.0834676590123933
"moi_0.4_quality_0.9_genes_400_replicates_4","f1_fdr_0_10","BARCS-partial","BARCS-original",5,-0.179155111820364,0.0853685637640554,-0.285154184024554,-0.0731560396161743
"moi_0.1_quality_0.9_genes_400_replicates_4","f1_fdr_0_10","BARCS-EB","BARCS-original",5,-0.0891975454140694,0.0709354256244958,-0.177275509609267,-0.00111958121887223
"moi_0.25_quality_0.6_genes_400_replicates_4","f1_fdr_0_10","BARCS-EB","BARCS-original",5,-0.234026632473171,0.14827536081195,-0.418134809814043,-0.0499184551322993
"moi_0.25_quality_0.75_genes_400_replicates_4","f1_fdr_0_10","BARCS-EB","BARCS-original",5,-0.218491242192849,0.0755213805318774,-0.312263421493928,-0.12471906289177
"moi_0.25_quality_0.9_genes_100_replicates_4","f1_fdr_0_10","BARCS-EB","BARCS-original",5,-0.103792227443207,0.133393830235509,-0.269422544029143,0.0618380891427303
"moi_0.25_quality_0.9_genes_1000_replicates_4","f1_fdr_0_10","BARCS-EB","BARCS-original",5,-0.114781353119905,0.0269356400348957,-0.148226367619811,-0.0813363386199994
"moi_0.25_quality_0.9_genes_400_replicates_1","f1_fdr_0_10","BARCS-EB","BARCS-original",5,0.201376722692512,0.135777278517816,0.0327869641828545,0.36996648120217
"moi_0.25_quality_0.9_genes_400_replicates_3","f1_fdr_0_10","BARCS-EB","BARCS-original",5,-0.154256875942407,0.0809586168085043,-0.254780275777901,-0.0537334761069127
"moi_0.25_quality_0.9_genes_400_replicates_4","f1_fdr_0_10","BARCS-EB","BARCS-original",5,-0.126006930523083,0.0947901485579875,-0.243704445371922,-0.00830941567424333
"moi_0.25_quality_0.9_genes_400_replicates_6","f1_fdr_0_10","BARCS-EB","BARCS-original",5,-0.0748912020110348,0.0570776881248043,-0.145762512456307,-0.00401989156576275
"moi_0.4_quality_0.9_genes_400_replicates_4","f1_fdr_0_10","BARCS-EB","BARCS-original",5,-0.11516045452354,0.083886645925528,-0.219319482699335,-0.0110014263477458
"moi_0.1_quality_0.9_genes_400_replicates_4","f1_fdr_0_10","BARCS-EB","BARCS-partial",5,0.0907358486969988,0.0354168754162019,0.046759989563833,0.134711707830165
"moi_0.25_quality_0.6_genes_400_replicates_4","f1_fdr_0_10","BARCS-EB","BARCS-partial",5,0.0388674262362186,0.0559034809248297,-0.0305459134024133,0.108280765874851
"moi_0.25_quality_0.75_genes_400_replicates_4","f1_fdr_0_10","BARCS-EB","BARCS-partial",5,0.12376202013187,0.0936893288535139,0.00743135347858868,0.240092686785151
"moi_0.25_quality_0.9_genes_100_replicates_4","f1_fdr_0_10","BARCS-EB","BARCS-partial",5,0.110866823415227,0.0774363990614617,0.0147168345500699,0.207016812280383
"moi_0.25_quality_0.9_genes_1000_replicates_4","f1_fdr_0_10","BARCS-EB","BARCS-partial",5,0.0959666465889032,0.0882692796076607,-0.0136341400473108,0.205567433225117
"moi_0.25_quality_0.9_genes_400_replicates_1","f1_fdr_0_10","BARCS-EB","BARCS-partial",5,-0.02294910552281,0.108044988140374,-0.157104677483065,0.111206466437445
"moi_0.25_quality_0.9_genes_400_replicates_3","f1_fdr_0_10","BARCS-EB","BARCS-partial",5,0.0482838382418156,0.0723522175777585,-0.0415533055146927,0.138120981998324
"moi_0.25_quality_0.9_genes_400_replicates_4","f1_fdr_0_10","BARCS-EB","BARCS-partial",5,0.107793519358846,0.0941508003008799,-0.00911013977682881,0.22469717849452
"moi_0.25_quality_0.9_genes_400_replicates_6","f1_fdr_0_10","BARCS-EB","BARCS-partial",5,0.0802400963614662,0.015385152043714,0.0611369069618954,0.099343285761037
"moi_0.4_quality_0.9_genes_400_replicates_4","f1_fdr_0_10","BARCS-EB","BARCS-partial",5,0.063994657296824,0.0765393191675923,-0.0310414597606026,0.159030774354251
"moi_0.1_quality_0.9_genes_400_replicates_4","negative_control_p_below_0_05","BARCS-partial","BARCS-original",5,-0.0760869565217392,0.0513982192066822,-0.139906274882462,-0.0122676381610167
"moi_0.25_quality_0.6_genes_400_replicates_4","negative_control_p_below_0_05","BARCS-partial","BARCS-original",5,-0.0413333333333334,0.0721726325478634,-0.130947492823605,0.0482808261569378
"moi_0.25_quality_0.75_genes_400_replicates_4","negative_control_p_below_0_05","BARCS-partial","BARCS-original",5,-0.0679892037786774,0.0460863598911674,-0.125212977663802,-0.0107654298935529
"moi_0.25_quality_0.9_genes_100_replicates_4","negative_control_p_below_0_05","BARCS-partial","BARCS-original",5,-0.0571428571428572,0.127775312999988,-0.21579686315416,0.101511148868445
"moi_0.25_quality_0.9_genes_1000_replicates_4","negative_control_p_below_0_05","BARCS-partial","BARCS-original",5,-0.0201365807444835,0.0250214946059097,-0.0512048697778912,0.0109317082889242
"moi_0.25_quality_0.9_genes_400_replicates_1","negative_control_p_below_0_05","BARCS-partial","BARCS-original",5,0.018695652173913,0.0257037065284477,-0.0132197148428556,0.0506110191906817
"moi_0.25_quality_0.9_genes_400_replicates_3","negative_control_p_below_0_05","BARCS-partial","BARCS-original",5,-0.0311111111111111,0.0454062594260056,-0.0874904287334826,0.0252682065112604
"moi_0.25_quality_0.9_genes_400_replicates_4","negative_control_p_below_0_05","BARCS-partial","BARCS-original",5,-0.0411111111111111,0.042236839574996,-0.0935550742092917,0.0113328519870694
"moi_0.25_quality_0.9_genes_400_replicates_6","negative_control_p_below_0_05","BARCS-partial","BARCS-original",5,-0.00869565217391304,0.0194440693695634,-0.0328386530886765,0.0154473487408504
"moi_0.4_quality_0.9_genes_400_replicates_4","negative_control_p_below_0_05","BARCS-partial","BARCS-original",5,-0.0696135265700484,0.0452131072746594,-0.125753014119918,-0.0134740390201791
"moi_0.1_quality_0.9_genes_400_replicates_4","negative_control_p_below_0_05","BARCS-EB","BARCS-original",5,-0.0760869565217392,0.0513982192066822,-0.139906274882462,-0.0122676381610167
"moi_0.25_quality_0.6_genes_400_replicates_4","negative_control_p_below_0_05","BARCS-EB","BARCS-original",5,-0.0609761904761905,0.0631843710044584,-0.139429949201576,0.0174775682491953
"moi_0.25_quality_0.75_genes_400_replicates_4","negative_control_p_below_0_05","BARCS-EB","BARCS-original",5,-0.0679892037786774,0.0460863598911674,-0.125212977663802,-0.0107654298935529
"moi_0.25_quality_0.9_genes_100_replicates_4","negative_control_p_below_0_05","BARCS-EB","BARCS-original",5,-0.0285714285714286,0.15649215928719,-0.222882108759502,0.165739251616645
"moi_0.25_quality_0.9_genes_1000_replicates_4","negative_control_p_below_0_05","BARCS-EB","BARCS-original",5,-0.0317571341041673,0.0179167254175165,-0.0540036870207998,-0.00951058118753473
"moi_0.25_quality_0.9_genes_400_replicates_1","negative_control_p_below_0_05","BARCS-EB","BARCS-original",5,0,0,0,0
"moi_0.25_quality_0.9_genes_400_replicates_3","negative_control_p_below_0_05","BARCS-EB","BARCS-original",5,-0.0422222222222222,0.0579484658240235,-0.114174745987053,0.029730301542609
"moi_0.25_quality_0.9_genes_400_replicates_4","negative_control_p_below_0_05","BARCS-EB","BARCS-original",5,-0.0511111111111111,0.0612876238689849,-0.127209747204683,0.0249875249824612
"moi_0.25_quality_0.9_genes_400_replicates_6","negative_control_p_below_0_05","BARCS-EB","BARCS-original",5,-0.00869565217391304,0.0194440693695634,-0.0328386530886765,0.0154473487408504
"moi_0.4_quality_0.9_genes_400_replicates_4","negative_control_p_below_0_05","BARCS-EB","BARCS-original",5,-0.0596135265700484,0.0422440911096578,-0.11206649363775,-0.00716055950234659
"moi_0.1_quality_0.9_genes_400_replicates_4","negative_control_p_below_0_05","BARCS-EB","BARCS-partial",5,0,0,0,0
"moi_0.25_quality_0.6_genes_400_replicates_4","negative_control_p_below_0_05","BARCS-EB","BARCS-partial",5,-0.0196428571428571,0.0285155703976273,-0.055049614293836,0.0157639000081217
"moi_0.25_quality_0.75_genes_400_replicates_4","negative_control_p_below_0_05","BARCS-EB","BARCS-partial",5,0,0,0,0
"moi_0.25_quality_0.9_genes_100_replicates_4","negative_control_p_below_0_05","BARCS-EB","BARCS-partial",5,0.0285714285714286,0.063887656499994,-0.0507555744342227,0.10789843157708
"moi_0.25_quality_0.9_genes_1000_replicates_4","negative_control_p_below_0_05","BARCS-EB","BARCS-partial",5,-0.0116205533596838,0.0107070130630301,-0.0249150660083457,0.00167395928897808
"moi_0.25_quality_0.9_genes_400_replicates_1","negative_control_p_below_0_05","BARCS-EB","BARCS-partial",5,-0.018695652173913,0.0257037065284477,-0.0506110191906817,0.0132197148428556
"moi_0.25_quality_0.9_genes_400_replicates_3","negative_control_p_below_0_05","BARCS-EB","BARCS-partial",5,-0.0111111111111111,0.0248451997499977,-0.0419605011688644,0.0197382789466422
"moi_0.25_quality_0.9_genes_400_replicates_4","negative_control_p_below_0_05","BARCS-EB","BARCS-partial",5,-0.01,0.0223606797749979,-0.0377644510519779,0.0177644510519779
"moi_0.25_quality_0.9_genes_400_replicates_6","negative_control_p_below_0_05","BARCS-EB","BARCS-partial",5,0,0,0,0
"moi_0.4_quality_0.9_genes_400_replicates_4","negative_control_p_below_0_05","BARCS-EB","BARCS-partial",5,0.01,0.0223606797749979,-0.0177644510519779,0.0377644510519779
