"analysis_protocol","scope","method","metric","runs","mean","sd","se","minimum","maximum"
"barcs-external-headtohead-v1","multi-replicate settings","BARCS-original","auroc",45,0.931910907882004,0.04202352730647,0.00626449758077237,0.771881644223955,0.973970588235294
"barcs-external-headtohead-v1","multi-replicate settings","BARCS-original","average_precision",45,0.880335329693322,0.077095249151651,0.0114926811896916,0.577464532696863,0.959299719852224
"barcs-external-headtohead-v1","multi-replicate settings","BARCS-original","directional_recall_fdr_0_10",45,0.709034190313838,0.169255755001644,0.0252311582511151,0.230769230769231,0.911111111111111
"barcs-external-headtohead-v1","multi-replicate settings","BARCS-original","empirical_fdp_fdr_0_10",45,0.0943688045845231,0.0633450961561308,0.00944292940309127,0,0.3
"barcs-external-headtohead-v1","multi-replicate settings","BARCS-original","f1_fdr_0_10",45,0.77996885904334,0.126249196895394,0.0188201190908571,0.375,0.906077348066298
"barcs-external-headtohead-v1","multi-replicate settings","BARCS-original","negative_control_p_below_0_05",45,0.0603246762703093,0.0615832246842138,0.00918028511116967,0,0.285714285714286
"barcs-external-headtohead-v1","multi-replicate settings","BARCS-NORM","auroc",45,0.87988747047162,0.0579701725723503,0.00864168310261127,0.691486534372785,0.949404761904762
"barcs-external-headtohead-v1","multi-replicate settings","BARCS-NORM","average_precision",45,0.727063341910175,0.117134257244541,0.0174613441128494,0.416402042801383,0.885775710965478
"barcs-external-headtohead-v1","multi-replicate settings","BARCS-NORM","directional_recall_fdr_0_10",45,0.175411759377146,0.135791442055914,0.0202425930133164,0,0.5
"barcs-external-headtohead-v1","multi-replicate settings","BARCS-NORM","empirical_fdp_fdr_0_10",45,0.0653055360086121,0.103347397752973,0.0154061204448904,0,0.5
"barcs-external-headtohead-v1","multi-replicate settings","BARCS-NORM","f1_fdr_0_10",45,0.272173632886898,0.189344567493204,0.0282258216056735,0,0.662337662337662
"barcs-external-headtohead-v1","multi-replicate settings","BARCS-NORM","negative_control_p_below_0_05",45,0.0482503862081901,0.0499002208134576,0.00743868572207607,0,0.25
"barcs-external-headtohead-v1","multi-replicate settings","BARCS-partial","auroc",45,0.898551060959496,0.0557603585248416,0.00831226347408704,0.704819277108434,0.955124413423242
"barcs-external-headtohead-v1","multi-replicate settings","BARCS-partial","average_precision",45,0.802743928037754,0.110883699473214,0.0165295659745842,0.4490655348563,0.918562151220477
"barcs-external-headtohead-v1","multi-replicate settings","BARCS-partial","directional_recall_fdr_0_10",45,0.419185785875414,0.172894051183367,0.0257735234234224,0.0641025641025641,0.755555555555556
"barcs-external-headtohead-v1","multi-replicate settings","BARCS-partial","empirical_fdp_fdr_0_10",45,0.0474444350150829,0.0474254136837398,0.00706976325719273,0,0.2
"barcs-external-headtohead-v1","multi-replicate settings","BARCS-partial","f1_fdr_0_10",45,0.558733821268736,0.180371787615398,0.0268882385554123,0.119047619047619,0.829268292682927
"barcs-external-headtohead-v1","multi-replicate settings","BARCS-partial","negative_control_p_below_0_05",45,0.0144113059939455,0.0227020527604204,0.00338422221340579,0,0.0666666666666667
"barcs-external-headtohead-v1","multi-replicate settings","BARCS-EB","auroc",45,0.922892941680436,0.0475045714774118,0.00708156340436603,0.739812189936215,0.972107843137255
"barcs-external-headtohead-v1","multi-replicate settings","BARCS-EB","average_precision",45,0.863614651501325,0.0888631546832729,0.0132469369711251,0.528278448746445,0.948687557752024
"barcs-external-headtohead-v1","multi-replicate settings","BARCS-EB","directional_recall_fdr_0_10",45,0.501732407480487,0.180751461827132,0.026944837045195,0.0512820512820513,0.822222222222222
"barcs-external-headtohead-v1","multi-replicate settings","BARCS-EB","empirical_fdp_fdr_0_10",45,0.014117798020468,0.0341625440274358,0.0050926513819784,0,0.1875
"barcs-external-headtohead-v1","multi-replicate settings","BARCS-EB","f1_fdr_0_10",45,0.643235029749644,0.180939051847345,0.0269728013143348,0.0975609756097561,0.896969696969697
"barcs-external-headtohead-v1","multi-replicate settings","BARCS-EB","negative_control_p_below_0_05",45,0.012877628989254,0.0277816646553472,0.00414144604649731,0,0.142857142857143
"barcs-external-headtohead-v1","multi-replicate settings","MAGeCK-MLE","auroc",45,0.937491602753795,0.0388797611045324,0.00579585258524578,0.801913536498937,0.985460191981931
"barcs-external-headtohead-v1","multi-replicate settings","MAGeCK-MLE","average_precision",45,0.882531791283404,0.0759760750346576,0.0113258445627413,0.629048948038456,0.964670676549174
"barcs-external-headtohead-v1","multi-replicate settings","MAGeCK-MLE","directional_recall_fdr_0_10",45,0.650783402126324,0.159239141850177,0.0237379697237152,0.230769230769231,0.911111111111111
"barcs-external-headtohead-v1","multi-replicate settings","MAGeCK-MLE","empirical_fdp_fdr_0_10",45,0.0644316619358929,0.054890136163704,0.00818253838375077,0,0.266666666666667
"barcs-external-headtohead-v1","multi-replicate settings","MAGeCK-MLE","f1_fdr_0_10",45,0.755844217496312,0.126383107924973,0.0188400813685288,0.363636363636364,0.926553672316384
"barcs-external-headtohead-v1","multi-replicate settings","MAGeCK-MLE","negative_control_p_below_0_05",45,0.039222013102001,0.0488270786205089,0.0072787111292123,0,0.25
"barcs-external-headtohead-v1","multi-replicate settings","edgeR-QL","auroc",45,0.940909127251864,0.0374856990632275,0.00558803808596513,0.798281360737066,0.982813382269904
"barcs-external-headtohead-v1","multi-replicate settings","edgeR-QL","average_precision",45,0.897301559242165,0.0680548922979676,0.0101450243586455,0.635509532414664,0.96937971252444
"barcs-external-headtohead-v1","multi-replicate settings","edgeR-QL","directional_recall_fdr_0_10",45,0.835226310298723,0.105743917870709,0.0157633725710707,0.514705882352941,0.966666666666667
"barcs-external-headtohead-v1","multi-replicate settings","edgeR-QL","empirical_fdp_fdr_0_10",45,0.249842312284151,0.0649570309240403,0.00968322245084734,0.128440366972477,0.444444444444444
"barcs-external-headtohead-v1","multi-replicate settings","edgeR-QL","f1_fdr_0_10",45,0.787491181414212,0.0714457309267714,0.0106505007369613,0.534351145038168,0.900473933649289
"barcs-external-headtohead-v1","multi-replicate settings","edgeR-QL","negative_control_p_below_0_05",45,0.127719077247086,0.0875577828316545,0.0130523436247162,0,0.428571428571429
"barcs-external-headtohead-v1","multi-replicate settings","DESeq2","auroc",45,0.939850502064911,0.037538898703634,0.0055959686201203,0.794161941885188,0.983907396950875
"barcs-external-headtohead-v1","multi-replicate settings","DESeq2","average_precision",45,0.897402379363198,0.0673888263198453,0.0100457331050067,0.630911300705559,0.967354825998202
"barcs-external-headtohead-v1","multi-replicate settings","DESeq2","directional_recall_fdr_0_10",45,0.837057334280586,0.0978993215980484,0.0145939692029566,0.544117647058823,0.962025316455696
"barcs-external-headtohead-v1","multi-replicate settings","DESeq2","empirical_fdp_fdr_0_10",45,0.242810886861679,0.0689642116094855,0.0102805776782326,0.130841121495327,0.430769230769231
"barcs-external-headtohead-v1","multi-replicate settings","DESeq2","f1_fdr_0_10",45,0.792616262951084,0.0704313018468536,0.0104992785782247,0.556390977443609,0.889952153110048
"barcs-external-headtohead-v1","multi-replicate settings","DESeq2","negative_control_p_below_0_05",45,0.121553218245223,0.101070708549705,0.0150667316567473,0,0.428571428571429
"barcs-external-headtohead-v1","multi-replicate settings","limma-voom","auroc",45,0.94067538218896,0.0366964999826107,0.00547039123316249,0.808026222537208,0.982495765104461
"barcs-external-headtohead-v1","multi-replicate settings","limma-voom","average_precision",45,0.896667408441292,0.0678996542708644,0.0101218828398924,0.635077518164725,0.966572454251131
"barcs-external-headtohead-v1","multi-replicate settings","limma-voom","directional_recall_fdr_0_10",45,0.827656402623222,0.111994919708011,0.0166952169067829,0.485294117647059,0.966666666666667
"barcs-external-headtohead-v1","multi-replicate settings","limma-voom","empirical_fdp_fdr_0_10",45,0.229454884285258,0.0651961098385759,0.00971886223117324,0.113207547169811,0.410714285714286
"barcs-external-headtohead-v1","multi-replicate settings","limma-voom","f1_fdr_0_10",45,0.79430683578203,0.0730640269258674,0.0108917420610743,0.532258064516129,0.903846153846154
"barcs-external-headtohead-v1","multi-replicate settings","limma-voom","negative_control_p_below_0_05",45,0.118925214610661,0.078021467312001,0.0116307536409275,0,0.3
"barcs-external-headtohead-v1","one-replicate boundary","BARCS-original","auroc",5,0.790054673294548,0.0399450039933114,0.017863948858109,0.724832214765101,0.829607843137255
"barcs-external-headtohead-v1","one-replicate boundary","BARCS-original","average_precision",5,0.632863584977172,0.0315737411740503,0.0141202063138321,0.606585499789511,0.68328591288894
"barcs-external-headtohead-v1","one-replicate boundary","BARCS-original","directional_recall_fdr_0_10",5,0,0,0,0,0
"barcs-external-headtohead-v1","one-replicate boundary","BARCS-original","empirical_fdp_fdr_0_10",5,0,0,0,0,0
"barcs-external-headtohead-v1","one-replicate boundary","BARCS-original","f1_fdr_0_10",5,0,0,0,0,0
"barcs-external-headtohead-v1","one-replicate boundary","BARCS-original","negative_control_p_below_0_05",5,0.0111111111111111,0.0248451997499977,0.0111111111111111,0,0.0555555555555556
"barcs-external-headtohead-v1","one-replicate boundary","BARCS-NORM","auroc",5,0.747817491438415,0.0320805200777927,0.0143468447294983,0.707593104355836,0.795299499191608
"barcs-external-headtohead-v1","one-replicate boundary","BARCS-NORM","average_precision",5,0.517077513249102,0.058017481578236,0.0259462065384555,0.414991272588888,0.556443033744676
"barcs-external-headtohead-v1","one-replicate boundary","BARCS-NORM","directional_recall_fdr_0_10",5,0.00725490196078432,0.00998845931525493,0.00446697480388021,0,0.0196078431372549
"barcs-external-headtohead-v1","one-replicate boundary","BARCS-NORM","empirical_fdp_fdr_0_10",5,0,0,0,0,0
"barcs-external-headtohead-v1","one-replicate boundary","BARCS-NORM","f1_fdr_0_10",5,0.014249684741488,0.0196150593218408,0.00877212120526541,0,0.0384615384615385
"barcs-external-headtohead-v1","one-replicate boundary","BARCS-NORM","negative_control_p_below_0_05",5,0.0398067632850242,0.0226599145253168,0.0101338218485886,0,0.0555555555555556
"barcs-external-headtohead-v1","one-replicate boundary","BARCS-partial","auroc",5,0.76343078859253,0.0296146104938864,0.0132440564383017,0.711837083826819,0.783799283154122
"barcs-external-headtohead-v1","one-replicate boundary","BARCS-partial","average_precision",5,0.561963350760079,0.0431901295188123,0.0193152131122169,0.49720252618902,0.617424993370622
"barcs-external-headtohead-v1","one-replicate boundary","BARCS-partial","directional_recall_fdr_0_10",5,0.128342236179006,0.030354800253222,0.0135750793619265,0.0760869565217391,0.151898734177215
"barcs-external-headtohead-v1","one-replicate boundary","BARCS-partial","empirical_fdp_fdr_0_10",5,0.0901960784313724,0.0933977551785424,0.0417687459050207,0,0.222222222222222
"barcs-external-headtohead-v1","one-replicate boundary","BARCS-partial","f1_fdr_0_10",5,0.224325828215322,0.0496200695134709,0.0221907696960772,0.138613861386139,0.263736263736264
"barcs-external-headtohead-v1","one-replicate boundary","BARCS-partial","negative_control_p_below_0_05",5,0.0298067632850242,0.0275434349422919,0.0123177985729615,0,0.0555555555555556
"barcs-external-headtohead-v1","one-replicate boundary","BARCS-EB","auroc",5,0.791614992485086,0.036596800289431,0.0163665866412303,0.732596394262403,0.833186274509804
"barcs-external-headtohead-v1","one-replicate boundary","BARCS-EB","average_precision",5,0.632461023533772,0.034342676131772,0.0153585116719803,0.586146756456325,0.669020543194249
"barcs-external-headtohead-v1","one-replicate boundary","BARCS-EB","directional_recall_fdr_0_10",5,0.117285369477088,0.0882748349978552,0.0394777063515563,0.0326086956521739,0.253164556962025
"barcs-external-headtohead-v1","one-replicate boundary","BARCS-EB","empirical_fdp_fdr_0_10",5,0,0,0,0,0
"barcs-external-headtohead-v1","one-replicate boundary","BARCS-EB","f1_fdr_0_10",5,0.201376722692512,0.135777278517816,0.0607214449131517,0.0631578947368421,0.404040404040404
"barcs-external-headtohead-v1","one-replicate boundary","BARCS-EB","negative_control_p_below_0_05",5,0.0111111111111111,0.0248451997499977,0.0111111111111111,0,0.0555555555555556
"barcs-external-headtohead-v1","one-replicate boundary","MAGeCK-MLE","auroc",5,0.780004040809139,0.0375520497062844,0.0167937871675406,0.714271614686143,0.808970588235294
"barcs-external-headtohead-v1","one-replicate boundary","MAGeCK-MLE","average_precision",5,0.548042386922158,0.0263251472754023,0.0117729637650986,0.510319613184524,0.575758131382774
"barcs-external-headtohead-v1","one-replicate boundary","MAGeCK-MLE","directional_recall_fdr_0_10",5,0.0135944475019874,0.0182321269180492,0.00815365503263235,0,0.0444444444444444
"barcs-external-headtohead-v1","one-replicate boundary","MAGeCK-MLE","empirical_fdp_fdr_0_10",5,0,0,0,0,0
"barcs-external-headtohead-v1","one-replicate boundary","MAGeCK-MLE","f1_fdr_0_10",5,0.0263223518645619,0.0348792438171074,0.0155984720357683,0,0.0851063829787234
"barcs-external-headtohead-v1","one-replicate boundary","MAGeCK-MLE","negative_control_p_below_0_05",5,0.018695652173913,0.0257037065284477,0.0114950470142629,0,0.05
"barcs-external-headtohead-v1","one-replicate boundary","edgeR-QL","auroc",5,0.815355368476827,0.0410957702062072,0.018378587153758,0.745591525200684,0.848725490196078
"barcs-external-headtohead-v1","one-replicate boundary","edgeR-QL","average_precision",5,0.69584735054501,0.0299310303495998,0.0133855636996629,0.645614333466751,0.724048720110071
"barcs-external-headtohead-v1","one-replicate boundary","edgeR-QL","directional_recall_fdr_0_10",5,0.707726518969356,0.0782597956989531,0.0349988446176209,0.607843137254902,0.804347826086957
"barcs-external-headtohead-v1","one-replicate boundary","edgeR-QL","empirical_fdp_fdr_0_10",5,0.525723488742763,0.0608361827487173,0.0272067680235464,0.459183673469388,0.619834710743802
"barcs-external-headtohead-v1","one-replicate boundary","edgeR-QL","f1_fdr_0_10",5,0.56417163081875,0.0413821103987997,0.0185066423808234,0.50828729281768,0.598870056497175
"barcs-external-headtohead-v1","one-replicate boundary","edgeR-QL","negative_control_p_below_0_05",5,0.22792270531401,0.0892999121880131,0.0399361348074319,0.1,0.35
"barcs-external-headtohead-v1","one-replicate boundary","DESeq2","auroc",5,0.813756886602499,0.0415983061957678,0.0186033280805175,0.741150151335702,0.843725490196078
"barcs-external-headtohead-v1","one-replicate boundary","DESeq2","average_precision",5,0.693947576138958,0.0323125802167646,0.0144506251786201,0.640611320471744,0.725733701393662
"barcs-external-headtohead-v1","one-replicate boundary","DESeq2","directional_recall_fdr_0_10",5,0.419357736123251,0.118034751043841,0.0527867454082585,0.264705882352941,0.556962025316456
"barcs-external-headtohead-v1","one-replicate boundary","DESeq2","empirical_fdp_fdr_0_10",5,0.141127431963345,0.0579575151061566,0.0259193887168674,0.0789473684210526,0.227272727272727
"barcs-external-headtohead-v1","one-replicate boundary","DESeq2","f1_fdr_0_10",5,0.554412848749189,0.107621402846498,0.0481297545197319,0.409090909090909,0.676923076923077
"barcs-external-headtohead-v1","one-replicate boundary","DESeq2","negative_control_p_below_0_05",5,0.0298067632850242,0.0275434349422919,0.0123177985729615,0,0.0555555555555556
"barcs-external-headtohead-v1","one-replicate boundary","limma-voom","auroc",5,0.815999775296746,0.0433019267043102,0.0193652103335102,0.746907487827346,0.861764705882353
"barcs-external-headtohead-v1","one-replicate boundary","limma-voom","average_precision",5,0.697823294725355,0.0318459823796856,0.0142419562822475,0.642872474570454,0.721578963846786
"barcs-external-headtohead-v1","one-replicate boundary","limma-voom","directional_recall_fdr_0_10",5,0.684046819975468,0.0864131569401513,0.0386451386137072,0.57843137254902,0.8
"barcs-external-headtohead-v1","one-replicate boundary","limma-voom","empirical_fdp_fdr_0_10",5,0.506634541770689,0.036536534296895,0.0163396348700219,0.472727272727273,0.567567567567568
"barcs-external-headtohead-v1","one-replicate boundary","limma-voom","f1_fdr_0_10",5,0.570940095176111,0.0223463008603915,0.00999356955389947,0.538116591928251,0.597402597402597
"barcs-external-headtohead-v1","one-replicate boundary","limma-voom","negative_control_p_below_0_05",5,0.209227053140097,0.0911710808217305,0.0407729468599034,0.1,0.35
