"analysis_protocol","design","method","shared_guide_fit_seconds","gene_aggregation_seconds","converged_fraction","guide_control_scale","gene_null_scale","prior_tau2","prior_df","scenario_id","seed","moi","high_quality_guide_fraction","genes","replicates","total_seconds"
"barcs-four-methods-v1","low_bulk_high","BARCS-original",0.41,0.141,0.999,1.23834153011528,NA,NA,NA,"moi_0.25_quality_0.9_genes_400_replicates_4",20250724,0.25,0.9,400,4,0.551
"barcs-four-methods-v1","low_bulk_high","BARCS-NORM",0.41,0.159,0.999,1.23834153011528,NA,NA,NA,"moi_0.25_quality_0.9_genes_400_replicates_4",20250724,0.25,0.9,400,4,0.569
"barcs-four-methods-v1","low_bulk_high","BARCS-partial",0.41,0.39,0.999,1.23834153011528,1.38579039612011,NA,NA,"moi_0.25_quality_0.9_genes_400_replicates_4",20250724,0.25,0.9,400,4,0.8
"barcs-four-methods-v1","low_bulk_high","BARCS-EB",0.41,0.346,0.999,1.23834153011528,1.2861853669253,0.00490615773802092,4,"moi_0.25_quality_0.9_genes_400_replicates_4",20250724,0.25,0.9,400,4,0.756
"barcs-four-methods-v1","low_bulk_high","BARCS-original",0.417,0.143,0.999,1.30959427830465,NA,NA,NA,"moi_0.25_quality_0.9_genes_400_replicates_4",20250725,0.25,0.9,400,4,0.56
"barcs-four-methods-v1","low_bulk_high","BARCS-NORM",0.417,0.159,0.999,1.30959427830465,NA,NA,NA,"moi_0.25_quality_0.9_genes_400_replicates_4",20250725,0.25,0.9,400,4,0.576
"barcs-four-methods-v1","low_bulk_high","BARCS-partial",0.417,0.371,0.999,1.30959427830465,2.07715540837296,NA,NA,"moi_0.25_quality_0.9_genes_400_replicates_4",20250725,0.25,0.9,400,4,0.788
"barcs-four-methods-v1","low_bulk_high","BARCS-EB",0.417,0.338,0.999,1.30959427830465,1.36946373891192,0.00459073099787539,4,"moi_0.25_quality_0.9_genes_400_replicates_4",20250725,0.25,0.9,400,4,0.755
"barcs-four-methods-v1","low_bulk_high","BARCS-original",0.414,0.141,0.999,1.19026267946382,NA,NA,NA,"moi_0.25_quality_0.9_genes_400_replicates_4",20250726,0.25,0.9,400,4,0.555
"barcs-four-methods-v1","low_bulk_high","BARCS-NORM",0.414,0.158,0.999,1.19026267946382,NA,NA,NA,"moi_0.25_quality_0.9_genes_400_replicates_4",20250726,0.25,0.9,400,4,0.572
"barcs-four-methods-v1","low_bulk_high","BARCS-partial",0.414,0.383,0.999,1.19026267946382,1.56082515473562,NA,NA,"moi_0.25_quality_0.9_genes_400_replicates_4",20250726,0.25,0.9,400,4,0.797
"barcs-four-methods-v1","low_bulk_high","BARCS-EB",0.414,0.343,0.999,1.19026267946382,1.37694002289755,0.00525352498352122,4,"moi_0.25_quality_0.9_genes_400_replicates_4",20250726,0.25,0.9,400,4,0.757
"barcs-four-methods-v1","low_bulk_high","BARCS-original",0.405,0.14,0.9995,1.08864695278161,NA,NA,NA,"moi_0.25_quality_0.9_genes_400_replicates_4",20250727,0.25,0.9,400,4,0.545
"barcs-four-methods-v1","low_bulk_high","BARCS-NORM",0.405,0.16,0.9995,1.08864695278161,NA,NA,NA,"moi_0.25_quality_0.9_genes_400_replicates_4",20250727,0.25,0.9,400,4,0.565
"barcs-four-methods-v1","low_bulk_high","BARCS-partial",0.405,0.381,0.9995,1.08864695278161,1.44671458630066,NA,NA,"moi_0.25_quality_0.9_genes_400_replicates_4",20250727,0.25,0.9,400,4,0.786
"barcs-four-methods-v1","low_bulk_high","BARCS-EB",0.405,0.347,0.9995,1.08864695278161,1.29342957699182,0.00469840292902169,4,"moi_0.25_quality_0.9_genes_400_replicates_4",20250727,0.25,0.9,400,4,0.752
"barcs-four-methods-v1","low_bulk_high","BARCS-original",0.405,0.142,0.9995,1.00584933058406,NA,NA,NA,"moi_0.25_quality_0.9_genes_400_replicates_4",20250728,0.25,0.9,400,4,0.547
"barcs-four-methods-v1","low_bulk_high","BARCS-NORM",0.405,0.158,0.9995,1.00584933058406,NA,NA,NA,"moi_0.25_quality_0.9_genes_400_replicates_4",20250728,0.25,0.9,400,4,0.563
"barcs-four-methods-v1","low_bulk_high","BARCS-partial",0.405,0.382,0.9995,1.00584933058406,1.3183484474019,NA,NA,"moi_0.25_quality_0.9_genes_400_replicates_4",20250728,0.25,0.9,400,4,0.787
"barcs-four-methods-v1","low_bulk_high","BARCS-EB",0.405,0.346,0.9995,1.00584933058406,1.22401062126145,0.00490714747933661,4,"moi_0.25_quality_0.9_genes_400_replicates_4",20250728,0.25,0.9,400,4,0.751
"barcs-four-methods-v1","low_bulk_high","BARCS-original",0.305,0.144,0.951,1,NA,NA,NA,"moi_0.25_quality_0.9_genes_400_replicates_1",20250724,0.25,0.9,400,1,0.449
"barcs-four-methods-v1","low_bulk_high","BARCS-NORM",0.305,0.158,0.951,1,NA,NA,NA,"moi_0.25_quality_0.9_genes_400_replicates_1",20250724,0.25,0.9,400,1,0.463
"barcs-four-methods-v1","low_bulk_high","BARCS-partial",0.305,0.383,0.951,1,1.65297891051998,NA,NA,"moi_0.25_quality_0.9_genes_400_replicates_1",20250724,0.25,0.9,400,1,0.688
"barcs-four-methods-v1","low_bulk_high","BARCS-EB",0.305,0.346,0.951,1,1.20944250466926,0.0226290565963038,4,"moi_0.25_quality_0.9_genes_400_replicates_1",20250724,0.25,0.9,400,1,0.651
"barcs-four-methods-v1","low_bulk_high","BARCS-original",0.379,0.142,0.958,1,NA,NA,NA,"moi_0.25_quality_0.9_genes_400_replicates_1",20250725,0.25,0.9,400,1,0.521
"barcs-four-methods-v1","low_bulk_high","BARCS-NORM",0.379,0.158,0.958,1,NA,NA,NA,"moi_0.25_quality_0.9_genes_400_replicates_1",20250725,0.25,0.9,400,1,0.537
"barcs-four-methods-v1","low_bulk_high","BARCS-partial",0.379,0.383,0.958,1,1.47005028450888,NA,NA,"moi_0.25_quality_0.9_genes_400_replicates_1",20250725,0.25,0.9,400,1,0.762
"barcs-four-methods-v1","low_bulk_high","BARCS-EB",0.379,0.347,0.958,1,1.30387620329886,0.0227841145808759,4,"moi_0.25_quality_0.9_genes_400_replicates_1",20250725,0.25,0.9,400,1,0.726
"barcs-four-methods-v1","low_bulk_high","BARCS-original",0.305,0.142,0.953,1,NA,NA,NA,"moi_0.25_quality_0.9_genes_400_replicates_1",20250726,0.25,0.9,400,1,0.447
"barcs-four-methods-v1","low_bulk_high","BARCS-NORM",0.305,0.159,0.953,1,NA,NA,NA,"moi_0.25_quality_0.9_genes_400_replicates_1",20250726,0.25,0.9,400,1,0.464
"barcs-four-methods-v1","low_bulk_high","BARCS-partial",0.305,0.384,0.953,1,1.56579008350844,NA,NA,"moi_0.25_quality_0.9_genes_400_replicates_1",20250726,0.25,0.9,400,1,0.689
"barcs-four-methods-v1","low_bulk_high","BARCS-EB",0.305,0.344,0.953,1,1.40649521965616,0.0222035888993391,4,"moi_0.25_quality_0.9_genes_400_replicates_1",20250726,0.25,0.9,400,1,0.649
"barcs-four-methods-v1","low_bulk_high","BARCS-original",0.301,0.14,0.947,1,NA,NA,NA,"moi_0.25_quality_0.9_genes_400_replicates_1",20250727,0.25,0.9,400,1,0.441
"barcs-four-methods-v1","low_bulk_high","BARCS-NORM",0.301,0.16,0.947,1,NA,NA,NA,"moi_0.25_quality_0.9_genes_400_replicates_1",20250727,0.25,0.9,400,1,0.461
"barcs-four-methods-v1","low_bulk_high","BARCS-partial",0.301,0.381,0.947,1,1.43990739408218,NA,NA,"moi_0.25_quality_0.9_genes_400_replicates_1",20250727,0.25,0.9,400,1,0.682
"barcs-four-methods-v1","low_bulk_high","BARCS-EB",0.301,0.344,0.947,1,1.25737186843133,0.0207233836131407,4,"moi_0.25_quality_0.9_genes_400_replicates_1",20250727,0.25,0.9,400,1,0.645
"barcs-four-methods-v1","low_bulk_high","BARCS-original",0.301,0.141,0.9625,1,NA,NA,NA,"moi_0.25_quality_0.9_genes_400_replicates_1",20250728,0.25,0.9,400,1,0.442
"barcs-four-methods-v1","low_bulk_high","BARCS-NORM",0.301,0.155,0.9625,1,NA,NA,NA,"moi_0.25_quality_0.9_genes_400_replicates_1",20250728,0.25,0.9,400,1,0.456
"barcs-four-methods-v1","low_bulk_high","BARCS-partial",0.301,0.379,0.9625,1,1.51619855982281,NA,NA,"moi_0.25_quality_0.9_genes_400_replicates_1",20250728,0.25,0.9,400,1,0.68
"barcs-four-methods-v1","low_bulk_high","BARCS-EB",0.301,0.338,0.9625,1,1.2024595268673,0.0219192544821888,4,"moi_0.25_quality_0.9_genes_400_replicates_1",20250728,0.25,0.9,400,1,0.639
"barcs-four-methods-v1","low_bulk_high","BARCS-original",0.404,0.141,0.999,1.25408106948932,NA,NA,NA,"moi_0.25_quality_0.9_genes_400_replicates_3",20250724,0.25,0.9,400,3,0.545
"barcs-four-methods-v1","low_bulk_high","BARCS-NORM",0.404,0.157,0.999,1.25408106948932,NA,NA,NA,"moi_0.25_quality_0.9_genes_400_replicates_3",20250724,0.25,0.9,400,3,0.561
"barcs-four-methods-v1","low_bulk_high","BARCS-partial",0.404,0.381,0.999,1.25408106948932,1.28897685597334,NA,NA,"moi_0.25_quality_0.9_genes_400_replicates_3",20250724,0.25,0.9,400,3,0.785
"barcs-four-methods-v1","low_bulk_high","BARCS-EB",0.404,0.345,0.999,1.25408106948932,1.18697546961506,0.00743435102209799,4,"moi_0.25_quality_0.9_genes_400_replicates_3",20250724,0.25,0.9,400,3,0.749
"barcs-four-methods-v1","low_bulk_high","BARCS-original",0.392,0.142,0.9995,1.12952991153912,NA,NA,NA,"moi_0.25_quality_0.9_genes_400_replicates_3",20250725,0.25,0.9,400,3,0.534
"barcs-four-methods-v1","low_bulk_high","BARCS-NORM",0.392,0.16,0.9995,1.12952991153912,NA,NA,NA,"moi_0.25_quality_0.9_genes_400_replicates_3",20250725,0.25,0.9,400,3,0.552
"barcs-four-methods-v1","low_bulk_high","BARCS-partial",0.392,0.384,0.9995,1.12952991153912,1.34701206766182,NA,NA,"moi_0.25_quality_0.9_genes_400_replicates_3",20250725,0.25,0.9,400,3,0.776
"barcs-four-methods-v1","low_bulk_high","BARCS-EB",0.392,0.346,0.9995,1.12952991153912,1.2110329438451,0.00674874810578677,4,"moi_0.25_quality_0.9_genes_400_replicates_3",20250725,0.25,0.9,400,3,0.738
"barcs-four-methods-v1","low_bulk_high","BARCS-original",0.392,0.142,0.9975,1.34928338981822,NA,NA,NA,"moi_0.25_quality_0.9_genes_400_replicates_3",20250726,0.25,0.9,400,3,0.534
"barcs-four-methods-v1","low_bulk_high","BARCS-NORM",0.392,0.158,0.9975,1.34928338981822,NA,NA,NA,"moi_0.25_quality_0.9_genes_400_replicates_3",20250726,0.25,0.9,400,3,0.55
"barcs-four-methods-v1","low_bulk_high","BARCS-partial",0.392,0.381,0.9975,1.34928338981822,1.51591915938876,NA,NA,"moi_0.25_quality_0.9_genes_400_replicates_3",20250726,0.25,0.9,400,3,0.773
"barcs-four-methods-v1","low_bulk_high","BARCS-EB",0.392,0.345,0.9975,1.34928338981822,1.43431796531559,0.00727070661759267,4,"moi_0.25_quality_0.9_genes_400_replicates_3",20250726,0.25,0.9,400,3,0.737
"barcs-four-methods-v1","low_bulk_high","BARCS-original",0.391,0.141,0.999,1.12382288169271,NA,NA,NA,"moi_0.25_quality_0.9_genes_400_replicates_3",20250727,0.25,0.9,400,3,0.532
"barcs-four-methods-v1","low_bulk_high","BARCS-NORM",0.391,0.16,0.999,1.12382288169271,NA,NA,NA,"moi_0.25_quality_0.9_genes_400_replicates_3",20250727,0.25,0.9,400,3,0.551
"barcs-four-methods-v1","low_bulk_high","BARCS-partial",0.391,0.378,0.999,1.12382288169271,1.39156166226135,NA,NA,"moi_0.25_quality_0.9_genes_400_replicates_3",20250727,0.25,0.9,400,3,0.769
"barcs-four-methods-v1","low_bulk_high","BARCS-EB",0.391,0.341,0.999,1.12382288169271,1.34949202866028,0.0060923886010079,4,"moi_0.25_quality_0.9_genes_400_replicates_3",20250727,0.25,0.9,400,3,0.732
"barcs-four-methods-v1","low_bulk_high","BARCS-original",0.39,0.14,0.9995,1,NA,NA,NA,"moi_0.25_quality_0.9_genes_400_replicates_3",20250728,0.25,0.9,400,3,0.53
"barcs-four-methods-v1","low_bulk_high","BARCS-NORM",0.39,0.158,0.9995,1,NA,NA,NA,"moi_0.25_quality_0.9_genes_400_replicates_3",20250728,0.25,0.9,400,3,0.548
"barcs-four-methods-v1","low_bulk_high","BARCS-partial",0.39,0.38,0.9995,1,1.35239121578676,NA,NA,"moi_0.25_quality_0.9_genes_400_replicates_3",20250728,0.25,0.9,400,3,0.77
"barcs-four-methods-v1","low_bulk_high","BARCS-EB",0.39,0.344,0.9995,1,1.2085468512673,0.00677182675807366,4,"moi_0.25_quality_0.9_genes_400_replicates_3",20250728,0.25,0.9,400,3,0.734
"barcs-four-methods-v1","low_bulk_high","BARCS-original",0.132,0.045,1,1.13569950943245,NA,NA,NA,"moi_0.25_quality_0.9_genes_100_replicates_4",20250724,0.25,0.9,100,4,0.177
"barcs-four-methods-v1","low_bulk_high","BARCS-NORM",0.132,0.065,1,1.13569950943245,NA,NA,NA,"moi_0.25_quality_0.9_genes_100_replicates_4",20250724,0.25,0.9,100,4,0.197
"barcs-four-methods-v1","low_bulk_high","BARCS-partial",0.132,0.128,1,1.13569950943245,1.42577411547074,NA,NA,"moi_0.25_quality_0.9_genes_100_replicates_4",20250724,0.25,0.9,100,4,0.26
"barcs-four-methods-v1","low_bulk_high","BARCS-EB",0.132,0.089,1,1.13569950943245,1.39833734578169,0.00488747771980854,4,"moi_0.25_quality_0.9_genes_100_replicates_4",20250724,0.25,0.9,100,4,0.221
"barcs-four-methods-v1","low_bulk_high","BARCS-original",0.132,0.045,1,1.09276539441786,NA,NA,NA,"moi_0.25_quality_0.9_genes_100_replicates_4",20250725,0.25,0.9,100,4,0.177
"barcs-four-methods-v1","low_bulk_high","BARCS-NORM",0.132,0.066,1,1.09276539441786,NA,NA,NA,"moi_0.25_quality_0.9_genes_100_replicates_4",20250725,0.25,0.9,100,4,0.198
"barcs-four-methods-v1","low_bulk_high","BARCS-partial",0.132,0.128,1,1.09276539441786,1.39618841153007,NA,NA,"moi_0.25_quality_0.9_genes_100_replicates_4",20250725,0.25,0.9,100,4,0.26
"barcs-four-methods-v1","low_bulk_high","BARCS-EB",0.132,0.089,1,1.09276539441786,1.0752326865971,0.00359225940163098,4,"moi_0.25_quality_0.9_genes_100_replicates_4",20250725,0.25,0.9,100,4,0.221
"barcs-four-methods-v1","low_bulk_high","BARCS-original",0.131,0.043,1,1.42837024414075,NA,NA,NA,"moi_0.25_quality_0.9_genes_100_replicates_4",20250726,0.25,0.9,100,4,0.174
"barcs-four-methods-v1","low_bulk_high","BARCS-NORM",0.131,0.065,1,1.42837024414075,NA,NA,NA,"moi_0.25_quality_0.9_genes_100_replicates_4",20250726,0.25,0.9,100,4,0.196
"barcs-four-methods-v1","low_bulk_high","BARCS-partial",0.131,0.127,1,1.42837024414075,1.34524611781455,NA,NA,"moi_0.25_quality_0.9_genes_100_replicates_4",20250726,0.25,0.9,100,4,0.258
"barcs-four-methods-v1","low_bulk_high","BARCS-EB",0.131,0.09,1,1.42837024414075,1.24868623449158,0.00498955285834545,4,"moi_0.25_quality_0.9_genes_100_replicates_4",20250726,0.25,0.9,100,4,0.221
"barcs-four-methods-v1","low_bulk_high","BARCS-original",0.135,0.044,1,1.26828288950283,NA,NA,NA,"moi_0.25_quality_0.9_genes_100_replicates_4",20250727,0.25,0.9,100,4,0.179
"barcs-four-methods-v1","low_bulk_high","BARCS-NORM",0.135,0.066,1,1.26828288950283,NA,NA,NA,"moi_0.25_quality_0.9_genes_100_replicates_4",20250727,0.25,0.9,100,4,0.201
"barcs-four-methods-v1","low_bulk_high","BARCS-partial",0.135,0.127,1,1.26828288950283,1.65481352054387,NA,NA,"moi_0.25_quality_0.9_genes_100_replicates_4",20250727,0.25,0.9,100,4,0.262
"barcs-four-methods-v1","low_bulk_high","BARCS-EB",0.135,0.0900000000000001,1,1.26828288950283,1.3938729697071,0.00468959577109833,4,"moi_0.25_quality_0.9_genes_100_replicates_4",20250727,0.25,0.9,100,4,0.225
"barcs-four-methods-v1","low_bulk_high","BARCS-original",0.132,0.044,1,1,NA,NA,NA,"moi_0.25_quality_0.9_genes_100_replicates_4",20250728,0.25,0.9,100,4,0.176
"barcs-four-methods-v1","low_bulk_high","BARCS-NORM",0.132,0.066,1,1,NA,NA,NA,"moi_0.25_quality_0.9_genes_100_replicates_4",20250728,0.25,0.9,100,4,0.198
"barcs-four-methods-v1","low_bulk_high","BARCS-partial",0.132,0.128,1,1,1.66618103252694,NA,NA,"moi_0.25_quality_0.9_genes_100_replicates_4",20250728,0.25,0.9,100,4,0.26
"barcs-four-methods-v1","low_bulk_high","BARCS-EB",0.132,0.088,1,1,1.44360274466509,0.00348955164531008,4,"moi_0.25_quality_0.9_genes_100_replicates_4",20250728,0.25,0.9,100,4,0.22
"barcs-four-methods-v1","low_bulk_high","BARCS-original",0.408,0.141,0.9995,1.50975309104187,NA,NA,NA,"moi_0.25_quality_0.6_genes_400_replicates_4",20250724,0.25,0.6,400,4,0.549
"barcs-four-methods-v1","low_bulk_high","BARCS-NORM",0.408,0.158,0.9995,1.50975309104187,NA,NA,NA,"moi_0.25_quality_0.6_genes_400_replicates_4",20250724,0.25,0.6,400,4,0.566
"barcs-four-methods-v1","low_bulk_high","BARCS-partial",0.408,0.381,0.9995,1.50975309104187,1.4420596639528,NA,NA,"moi_0.25_quality_0.6_genes_400_replicates_4",20250724,0.25,0.6,400,4,0.789
"barcs-four-methods-v1","low_bulk_high","BARCS-EB",0.408,0.342,0.9995,1.50975309104187,1.23451257858578,0.00608302263952518,4,"moi_0.25_quality_0.6_genes_400_replicates_4",20250724,0.25,0.6,400,4,0.75
"barcs-four-methods-v1","low_bulk_high","BARCS-original",0.402,0.14,0.9995,1.18145004854351,NA,NA,NA,"moi_0.25_quality_0.6_genes_400_replicates_4",20250725,0.25,0.6,400,4,0.542
"barcs-four-methods-v1","low_bulk_high","BARCS-NORM",0.402,0.16,0.9995,1.18145004854351,NA,NA,NA,"moi_0.25_quality_0.6_genes_400_replicates_4",20250725,0.25,0.6,400,4,0.562
"barcs-four-methods-v1","low_bulk_high","BARCS-partial",0.402,0.378,0.9995,1.18145004854351,1.36058623574421,NA,NA,"moi_0.25_quality_0.6_genes_400_replicates_4",20250725,0.25,0.6,400,4,0.78
"barcs-four-methods-v1","low_bulk_high","BARCS-EB",0.402,0.342,0.9995,1.18145004854351,1.21028059909167,0.00489045853550718,4,"moi_0.25_quality_0.6_genes_400_replicates_4",20250725,0.25,0.6,400,4,0.744
"barcs-four-methods-v1","low_bulk_high","BARCS-original",0.408,0.141,0.9995,1.18504235160671,NA,NA,NA,"moi_0.25_quality_0.6_genes_400_replicates_4",20250726,0.25,0.6,400,4,0.549
"barcs-four-methods-v1","low_bulk_high","BARCS-NORM",0.408,0.158,0.9995,1.18504235160671,NA,NA,NA,"moi_0.25_quality_0.6_genes_400_replicates_4",20250726,0.25,0.6,400,4,0.566
"barcs-four-methods-v1","low_bulk_high","BARCS-partial",0.408,0.374,0.9995,1.18504235160671,1.31541921364638,NA,NA,"moi_0.25_quality_0.6_genes_400_replicates_4",20250726,0.25,0.6,400,4,0.782
"barcs-four-methods-v1","low_bulk_high","BARCS-EB",0.408,0.342,0.9995,1.18504235160671,1.2033509825426,0.00627173258991691,4,"moi_0.25_quality_0.6_genes_400_replicates_4",20250726,0.25,0.6,400,4,0.75
"barcs-four-methods-v1","low_bulk_high","BARCS-original",0.422,0.14,0.999,1.32680012674921,NA,NA,NA,"moi_0.25_quality_0.6_genes_400_replicates_4",20250727,0.25,0.6,400,4,0.562
"barcs-four-methods-v1","low_bulk_high","BARCS-NORM",0.422,0.223,0.999,1.32680012674921,NA,NA,NA,"moi_0.25_quality_0.6_genes_400_replicates_4",20250727,0.25,0.6,400,4,0.645
"barcs-four-methods-v1","low_bulk_high","BARCS-partial",0.422,0.418,0.999,1.32680012674921,1.40799114632772,NA,NA,"moi_0.25_quality_0.6_genes_400_replicates_4",20250727,0.25,0.6,400,4,0.84
"barcs-four-methods-v1","low_bulk_high","BARCS-EB",0.422,0.333,0.999,1.32680012674921,1.22370142065278,0.00586287952413786,4,"moi_0.25_quality_0.6_genes_400_replicates_4",20250727,0.25,0.6,400,4,0.755
"barcs-four-methods-v1","low_bulk_high","BARCS-original",0.341,0.119,0.9995,1.12124246627665,NA,NA,NA,"moi_0.25_quality_0.6_genes_400_replicates_4",20250728,0.25,0.6,400,4,0.46
"barcs-four-methods-v1","low_bulk_high","BARCS-NORM",0.341,0.132,0.9995,1.12124246627665,NA,NA,NA,"moi_0.25_quality_0.6_genes_400_replicates_4",20250728,0.25,0.6,400,4,0.473
"barcs-four-methods-v1","low_bulk_high","BARCS-partial",0.341,0.311,0.9995,1.12124246627665,1.37475116792961,NA,NA,"moi_0.25_quality_0.6_genes_400_replicates_4",20250728,0.25,0.6,400,4,0.652
"barcs-four-methods-v1","low_bulk_high","BARCS-EB",0.341,0.288,0.9995,1.12124246627665,1.20554495805745,0.00649407127577166,4,"moi_0.25_quality_0.6_genes_400_replicates_4",20250728,0.25,0.6,400,4,0.629
"barcs-four-methods-v1","low_bulk_high","BARCS-original",0.342,0.116,0.999,1.14208003137344,NA,NA,NA,"moi_0.25_quality_0.75_genes_400_replicates_4",20250724,0.25,0.75,400,4,0.458
"barcs-four-methods-v1","low_bulk_high","BARCS-NORM",0.342,0.133,0.999,1.14208003137344,NA,NA,NA,"moi_0.25_quality_0.75_genes_400_replicates_4",20250724,0.25,0.75,400,4,0.475
"barcs-four-methods-v1","low_bulk_high","BARCS-partial",0.342,0.308,0.999,1.14208003137344,1.78374647223659,NA,NA,"moi_0.25_quality_0.75_genes_400_replicates_4",20250724,0.25,0.75,400,4,0.65
"barcs-four-methods-v1","low_bulk_high","BARCS-EB",0.342,0.293,0.999,1.14208003137344,1.26530991260798,0.00544706633250863,4,"moi_0.25_quality_0.75_genes_400_replicates_4",20250724,0.25,0.75,400,4,0.635
"barcs-four-methods-v1","low_bulk_high","BARCS-original",0.336,0.118,0.9995,1.26929080137296,NA,NA,NA,"moi_0.25_quality_0.75_genes_400_replicates_4",20250725,0.25,0.75,400,4,0.454
"barcs-four-methods-v1","low_bulk_high","BARCS-NORM",0.336,0.131,0.9995,1.26929080137296,NA,NA,NA,"moi_0.25_quality_0.75_genes_400_replicates_4",20250725,0.25,0.75,400,4,0.467
"barcs-four-methods-v1","low_bulk_high","BARCS-partial",0.336,0.312,0.9995,1.26929080137296,1.83358257646796,NA,NA,"moi_0.25_quality_0.75_genes_400_replicates_4",20250725,0.25,0.75,400,4,0.648
"barcs-four-methods-v1","low_bulk_high","BARCS-EB",0.336,0.287,0.9995,1.26929080137296,1.44257866158411,0.00508975526247997,4,"moi_0.25_quality_0.75_genes_400_replicates_4",20250725,0.25,0.75,400,4,0.623
"barcs-four-methods-v1","low_bulk_high","BARCS-original",0.337,0.116,1,1.14833206157131,NA,NA,NA,"moi_0.25_quality_0.75_genes_400_replicates_4",20250726,0.25,0.75,400,4,0.453
"barcs-four-methods-v1","low_bulk_high","BARCS-NORM",0.337,0.131,1,1.14833206157131,NA,NA,NA,"moi_0.25_quality_0.75_genes_400_replicates_4",20250726,0.25,0.75,400,4,0.468
"barcs-four-methods-v1","low_bulk_high","BARCS-partial",0.337,0.308,1,1.14833206157131,1.28851832744982,NA,NA,"moi_0.25_quality_0.75_genes_400_replicates_4",20250726,0.25,0.75,400,4,0.645
"barcs-four-methods-v1","low_bulk_high","BARCS-EB",0.337,0.29,1,1.14833206157131,1.15271562485269,0.00570662458629696,4,"moi_0.25_quality_0.75_genes_400_replicates_4",20250726,0.25,0.75,400,4,0.627
"barcs-four-methods-v1","low_bulk_high","BARCS-original",0.336,0.118,0.9985,1.31724934368413,NA,NA,NA,"moi_0.25_quality_0.75_genes_400_replicates_4",20250727,0.25,0.75,400,4,0.454
"barcs-four-methods-v1","low_bulk_high","BARCS-NORM",0.336,0.131,0.9985,1.31724934368413,NA,NA,NA,"moi_0.25_quality_0.75_genes_400_replicates_4",20250727,0.25,0.75,400,4,0.467
"barcs-four-methods-v1","low_bulk_high","BARCS-partial",0.336,0.305,0.9985,1.31724934368413,1.32965054641589,NA,NA,"moi_0.25_quality_0.75_genes_400_replicates_4",20250727,0.25,0.75,400,4,0.641
"barcs-four-methods-v1","low_bulk_high","BARCS-EB",0.336,0.288,0.9985,1.31724934368413,1.22019297658847,0.00480077439512895,4,"moi_0.25_quality_0.75_genes_400_replicates_4",20250727,0.25,0.75,400,4,0.624
"barcs-four-methods-v1","low_bulk_high","BARCS-original",0.336,0.117,0.999,1.03392375353903,NA,NA,NA,"moi_0.25_quality_0.75_genes_400_replicates_4",20250728,0.25,0.75,400,4,0.453
"barcs-four-methods-v1","low_bulk_high","BARCS-NORM",0.336,0.131,0.999,1.03392375353903,NA,NA,NA,"moi_0.25_quality_0.75_genes_400_replicates_4",20250728,0.25,0.75,400,4,0.467
"barcs-four-methods-v1","low_bulk_high","BARCS-partial",0.336,0.308,0.999,1.03392375353903,1.4406899223936,NA,NA,"moi_0.25_quality_0.75_genes_400_replicates_4",20250728,0.25,0.75,400,4,0.644
"barcs-four-methods-v1","low_bulk_high","BARCS-EB",0.336,0.288,0.999,1.03392375353903,1.33344031526932,0.00497268981587149,4,"moi_0.25_quality_0.75_genes_400_replicates_4",20250728,0.25,0.75,400,4,0.624
"barcs-four-methods-v1","low_bulk_high","BARCS-original",0.333,0.116,0.999,1.02066301980082,NA,NA,NA,"moi_0.1_quality_0.9_genes_400_replicates_4",20250724,0.1,0.9,400,4,0.449
"barcs-four-methods-v1","low_bulk_high","BARCS-NORM",0.333,0.132,0.999,1.02066301980082,NA,NA,NA,"moi_0.1_quality_0.9_genes_400_replicates_4",20250724,0.1,0.9,400,4,0.465
"barcs-four-methods-v1","low_bulk_high","BARCS-partial",0.333,0.308,0.999,1.02066301980082,1.45298195890977,NA,NA,"moi_0.1_quality_0.9_genes_400_replicates_4",20250724,0.1,0.9,400,4,0.641
"barcs-four-methods-v1","low_bulk_high","BARCS-EB",0.333,0.288,0.999,1.02066301980082,1.31532688929542,0.00297311329268953,4,"moi_0.1_quality_0.9_genes_400_replicates_4",20250724,0.1,0.9,400,4,0.621
"barcs-four-methods-v1","low_bulk_high","BARCS-original",0.329,0.116,1,1.0074147926241,NA,NA,NA,"moi_0.1_quality_0.9_genes_400_replicates_4",20250725,0.1,0.9,400,4,0.445
"barcs-four-methods-v1","low_bulk_high","BARCS-NORM",0.329,0.131,1,1.0074147926241,NA,NA,NA,"moi_0.1_quality_0.9_genes_400_replicates_4",20250725,0.1,0.9,400,4,0.46
"barcs-four-methods-v1","low_bulk_high","BARCS-partial",0.329,0.308,1,1.0074147926241,1.28696012347409,NA,NA,"moi_0.1_quality_0.9_genes_400_replicates_4",20250725,0.1,0.9,400,4,0.637
"barcs-four-methods-v1","low_bulk_high","BARCS-EB",0.329,0.288,1,1.0074147926241,1.14131770505635,0.00247574803490926,4,"moi_0.1_quality_0.9_genes_400_replicates_4",20250725,0.1,0.9,400,4,0.617
"barcs-four-methods-v1","low_bulk_high","BARCS-original",0.34,0.118,0.9985,1.14540148857206,NA,NA,NA,"moi_0.1_quality_0.9_genes_400_replicates_4",20250726,0.1,0.9,400,4,0.458
"barcs-four-methods-v1","low_bulk_high","BARCS-NORM",0.34,0.131,0.9985,1.14540148857206,NA,NA,NA,"moi_0.1_quality_0.9_genes_400_replicates_4",20250726,0.1,0.9,400,4,0.471
"barcs-four-methods-v1","low_bulk_high","BARCS-partial",0.34,0.31,0.9985,1.14540148857206,1.5307630085959,NA,NA,"moi_0.1_quality_0.9_genes_400_replicates_4",20250726,0.1,0.9,400,4,0.65
"barcs-four-methods-v1","low_bulk_high","BARCS-EB",0.34,0.29,0.9985,1.14540148857206,1.39526156979314,0.00291439088055186,4,"moi_0.1_quality_0.9_genes_400_replicates_4",20250726,0.1,0.9,400,4,0.63
"barcs-four-methods-v1","low_bulk_high","BARCS-original",0.342,0.126,0.999,1.27983307520082,NA,NA,NA,"moi_0.1_quality_0.9_genes_400_replicates_4",20250727,0.1,0.9,400,4,0.468
"barcs-four-methods-v1","low_bulk_high","BARCS-NORM",0.342,0.132,0.999,1.27983307520082,NA,NA,NA,"moi_0.1_quality_0.9_genes_400_replicates_4",20250727,0.1,0.9,400,4,0.474
"barcs-four-methods-v1","low_bulk_high","BARCS-partial",0.342,0.311,0.999,1.27983307520082,1.46111878168648,NA,NA,"moi_0.1_quality_0.9_genes_400_replicates_4",20250727,0.1,0.9,400,4,0.653
"barcs-four-methods-v1","low_bulk_high","BARCS-EB",0.342,0.29,0.999,1.27983307520082,1.36006037752141,0.00304245198719813,4,"moi_0.1_quality_0.9_genes_400_replicates_4",20250727,0.1,0.9,400,4,0.632
"barcs-four-methods-v1","low_bulk_high","BARCS-original",0.329,0.117,1,1.14874826902921,NA,NA,NA,"moi_0.1_quality_0.9_genes_400_replicates_4",20250728,0.1,0.9,400,4,0.446
"barcs-four-methods-v1","low_bulk_high","BARCS-NORM",0.329,0.131,1,1.14874826902921,NA,NA,NA,"moi_0.1_quality_0.9_genes_400_replicates_4",20250728,0.1,0.9,400,4,0.46
"barcs-four-methods-v1","low_bulk_high","BARCS-partial",0.329,0.306,1,1.14874826902921,1.59749737188517,NA,NA,"moi_0.1_quality_0.9_genes_400_replicates_4",20250728,0.1,0.9,400,4,0.635
"barcs-four-methods-v1","low_bulk_high","BARCS-EB",0.329,0.291,1,1.14874826902921,1.41285285845294,0.00298133954338961,4,"moi_0.1_quality_0.9_genes_400_replicates_4",20250728,0.1,0.9,400,4,0.62
"barcs-four-methods-v1","low_bulk_high","BARCS-original",0.338,0.117,0.9995,1.65486227324624,NA,NA,NA,"moi_0.4_quality_0.9_genes_400_replicates_4",20250724,0.4,0.9,400,4,0.455
"barcs-four-methods-v1","low_bulk_high","BARCS-NORM",0.338,0.131,0.9995,1.65486227324624,NA,NA,NA,"moi_0.4_quality_0.9_genes_400_replicates_4",20250724,0.4,0.9,400,4,0.469
"barcs-four-methods-v1","low_bulk_high","BARCS-partial",0.338,0.309,0.9995,1.65486227324624,1.40979407002998,NA,NA,"moi_0.4_quality_0.9_genes_400_replicates_4",20250724,0.4,0.9,400,4,0.647
"barcs-four-methods-v1","low_bulk_high","BARCS-EB",0.338,0.288,0.9995,1.65486227324624,1.28347049007256,0.00445333438705259,4,"moi_0.4_quality_0.9_genes_400_replicates_4",20250724,0.4,0.9,400,4,0.626
"barcs-four-methods-v1","low_bulk_high","BARCS-original",0.354,0.117,0.9985,1.36202305444241,NA,NA,NA,"moi_0.4_quality_0.9_genes_400_replicates_4",20250725,0.4,0.9,400,4,0.471
"barcs-four-methods-v1","low_bulk_high","BARCS-NORM",0.354,0.132,0.9985,1.36202305444241,NA,NA,NA,"moi_0.4_quality_0.9_genes_400_replicates_4",20250725,0.4,0.9,400,4,0.486
"barcs-four-methods-v1","low_bulk_high","BARCS-partial",0.354,0.329,0.9985,1.36202305444241,1.38700260174509,NA,NA,"moi_0.4_quality_0.9_genes_400_replicates_4",20250725,0.4,0.9,400,4,0.683
"barcs-four-methods-v1","low_bulk_high","BARCS-EB",0.354,0.29,0.9985,1.36202305444241,1.32639854559456,0.00456068897890981,4,"moi_0.4_quality_0.9_genes_400_replicates_4",20250725,0.4,0.9,400,4,0.644
"barcs-four-methods-v1","low_bulk_high","BARCS-original",0.342,0.118,0.9995,1.03595565368893,NA,NA,NA,"moi_0.4_quality_0.9_genes_400_replicates_4",20250726,0.4,0.9,400,4,0.46
"barcs-four-methods-v1","low_bulk_high","BARCS-NORM",0.342,0.132,0.9995,1.03595565368893,NA,NA,NA,"moi_0.4_quality_0.9_genes_400_replicates_4",20250726,0.4,0.9,400,4,0.474
"barcs-four-methods-v1","low_bulk_high","BARCS-partial",0.342,0.316,0.9995,1.03595565368893,1.37488025255052,NA,NA,"moi_0.4_quality_0.9_genes_400_replicates_4",20250726,0.4,0.9,400,4,0.658
"barcs-four-methods-v1","low_bulk_high","BARCS-EB",0.342,0.292,0.9995,1.03595565368893,1.19167419671388,0.00556325796747298,4,"moi_0.4_quality_0.9_genes_400_replicates_4",20250726,0.4,0.9,400,4,0.634
"barcs-four-methods-v1","low_bulk_high","BARCS-original",0.335,0.118,1,1.30155289819537,NA,NA,NA,"moi_0.4_quality_0.9_genes_400_replicates_4",20250727,0.4,0.9,400,4,0.453
"barcs-four-methods-v1","low_bulk_high","BARCS-NORM",0.335,0.131,1,1.30155289819537,NA,NA,NA,"moi_0.4_quality_0.9_genes_400_replicates_4",20250727,0.4,0.9,400,4,0.466
"barcs-four-methods-v1","low_bulk_high","BARCS-partial",0.335,0.306,1,1.30155289819537,1.51360234817793,NA,NA,"moi_0.4_quality_0.9_genes_400_replicates_4",20250727,0.4,0.9,400,4,0.641
"barcs-four-methods-v1","low_bulk_high","BARCS-EB",0.335,0.286,1,1.30155289819537,1.46699386930047,0.00496515435628737,4,"moi_0.4_quality_0.9_genes_400_replicates_4",20250727,0.4,0.9,400,4,0.621
"barcs-four-methods-v1","low_bulk_high","BARCS-original",0.332,0.116,1,1.37229990201445,NA,NA,NA,"moi_0.4_quality_0.9_genes_400_replicates_4",20250728,0.4,0.9,400,4,0.448
"barcs-four-methods-v1","low_bulk_high","BARCS-NORM",0.332,0.131,1,1.37229990201445,NA,NA,NA,"moi_0.4_quality_0.9_genes_400_replicates_4",20250728,0.4,0.9,400,4,0.463
"barcs-four-methods-v1","low_bulk_high","BARCS-partial",0.332,0.311,1,1.37229990201445,1.52400688124213,NA,NA,"moi_0.4_quality_0.9_genes_400_replicates_4",20250728,0.4,0.9,400,4,0.643
"barcs-four-methods-v1","low_bulk_high","BARCS-EB",0.332,0.287,1,1.37229990201445,1.27225303404201,0.00494680918815073,4,"moi_0.4_quality_0.9_genes_400_replicates_4",20250728,0.4,0.9,400,4,0.619
"barcs-four-methods-v1","low_bulk_high","BARCS-original",0.767,0.255,0.999,1.34963658405755,NA,NA,NA,"moi_0.25_quality_0.9_genes_1000_replicates_4",20250724,0.25,0.9,1000,4,1.022
"barcs-four-methods-v1","low_bulk_high","BARCS-NORM",0.767,0.313,0.999,1.34963658405755,NA,NA,NA,"moi_0.25_quality_0.9_genes_1000_replicates_4",20250724,0.25,0.9,1000,4,1.08
"barcs-four-methods-v1","low_bulk_high","BARCS-partial",0.767,0.722,0.999,1.34963658405755,1.42240271740331,NA,NA,"moi_0.25_quality_0.9_genes_1000_replicates_4",20250724,0.25,0.9,1000,4,1.489
"barcs-four-methods-v1","low_bulk_high","BARCS-EB",0.767,0.674,0.999,1.34963658405755,1.31108691909195,0.00492136164960969,4,"moi_0.25_quality_0.9_genes_1000_replicates_4",20250724,0.25,0.9,1000,4,1.441
"barcs-four-methods-v1","low_bulk_high","BARCS-original",0.764,0.255,0.9996,1.30167560392841,NA,NA,NA,"moi_0.25_quality_0.9_genes_1000_replicates_4",20250725,0.25,0.9,1000,4,1.019
"barcs-four-methods-v1","low_bulk_high","BARCS-NORM",0.764,0.311,0.9996,1.30167560392841,NA,NA,NA,"moi_0.25_quality_0.9_genes_1000_replicates_4",20250725,0.25,0.9,1000,4,1.075
"barcs-four-methods-v1","low_bulk_high","BARCS-partial",0.764,0.732,0.9996,1.30167560392841,1.32171506465803,NA,NA,"moi_0.25_quality_0.9_genes_1000_replicates_4",20250725,0.25,0.9,1000,4,1.496
"barcs-four-methods-v1","low_bulk_high","BARCS-EB",0.764,0.68,0.9996,1.30167560392841,1.20997112851477,0.00567787958591119,4,"moi_0.25_quality_0.9_genes_1000_replicates_4",20250725,0.25,0.9,1000,4,1.444
"barcs-four-methods-v1","low_bulk_high","BARCS-original",0.775,0.253,0.9992,1.30429485287188,NA,NA,NA,"moi_0.25_quality_0.9_genes_1000_replicates_4",20250726,0.25,0.9,1000,4,1.028
"barcs-four-methods-v1","low_bulk_high","BARCS-NORM",0.775,0.311,0.9992,1.30429485287188,NA,NA,NA,"moi_0.25_quality_0.9_genes_1000_replicates_4",20250726,0.25,0.9,1000,4,1.086
"barcs-four-methods-v1","low_bulk_high","BARCS-partial",0.775,0.731,0.9992,1.30429485287188,1.7183174632311,NA,NA,"moi_0.25_quality_0.9_genes_1000_replicates_4",20250726,0.25,0.9,1000,4,1.506
"barcs-four-methods-v1","low_bulk_high","BARCS-EB",0.775,0.681,0.9992,1.30429485287188,1.28570025481555,0.00469788665202168,4,"moi_0.25_quality_0.9_genes_1000_replicates_4",20250726,0.25,0.9,1000,4,1.456
"barcs-four-methods-v1","low_bulk_high","BARCS-original",0.777,0.253,0.9988,1.21151077644117,NA,NA,NA,"moi_0.25_quality_0.9_genes_1000_replicates_4",20250727,0.25,0.9,1000,4,1.03
"barcs-four-methods-v1","low_bulk_high","BARCS-NORM",0.777,0.31,0.9988,1.21151077644117,NA,NA,NA,"moi_0.25_quality_0.9_genes_1000_replicates_4",20250727,0.25,0.9,1000,4,1.087
"barcs-four-methods-v1","low_bulk_high","BARCS-partial",0.777,0.729,0.9988,1.21151077644117,1.43919151431492,NA,NA,"moi_0.25_quality_0.9_genes_1000_replicates_4",20250727,0.25,0.9,1000,4,1.506
"barcs-four-methods-v1","low_bulk_high","BARCS-EB",0.777,0.677,0.9988,1.21151077644117,1.34238748049249,0.00447322045462433,4,"moi_0.25_quality_0.9_genes_1000_replicates_4",20250727,0.25,0.9,1000,4,1.454
"barcs-four-methods-v1","low_bulk_high","BARCS-original",0.767,0.256,0.9992,1.14671910505456,NA,NA,NA,"moi_0.25_quality_0.9_genes_1000_replicates_4",20250728,0.25,0.9,1000,4,1.023
"barcs-four-methods-v1","low_bulk_high","BARCS-NORM",0.767,0.309,0.9992,1.14671910505456,NA,NA,NA,"moi_0.25_quality_0.9_genes_1000_replicates_4",20250728,0.25,0.9,1000,4,1.076
"barcs-four-methods-v1","low_bulk_high","BARCS-partial",0.767,0.722,0.9992,1.14671910505456,1.39578730240055,NA,NA,"moi_0.25_quality_0.9_genes_1000_replicates_4",20250728,0.25,0.9,1000,4,1.489
"barcs-four-methods-v1","low_bulk_high","BARCS-EB",0.767,0.679,0.9992,1.14671910505456,1.25704095306145,0.00466855181023086,4,"moi_0.25_quality_0.9_genes_1000_replicates_4",20250728,0.25,0.9,1000,4,1.446
"barcs-four-methods-v1","low_bulk_high","BARCS-original",0.365,0.116,0.9995,1.45186923977685,NA,NA,NA,"moi_0.25_quality_0.9_genes_400_replicates_6",20250724,0.25,0.9,400,6,0.481
"barcs-four-methods-v1","low_bulk_high","BARCS-NORM",0.365,0.131,0.9995,1.45186923977685,NA,NA,NA,"moi_0.25_quality_0.9_genes_400_replicates_6",20250724,0.25,0.9,400,6,0.496
"barcs-four-methods-v1","low_bulk_high","BARCS-partial",0.365,0.307,0.9995,1.45186923977685,1.47256543110225,NA,NA,"moi_0.25_quality_0.9_genes_400_replicates_6",20250724,0.25,0.9,400,6,0.672
"barcs-four-methods-v1","low_bulk_high","BARCS-EB",0.365,0.288,0.9995,1.45186923977685,1.34653046787327,0.00324298382881799,4,"moi_0.25_quality_0.9_genes_400_replicates_6",20250724,0.25,0.9,400,6,0.653
"barcs-four-methods-v1","low_bulk_high","BARCS-original",0.365,0.117,0.999,1.24013460437231,NA,NA,NA,"moi_0.25_quality_0.9_genes_400_replicates_6",20250725,0.25,0.9,400,6,0.482
"barcs-four-methods-v1","low_bulk_high","BARCS-NORM",0.365,0.132,0.999,1.24013460437231,NA,NA,NA,"moi_0.25_quality_0.9_genes_400_replicates_6",20250725,0.25,0.9,400,6,0.497
"barcs-four-methods-v1","low_bulk_high","BARCS-partial",0.365,0.309,0.999,1.24013460437231,1.38223761384653,NA,NA,"moi_0.25_quality_0.9_genes_400_replicates_6",20250725,0.25,0.9,400,6,0.674
"barcs-four-methods-v1","low_bulk_high","BARCS-EB",0.365,0.289,0.999,1.24013460437231,1.2841259886159,0.00283648694304304,4,"moi_0.25_quality_0.9_genes_400_replicates_6",20250725,0.25,0.9,400,6,0.654
"barcs-four-methods-v1","low_bulk_high","BARCS-original",0.375,0.118,0.999,1.16089507753006,NA,NA,NA,"moi_0.25_quality_0.9_genes_400_replicates_6",20250726,0.25,0.9,400,6,0.493
"barcs-four-methods-v1","low_bulk_high","BARCS-NORM",0.375,0.13,0.999,1.16089507753006,NA,NA,NA,"moi_0.25_quality_0.9_genes_400_replicates_6",20250726,0.25,0.9,400,6,0.505
"barcs-four-methods-v1","low_bulk_high","BARCS-partial",0.375,0.307,0.999,1.16089507753006,1.47408243043016,NA,NA,"moi_0.25_quality_0.9_genes_400_replicates_6",20250726,0.25,0.9,400,6,0.682
"barcs-four-methods-v1","low_bulk_high","BARCS-EB",0.375,0.287,0.999,1.16089507753006,1.3128191106112,0.00343323215656405,4,"moi_0.25_quality_0.9_genes_400_replicates_6",20250726,0.25,0.9,400,6,0.662
"barcs-four-methods-v1","low_bulk_high","BARCS-original",0.356,0.116,0.9995,1.32874846947673,NA,NA,NA,"moi_0.25_quality_0.9_genes_400_replicates_6",20250727,0.25,0.9,400,6,0.472
"barcs-four-methods-v1","low_bulk_high","BARCS-NORM",0.356,0.131,0.9995,1.32874846947673,NA,NA,NA,"moi_0.25_quality_0.9_genes_400_replicates_6",20250727,0.25,0.9,400,6,0.487
"barcs-four-methods-v1","low_bulk_high","BARCS-partial",0.356,0.308,0.9995,1.32874846947673,1.35830981767931,NA,NA,"moi_0.25_quality_0.9_genes_400_replicates_6",20250727,0.25,0.9,400,6,0.664
"barcs-four-methods-v1","low_bulk_high","BARCS-EB",0.356,0.292,0.9995,1.32874846947673,1.27795377986537,0.00319610197451678,4,"moi_0.25_quality_0.9_genes_400_replicates_6",20250727,0.25,0.9,400,6,0.648
"barcs-four-methods-v1","low_bulk_high","BARCS-original",0.353,0.116,1,1.23154812815881,NA,NA,NA,"moi_0.25_quality_0.9_genes_400_replicates_6",20250728,0.25,0.9,400,6,0.469
"barcs-four-methods-v1","low_bulk_high","BARCS-NORM",0.353,0.132,1,1.23154812815881,NA,NA,NA,"moi_0.25_quality_0.9_genes_400_replicates_6",20250728,0.25,0.9,400,6,0.485
"barcs-four-methods-v1","low_bulk_high","BARCS-partial",0.353,0.311,1,1.23154812815881,1.29448497986574,NA,NA,"moi_0.25_quality_0.9_genes_400_replicates_6",20250728,0.25,0.9,400,6,0.664
"barcs-four-methods-v1","low_bulk_high","BARCS-EB",0.353,0.287,1,1.23154812815881,1.18065316521326,0.00340259814313316,4,"moi_0.25_quality_0.9_genes_400_replicates_6",20250728,0.25,0.9,400,6,0.64
