"cell_line","gene","guide","sample","day","replicate","processed_count","library_size","counts_per_million"
"HEK293FT","Hum_XLOC_022454","gL_013539","HEK293FT_Day00_R1",0,1,3949,62666525,63.0160999034173
"HEK293FT","Hum_XLOC_022454","gL_013539","HEK293FT_Day00_R2",0,2,1495,61435004,24.3346610671662
"HEK293FT","Hum_XLOC_022454","gL_013539","HEK293FT_Day07_R1",7,1,862,59680307,14.4436254324228
"HEK293FT","Hum_XLOC_022454","gL_013539","HEK293FT_Day07_R2",7,2,2294,60810678,37.7236379439808
"HEK293FT","Hum_XLOC_022454","gL_013539","HEK293FT_Day14_R1",14,1,1054,61343461,17.1819454399549
"HEK293FT","Hum_XLOC_022454","gL_013539","HEK293FT_Day14_R2",14,2,1355,61014427,22.2078624126061
"THP1","Hum_XLOC_034206","gL_020631","THP1_Day00_R1",0,1,9551,324740258,29.4111979180604
"THP1","Hum_XLOC_034206","gL_020631","THP1_Day00_R2",0,2,6904,323380538,21.3494604304233
"THP1","Hum_XLOC_034206","gL_020631","THP1_Day07_R1",7,1,7831,315960693,24.7847285231774
"THP1","Hum_XLOC_034206","gL_020631","THP1_Day07_R2",7,2,7728,316201725,24.4400943732992
"THP1","Hum_XLOC_034206","gL_020631","THP1_Day14_R1",14,1,7440,311670945,23.8713300657525
"THP1","Hum_XLOC_034206","gL_020631","THP1_Day14_R2",14,2,15048,311757261,48.2683224497536
"HAP1","Hum_XLOC_027499","gL_016544","HAP1_Day00_R1",0,1,210,47033221,4.46492916145377
"HAP1","Hum_XLOC_027499","gL_016544","HAP1_Day00_R2",0,2,158,47628084,3.31737048250776
"HAP1","Hum_XLOC_027499","gL_016544","HAP1_Day07_R1",7,1,331,47538563,6.96276831085534
"HAP1","Hum_XLOC_027499","gL_016544","HAP1_Day07_R2",7,2,319,46985324,6.78935405447029
"HAP1","Hum_XLOC_027499","gL_016544","HAP1_Day14_R1",14,1,247,47672020,5.18123628912725
"HAP1","Hum_XLOC_027499","gL_016544","HAP1_Day14_R2",14,2,654,47047711,13.9007825481669
