guide,gene,control,D1M1_lo,D1M1_hi,D1M2_lo,D1M2_hi,D1M3_lo,D1M3_hi,D2M1_lo,D2M1_hi,D2M2_lo,D2M2_hi,D2M3_lo,D2M3_hi,D3M1_lo,D3M1_hi,D3M2_lo,D3M2_hi
IFNG_1,IFNG,false,7484,1440,9283,2068,24790,1712,5354,3834,7073,2401,9030,2402,13223,3142,18330,1740
IFNG_6,IFNG,false,9784,3810,10899,5103,21106,4039,4648,3909,8724,2990,7657,4788,10949,4065,12264,3171
IFNG_2,IFNG,false,8002,6763,8871,4164,18890,3551,5694,3891,9625,4906,10239,4115,8858,3200,12317,3162
IFNG_4,IFNG,false,8491,4180,10600,7729,20232,5113,6808,4810,11641,6513,10703,8488,10409,5513,18734,8302
TNF_2,TNF,false,16522,7785,12959,8311,9086,8468,8857,9505,10510,6555,12424,7814,12239,8259,11880,8848
TNF_1,TNF,false,19707,10020,14632,10998,12212,12039,10489,11100,15390,10218,13428,8200,10527,7967,9482,7293
DGKZ_4,DGKZ,false,13561,10392,20251,20540,15635,13866,17342,17853,11301,13375,13110,13623,15462,12723,15001,19654
IFNG_5,IFNG,false,6481,5889,8093,5382,13558,4001,6498,6196,6939,4061,8136,7179,6187,4268,9603,3593
TNF_4,TNF,false,17102,11058,15096,11195,12134,13861,8508,12290,12318,8535,14192,12448,14718,12591,8192,10176
TNF_5,TNF,false,12819,6766,11109,7434,10322,12260,8925,9185,11970,8700,10318,5466,9555,8194,9095,8069
IFNG_3,IFNG,false,8134,8362,8103,8317,12823,9192,10082,9836,13710,12604,9063,7560,11500,9461,11179,7971
DGKZ_5,DGKZ,false,9277,8524,10935,9675,12300,11375,11243,11838,9902,9143,11980,15201,12390,9306,11806,10302
P2RY8_6,P2RY8,false,15188,12461,12484,12274,12893,10509,10075,10231,10447,10566,11316,10527,11139,10578,14021,11200
NTCTRL_3,NTCTRL,true,16261,21505,10361,12032,11698,11270,10807,10080,14291,12223,13112,9875,12069,10428,10419,10389
NTCTRL_18,NTCTRL,true,13197,10883,12534,10845,10621,8940,10219,9590,12186,13216,12556,11774,11094,10244,7668,7452
P2RY8_2,P2RY8,false,20383,18962,18520,17391,17987,18074,13452,12848,10946,13241,13978,14039,12642,11674,13202,12914
DGKZ_6,DGKZ,false,13439,19881,13355,15732,14649,13306,14987,15459,11802,7480,12498,12229,9703,8419,10643,10793
P2RY8_5,P2RY8,false,11786,11417,10016,12027,12322,9799,11627,14023,10451,10187,11414,10190,10808,10186,9715,7725
NTCTRL_10,NTCTRL,true,11411,11929,9171,10660,10785,10284,12849,12626,13921,17764,12847,12857,11788,10700,13076,11961
P2RY8_4,P2RY8,false,14428,9114,12759,12291,11950,9718,9855,8716,9432,7548,8527,8950,10797,10881,10233,10489
NTCTRL_28,NTCTRL,true,7440,8521,9045,8102,9905,8832,10912,9850,15036,16699,12025,12432,10268,8923,7762,8729
NTCTRL_50,NTCTRL,true,6360,7464,9122,7754,9023,7644,9426,10971,11952,16062,11039,14156,8933,6970,8569,7719
NTCTRL_45,NTCTRL,true,8064,7539,10403,10427,11503,10809,11139,11956,11761,9526,10885,8943,9884,10471,11622,12854
NTCTRL_2,NTCTRL,true,6731,7383,10312,11920,10930,8570,8702,9122,10451,9596,11186,12732,8828,7393,10096,9669
NTCTRL_8,NTCTRL,true,18987,18816,12586,14307,11042,10728,10447,8889,13137,7608,7258,8843,8716,10535,9789,9730
TNF_6,TNF,false,10820,6860,9406,6565,7422,11173,6177,6783,8076,6787,9753,7135,8378,6645,6712,6129
NTCTRL_17,NTCTRL,true,10644,7237,7040,7383,8335,7803,9787,10333,10508,12491,8870,8717,6870,6043,9179,7937
NTCTRL_23,NTCTRL,true,14431,12283,12374,10438,9864,10841,11523,11328,10613,10548,10646,10806,11561,11387,9446,9517
LRIG3_2,LRIG3,false,13913,11360,8392,8458,10269,10477,10435,10388,6735,7558,9093,7810,9326,8752,10025,8908
P2RY8_1,P2RY8,false,21320,20121,17685,16375,16313,10918,10959,10422,9589,11520,9421,9910,11492,12280,11252,11089
TNF_3,TNF,false,12425,11525,13241,10698,8372,8866,8585,8898,12949,7809,10394,6892,8919,7193,7184,9522
FBXO45_4,FBXO45,false,10563,11935,9820,10508,10921,9220,13089,11810,12438,9042,9995,10181,9262,10371,11866,12982
NTCTRL_43,NTCTRL,true,7807,8343,9185,8388,11694,13861,9870,9200,7756,5679,8714,8360,10405,9192,10833,9857
NTCTRL_13,NTCTRL,true,10353,9896,8170,9706,9101,8097,11831,11541,10208,8607,12018,11536,10266,11749,9060,9171
VAV1_4,VAV1,false,11584,11169,9341,9979,10705,12023,10966,10188,11580,10754,10661,11556,11034,10779,14903,14509
NTCTRL_21,NTCTRL,true,10467,9325,11398,10134,11938,11311,10684,10212,8937,9798,9488,9282,9776,9748,7604,6393
FBXO45_5,FBXO45,false,10383,9527,10561,10304,10432,9317,8438,9001,10308,13447,7118,6716,9347,8562,8522,9988
NTCTRL_22,NTCTRL,true,6389,8152,9833,10314,9605,9664,10732,10665,10828,9431,9659,8955,9007,8637,10146,9439
NTCTRL_51,NTCTRL,true,7032,11460,11189,13990,9172,9900,7707,8602,7863,8347,9200,8658,9082,7894,10129,8155
NTCTRL_46,NTCTRL,true,9038,11107,6770,6975,9151,13187,8937,8564,9355,7338,7659,8320,9394,9412,8124,7870
ADRB2_2,ADRB2,false,7032,6766,9873,13788,9388,9002,9482,9110,10118,7461,8375,9376,9556,10450,15470,14843
NTCTRL_1,NTCTRL,true,7106,8537,9987,10173,9813,7178,9603,14696,8001,6311,9192,8868,11166,10348,9324,9502
ALDH3B1_1,ALDH3B1,false,7128,7124,9912,8504,9079,9531,8470,9486,7566,6748,9899,7490,6796,7206,8617,8364
GPR65_6,GPR65,false,7962,8855,10860,11623,10020,12085,9808,12397,5502,5362,6485,6460,9111,8222,8823,7822
STAT1_6,STAT1,false,8050,6882,9087,8254,8625,8569,8267,8324,9707,13532,10024,10829,8288,8475,10188,8209
NTCTRL_5,NTCTRL,true,8829,9799,8100,10423,9857,9536,9539,9346,13410,10655,10518,8835,10587,10406,9384,8486
NTCTRL_36,NTCTRL,true,9093,8505,8974,9383,10772,10191,7862,8439,9927,9983,9173,7636,10610,9534,11762,11007
NTCTRL_49,NTCTRL,true,9483,8564,8994,10170,8111,8564,5419,6833,7139,7793,8879,10662,10094,9686,10405,7714
NTCTRL_52,NTCTRL,true,7017,7057,10330,9585,8814,12038,8969,8282,9843,11395,7621,8170,8465,8767,10212,8082
ADRB1_3,ADRB1,false,5978,5690,9608,7153,10334,10799,7633,8192,5075,7218,8060,5801,8091,6948,5648,7004
ADORA2A_2,ADORA2A,false,9769,12380,9369,8645,11833,13303,9055,9007,5899,7179,8385,8708,9906,9643,8374,9125
JMJD8_3,JMJD8,false,3718,5024,6675,5630,5853,5379,7661,7769,9532,14898,6948,6824,6645,5496,4886,5287
FBXO45_6,FBXO45,false,7289,7059,8567,8765,9146,9252,9644,8541,7459,7964,9123,8555,7385,7010,11332,9931
NTCTRL_29,NTCTRL,true,8410,7192,7994,7091,8765,8738,7595,7594,5552,5914,8453,8233,6437,6553,6039,6139
IL2_5,IL2,false,9674,9160,8534,7719,8535,8027,8409,7901,8923,8537,7828,8331,8191,6786,7983,8235
IL2_6,IL2,false,8571,8680,8673,10053,7631,8354,8113,8109,7922,6938,9055,6232,6774,5689,6672,6067
NTCTRL_9,NTCTRL,true,6407,9422,9787,9631,9238,10895,9742,9969,6205,6678,8600,8262,9633,7726,8470,8179
NTCTRL_42,NTCTRL,true,7789,7599,6300,6514,8382,7882,6258,6376,9171,11178,5902,5806,8379,8972,8461,8551
JMJD8_6,JMJD8,false,12047,11266,6864,6270,9865,9093,7023,7839,6694,6221,8550,7977,8046,8415,8976,8160
GPR65_1,GPR65,false,9262,9985,8801,10408,8095,7040,8687,9475,8001,7195,6628,8042,8105,8260,8569,7924
ADRB1_2,ADRB1,false,6415,5196,8549,9548,8486,9116,6197,7491,6848,6470,6903,6117,8938,8914,8772,7053
NTCTRL_40,NTCTRL,true,6231,5609,7960,7384,7081,7776,8491,7720,10052,11079,6483,7356,8334,8374,7809,7463
NTCTRL_38,NTCTRL,true,7061,5816,8248,8238,7408,7873,6583,6584,7454,8428,5846,5619,7388,6906,7166,6631
CBLB_5,CBLB,false,6249,6790,6854,6045,5541,9955,8707,9362,10426,7548,9105,9735,7688,7191,7891,7482
ADRB2_5,ADRB2,false,4886,5452,8829,8806,7547,7344,7902,8903,6183,7288,5762,6900,9323,9378,7659,6713
ADORA2A_1,ADORA2A,false,6867,8338,9035,6848,11929,9201,7723,7782,6326,7692,7404,6309,7804,6760,5550,4369
IL2_3,IL2,false,9464,11892,7407,7108,9148,7035,7625,7673,7386,6083,7363,6903,7244,6727,6893,7098
NTCTRL_39,NTCTRL,true,5368,6960,7708,6334,6318,7461,7793,6522,7202,7094,6219,7300,8679,7896,8959,9852
NTCTRL_26,NTCTRL,true,9053,8564,6658,6464,8214,7700,6984,6706,8301,7515,8612,7578,6005,5943,6391,7349
JMJD8_4,JMJD8,false,5809,6035,6794,6450,6722,6163,7404,7941,8549,7910,5102,5371,7759,8448,7253,6751
SPTLC2_6,SPTLC2,false,5408,4738,6171,4937,6365,6234,6646,6089,6106,7103,7523,7402,5281,4640,5175,3939
H2AFB3_4,H2AFB3,false,6687,5905,5466,4680,6563,5905,8130,10767,5486,4684,4898,5394,6253,7459,7313,7326
IL2_4,IL2,false,5783,5175,6586,8819,6510,6610,5832,5884,6473,5951,6649,6161,6409,5392,8020,6392
ALDH3B1_4,ALDH3B1,false,5375,6191,7250,6533,6490,7917,6538,5777,4868,5421,6813,7050,8169,8080,7241,5083
FDXR_5,FDXR,false,6389,4913,5463,4661,5136,4552,5137,7571,6437,5638,8181,7636,5523,5121,5896,5125
JMJD8_5,JMJD8,false,6499,5407,6196,6551,6104,5261,6858,6759,4630,5392,5863,5271,5849,6773,4430,5643
LCP2_3,LCP2,false,4986,3902,5473,6721,6062,9433,6146,6455,6142,6178,6549,4663,4809,5299,6674,4992
PPIAL4D_2,PPIAL4D,false,7693,7170,6802,6274,6244,4737,6732,7369,4475,5537,5818,5837,5862,4869,4834,4574
JMJD8_1,JMJD8,false,6264,5695,5298,5168,6427,6168,6263,6884,8617,10896,7024,6183,6518,6495,6981,8132
SPTLC2_4,SPTLC2,false,4446,4983,5086,4875,5245,4624,5793,7008,6024,6509,5676,4839,3929,3647,7317,6538
GOLGA1_3,GOLGA1,false,6117,4916,6594,6164,6722,9579,7111,6661,8424,11337,6538,6804,6545,6392,5830,6291
SPTLC2_2,SPTLC2,false,6720,5258,5309,7432,6866,6906,5392,6523,5586,4323,4877,4849,4941,4571,5345,4152
FDXR_2,FDXR,false,4762,4490,4739,4903,5573,3956,6391,6998,3528,6454,3237,4534,4663,4513,3622,3533
PPIAL4D_4,PPIAL4D,false,3520,2829,4280,5336,4963,3759,3686,4387,3715,1871,4036,2619,4811,4491,7098,6375
SPTLC2_5,SPTLC2,false,3071,3586,3783,2780,3968,3618,5983,4865,3190,3206,4363,3343,2874,2270,3111,2454
SPTLC2_3,SPTLC2,false,0,0,0,0,0,0,0,0,0,0,0,0,0,0,0,0
ZC3H12A_4,ZC3H12A,false,628,1192,692,1373,1001,2545,2071,1997,1297,900,520,472,543,774,595,2178
MED12_6,MED12,false,1481,2289,2002,2655,2151,8272,2029,6873,1882,3165,1832,2637,1654,2387,1817,2550
LCP2_6,LCP2,false,1473,1507,2621,4036,3372,6201,3549,4044,2407,2514,2119,5483,2694,3837,4379,2399
STT3B_6,STT3B,false,5489,8071,4902,6291,4620,9248,4940,8535,5027,7113,5253,8996,3377,4899,2869,3108
MED12_5,MED12,false,1944,4519,3046,2779,2584,5853,2422,5952,2523,3357,2126,2434,1931,2157,1695,1500
STT3B_3,STT3B,false,7330,9575,5428,8392,4286,9598,5383,9361,5420,4762,5364,7947,4849,6317,6051,6076
MED12_4,MED12,false,2531,2359,3678,5073,3375,8818,4670,9866,4008,4721,4559,4991,2997,3716,1893,3473
GNAS_2,GNAS,false,20850,29416,21349,30498,11324,39547,20470,39056,14307,12736,13996,20631,12152,15932,13071,12005
VAV1_3,VAV1,false,3031,2405,4393,6512,3648,10092,5897,11788,4171,2771,4759,6029,4464,7529,9582,3737
STT3B_1,STT3B,false,2124,3031,3730,3808,3602,14357,4250,7332,4873,4644,5031,6775,4241,6063,3731,4940
VAV1_5,VAV1,false,4743,4673,5865,7738,4568,7011,4907,8701,3792,4702,5194,7303,4608,6406,6798,4226
PPP6C_1,PPP6C,false,4409,7197,2882,3905,4365,6032,4036,4192,2838,4471,3331,3852,1904,2212,1774,1735
RASA2_5,RASA2,false,8678,13499,11296,12027,8573,18600,16400,20084,4993,5108,6161,10897,6420,8135,7087,8641
NFKBIA_4,NFKBIA,false,9045,16985,14789,19916,13395,18447,14392,19489,9659,9003,9076,13488,10532,10651,9373,12724
VAV1_1,VAV1,false,5959,4840,5628,5257,5480,10543,5147,8190,4194,6390,5043,8873,5157,8121,8201,3804
RASA2_6,RASA2,false,9475,14087,11345,13234,9210,21906,13481,18994,6335,6781,6313,8594,7732,11202,9250,14804
GNAS_1,GNAS,false,27871,26563,14028,18050,12157,35664,10527,22344,11548,15312,7827,10568,7762,9567,8534,11535
STT3B_4,STT3B,false,4989,5587,4895,5711,4451,9562,4498,6652,2659,2774,3482,3760,3728,4843,3768,5118
RASA2_3,RASA2,false,13902,19409,13582,17553,9926,24397,14242,21973,9936,8489,8848,10893,7261,11266,7542,11718
MED12_3,MED12,false,4765,7825,5559,7607,4836,9177,3042,6350,5109,6237,3455,3787,3623,5042,4754,5811
PPP6C_4,PPP6C,false,2153,2055,2304,2785,1574,2261,3951,4582,1694,2504,3359,2542,1749,1761,1812,1662
NFKBIA_5,NFKBIA,false,14222,25175,19271,31721,16776,27014,38531,52793,10919,24759,24399,28347,16520,18439,15711,19694
TNFAIP3_6,TNFAIP3,false,15725,22392,16292,24780,12187,20992,19369,31607,9071,12023,12937,17741,11471,18666,18079,25180
MED12_1,MED12,false,6907,7874,7572,8014,7037,10349,5366,9012,5515,5693,5499,6463,4220,4469,5055,5504
ALDH3B1_5,ALDH3B1,false,7932,10853,6359,7724,10296,12981,11319,12260,7602,11729,10530,11713,8182,7723,8395,8137
LCP2_5,LCP2,false,2546,4695,3027,3208,3274,5290,3836,4162,3229,3765,3298,3884,3618,6476,6149,2277
GNAS_6,GNAS,false,11812,15567,14691,20995,11408,28488,10441,15776,9475,11226,7855,9249,10706,14097,18022,23122
ZC3H12A_3,ZC3H12A,false,7157,9405,10700,14310,6487,12494,16338,25861,7668,9458,8988,12106,8203,10497,11231,11229
VAV1_2,VAV1,false,6319,7828,3918,4002,4292,10288,3816,7011,3006,3398,3871,4713,3582,4914,6526,1493
PTGER4_6,PTGER4,false,13634,14189,13992,14774,9418,19225,10694,15653,10168,17142,10085,12248,9898,10559,11603,8934
TNFAIP3_2,TNFAIP3,false,10577,15788,15901,21354,11781,26846,27848,45289,19749,26707,16601,30799,13438,18401,17614,18273
GNA13_5,GNA13,false,20707,24627,14114,15473,12379,20393,8586,13848,6455,7517,6278,7958,6810,6209,9357,10113
RASA2_4,RASA2,false,13248,20642,14566,16033,11899,23375,16948,23906,8085,11011,7696,10803,10500,12694,12309,17358
PTGER4_5,PTGER4,false,15078,21718,18899,20788,9866,21664,12877,17231,6482,5803,14361,14148,9111,9113,10087,8044
NFKBIA_2,NFKBIA,false,11411,13437,12682,16390,13961,19760,21817,28196,14404,23521,15911,21710,13685,12411,15816,20112
PTGER4_1,PTGER4,false,11992,16710,14301,15949,10490,17037,12893,16823,12674,15345,10959,12758,9551,9515,10961,9669
NFKBIA_6,NFKBIA,false,16882,28359,31338,54027,21121,38294,35543,54008,13725,22023,20365,32560,19322,20595,22004,24724
ZC3H12A_1,ZC3H12A,false,6466,10662,9287,12413,9297,14747,13470,19721,12869,24421,15477,22023,13731,19557,12316,11192
ZC3H12A_2,ZC3H12A,false,7363,7526,9750,13072,7530,11734,10485,15425,7463,9085,9400,12767,7900,10388,10317,6616
ALDH3B1_2,ALDH3B1,false,4875,8721,6821,8052,8157,11104,7466,7606,6108,8364,6554,6715,5460,5223,5578,6089
GNA13_6,GNA13,false,14406,19434,11149,10872,10318,16489,12569,14799,15410,17908,9296,13063,7258,9036,7333,8529
NFKBIA_3,NFKBIA,false,15243,21316,20987,38402,20879,28821,56696,66411,22131,30506,35132,40741,19431,26624,20411,26334
STT3B_2,STT3B,false,5180,4840,6631,5910,5329,12650,5199,8658,6507,6779,5612,6479,6267,7183,5942,8298
NFKBIA_1,NFKBIA,false,21680,36885,35667,55844,26632,40378,52623,70406,27099,40860,27338,39167,23416,24741,30947,34660
PTGER4_2,PTGER4,false,12455,15923,13466,14873,11773,21427,10457,14070,8338,7799,8573,9865,9819,11789,9177,9968
MED12_2,MED12,false,5000,4371,3744,5634,3201,7428,4191,6540,5620,4564,3225,3383,3917,3313,3462,3726
H2AFB3_2,H2AFB3,false,4159,6601,4520,4103,5983,6128,5447,5736,10678,11574,4967,5593,4137,4035,4599,4263
TNFAIP3_1,TNFAIP3,false,40274,29357,22946,38778,23723,42626,35040,59122,201910,35192,26271,51935,18224,28808,25260,28566
RASA2_1,RASA2,false,26453,29047,15243,20941,11323,18348,17162,21986,10992,8467,6223,8867,8102,10406,13367,13553
GNAS_3,GNAS,false,14626,17446,14719,20627,11989,15937,16824,34699,14954,18611,12777,18139,8788,8990,8512,9436
RHOG_1,RHOG,false,3858,5496,7087,10226,6369,7266,8943,12828,9125,10853,7870,9558,8710,10135,8986,10371
STUB1_2,STUB1,false,6433,5647,7311,8107,6364,8080,10896,11294,13732,18394,8593,9148,7060,8245,6985,9141
TNFAIP3_3,TNFAIP3,false,32118,29155,21839,38852,16697,26904,19142,30392,23418,22326,15130,22749,13112,17701,18283,18838
GOLGA1_5,GOLGA1,false,7991,9799,8583,9820,8106,9557,7543,9460,6989,5807,6428,6636,6628,6406,6043,7976
VAV1_6,VAV1,false,3090,5733,7385,9278,6447,9910,8559,10029,8846,10764,9564,10262,4574,7791,8715,6704
ADORA2A_5,ADORA2A,false,6422,6927,8756,11907,5066,8139,7543,7249,5413,6682,6388,9410,6746,6114,4579,7890
PPP6C_6,PPP6C,false,5551,6172,6826,8608,6829,9350,6202,7966,6330,7472,9708,14363,6110,7534,8150,7602
FDXR_1,FDXR,false,1918,2257,3306,3584,3158,2738,2653,2849,2382,1960,3234,3515,1904,2237,2077,3019
FDXR_6,FDXR,false,3071,2182,3604,4465,3800,4182,5428,6135,4260,4919,4650,4175,1941,2414,2928,2176
PPIAL4D_5,PPIAL4D,false,10500,12765,9718,11108,8588,12036,8018,8852,5967,6487,7964,7015,9088,10165,10889,11042
GNAS_5,GNAS,false,21011,25234,16938,21501,16236,61136,16868,38243,10415,14547,13398,17655,12869,15592,14932,16061
STUB1_4,STUB1,false,9277,7003,11011,15321,8732,16650,12707,15712,8317,9355,11648,11639,12620,12782,6861,9760
PTGER4_4,PTGER4,false,10078,12380,13839,14453,9542,16942,11595,15316,10581,17412,12135,12078,9293,10061,12155,11500
PPIAL4D_1,PPIAL4D,false,5162,5628,4597,6165,5523,6223,6052,6063,7345,10552,7405,8850,4957,3685,4969,4511
ZC3H12A_5,ZC3H12A,false,9258,7116,6140,7302,6420,8120,9286,12058,6841,12802,7321,10196,6350,6433,6510,4507
TNFAIP3_5,TNFAIP3,false,13847,20022,12842,14816,11100,18281,17577,31050,11657,14051,12256,15224,9651,13632,14203,14962
GNA13_3,GNA13,false,27276,33628,21061,23992,17868,32581,26300,30275,9352,12318,11288,13299,9826,9780,12739,12474
ZC3H12A_6,ZC3H12A,false,7319,9063,6818,9867,6928,10726,10698,17349,9525,11170,10033,17747,9208,11473,12650,7772
PPP6C_5,PPP6C,false,6587,9567,5041,7350,7489,7296,6198,6183,5168,4768,5671,4985,7512,7317,5930,6466
ADRB1_1,ADRB1,false,6305,7604,7092,5709,7681,8480,11643,11389,8624,8479,10007,10172,6661,6405,7026,8460
FDXR_4,FDXR,false,1025,812,1887,1693,1534,1711,1038,1503,1567,2603,2128,1486,1187,1116,1283,865
NTCTRL_24,NTCTRL,true,7712,12412,8824,10300,9666,8002,8798,10141,8819,10589,12893,13365,10029,11426,9886,10776
NTCTRL_34,NTCTRL,true,9993,11700,7664,11972,8925,10778,9347,10787,6610,5949,10082,10192,7918,7042,9256,9458
SPTLC2_1,SPTLC2,false,5588,6038,7216,6838,6847,6973,5312,6651,5903,7062,6758,6217,4306,4060,4335,3917
LRIG3_4,LRIG3,false,10695,9651,8673,11567,8410,10397,8093,9898,10594,11391,8290,8441,9281,8464,6567,8980
TNFAIP3_4,TNFAIP3,false,15905,22039,17962,21060,12805,18370,15975,18865,15358,14964,11135,15952,10970,12355,13658,15340
H2AFB3_6,H2AFB3,false,4457,4438,5390,4619,5958,5273,5022,5205,4139,3192,4493,4906,4252,5300,4559,5032
FAM76A_1,FAM76A,false,7256,5854,8934,8511,6545,8627,9078,9511,6442,6651,6572,9351,6780,6360,6814,6707
RHOG_3,RHOG,false,10530,10773,9301,10173,9075,9724,11145,13726,6169,9139,8510,8569,8987,11528,9627,10694
CBLB_3,CBLB,false,173270,78541,50879,68610,32899,31466,19623,43523,961500,38635,17050,83478,17022,20154,32386,18600
STAT1_2,STAT1,false,6547,9405,8882,10936,8624,9063,7354,8297,7520,8182,6788,6837,7811,8547,7505,8183
GOLGA1_1,GOLGA1,false,7789,9457,8062,7158,10889,12059,7475,8354,5290,5866,7255,6516,10772,10081,10791,9683
LRIG3_5,LRIG3,false,6918,9840,8697,9286,7869,9269,8390,7636,9411,12174,9179,8973,7697,7124,6266,6590
GNA13_2,GNA13,false,39179,43101,22904,24063,18018,35926,18898,23932,9425,9930,7934,9814,8752,12613,13238,10883
ALDH3B1_6,ALDH3B1,false,7278,8464,7749,8827,9686,9439,8338,9343,6314,9318,8733,9431,10386,10295,8356,8400
RASA2_2,RASA2,false,36828,31104,20589,27731,12730,20379,15594,24850,16798,10451,7767,11943,7122,10419,11956,12294
FBXO45_2,FBXO45,false,6290,10635,9989,9999,10117,8328,7871,9083,7886,7010,7344,7344,8704,9358,10017,9715
CDKN1B_2,CDKN1B,false,11786,14070,11946,13496,12746,15411,13414,17319,10131,12575,11359,10904,9451,10231,10955,6917
GPR65_5,GPR65,false,6426,10115,7985,9017,8651,7834,9706,10100,6626,6967,6933,8367,7799,8012,9712,9999
STAT1_3,STAT1,false,7484,9937,7197,8967,8254,8680,8882,9774,9346,10445,8144,7185,7891,7123,7756,7260
LCP2_1,LCP2,false,3788,3336,3409,3813,3652,5334,2407,2475,2103,3365,1793,3262,3340,3963,3552,3814
STAT1_5,STAT1,false,9534,8189,5719,8329,7571,6996,5247,5941,6616,6445,4809,4429,5499,5021,8003,6941
STAT1_4,STAT1,false,5735,9050,7487,8403,7022,7056,6338,7376,9782,11195,6320,6603,5626,5334,7078,7159
GPR65_2,GPR65,false,12190,20054,11747,12241,11731,13882,12706,13682,13387,13082,14045,15952,11762,12622,10597,11631
LCP2_2,LCP2,false,5136,7294,6347,5678,5212,9197,4701,5440,3304,2679,3278,4499,3562,5128,8231,2850
NTCTRL_25,NTCTRL,true,7363,6698,8369,7371,7264,7432,11899,15883,9339,10715,8902,10082,10121,10011,9456,11818
NTCTRL_4,NTCTRL,true,9839,8243,9190,9688,8920,10528,9297,10232,8256,10142,8363,8456,12067,12619,9430,10397
ADRB2_3,ADRB2,false,6892,7394,6840,8851,4903,7144,6032,5830,8385,7772,6696,8076,5912,5809,6762,7200
STT3B_5,STT3B,false,8656,9381,8045,8342,9896,13870,9660,10562,11280,10822,10183,10661,8753,9634,7597,9125
CBLB_2,CBLB,false,18829,11681,12344,14106,9506,11906,11269,16647,23005,9097,9869,12339,10094,9751,9801,9964
FDXR_3,FDXR,false,3428,1977,2836,3849,2653,3123,4059,3237,2818,4813,3263,2789,2950,3170,3138,4184
STUB1_1,STUB1,false,6543,9325,9238,12671,8464,10048,6196,7690,7220,5737,8822,7083,7015,7681,11807,11274
GOLGA1_4,GOLGA1,false,7444,10411,10315,9733,8696,9921,8817,10104,10183,9443,8792,8683,8809,8101,7600,7831
GNA13_1,GNA13,false,35774,40081,25993,27966,22204,36954,24630,31643,10120,9734,12208,13362,9791,11217,14795,13860
ADORA2A_6,ADORA2A,false,7848,10279,8447,11573,9106,9278,9457,13079,9870,7766,10887,11699,8846,7840,7630,9253
PPIAL4D_3,PPIAL4D,false,5970,4592,5364,4858,4533,4767,4281,5306,2146,1970,3933,3885,4927,5570,4100,3812
ADORA2A_4,ADORA2A,false,10879,14782,8647,10586,11905,9629,9308,9567,8194,10777,5963,6191,7516,8559,9020,8610
NTCTRL_31,NTCTRL,true,8876,10128,11038,11486,8236,8591,8340,8842,7938,10735,11100,9808,8186,8519,8844,8833
NTCTRL_48,NTCTRL,true,13212,16772,12297,13076,10100,12110,7859,8483,7988,10313,9840,9595,10047,10777,10363,11196
CBLB_6,CBLB,false,11275,10700,10274,10351,6653,9982,9251,11276,7175,6905,8615,8259,8930,7557,6355,9028
DGKZ_2,DGKZ,false,12007,11991,9959,13480,9085,7244,11626,10022,12602,11042,9419,11775,7010,6193,5514,7011
RHOG_4,RHOG,false,7458,7364,6374,10459,7061,8108,7727,7942,5597,7140,6877,7413,6441,6321,10019,7548
NTCTRL_6,NTCTRL,true,11459,12698,10858,11038,9540,10682,12077,14170,9271,14527,9852,9563,10275,9349,10437,11513
FAM76A_2,FAM76A,false,6734,8952,9100,10386,9661,9574,9706,10276,5910,6742,8785,9733,8628,7811,11101,12358
LCP2_4,LCP2,false,4063,4603,5920,5558,5068,7020,4547,5357,3517,4533,4017,4571,4875,5370,5725,3169
CDKN1B_3,CDKN1B,false,12150,12954,12104,14251,12877,18060,13032,14927,5831,6231,8113,8417,11922,13471,14146,11302
JMJD8_2,JMJD8,false,7748,6868,7181,7205,6341,7678,6257,6947,4246,4818,5487,6528,6772,5544,5851,6441
STUB1_6,STUB1,false,10750,11738,13216,16800,11729,17996,11214,12029,9545,12246,13174,14330,12803,11661,13518,15712
IL2_1,IL2,false,6712,10473,6710,8340,7175,6241,7205,7492,6389,4807,5732,5977,7191,7251,8529,9063
NTCTRL_12,NTCTRL,true,9850,10983,12659,11620,12063,14475,11758,12369,10252,11226,10696,12993,13701,12753,10497,11838
NTCTRL_15,NTCTRL,true,4949,7208,8164,8585,8163,9102,8609,8772,8585,10128,8100,9653,6783,7272,8191,8407
GOLGA1_2,GOLGA1,false,7936,8176,9439,10579,8917,8628,9031,12239,6387,7605,7907,6061,7673,8710,7396,7400
FAM76A_6,FAM76A,false,11536,11932,8669,11257,10238,13476,8712,9773,8610,10395,12229,10772,9592,9625,10565,9619
GNA13_4,GNA13,false,19674,18673,14568,17574,9854,16184,10938,13654,10910,8502,6180,6787,6486,8505,7387,6502
ADRB2_4,ADRB2,false,8134,8019,7988,10007,9853,8445,10038,11269,12479,13313,11615,10963,9168,7856,9817,10936
LRIG3_1,LRIG3,false,7851,6445,7431,6684,7413,7922,7570,8232,6367,7270,6938,9250,6857,7861,5242,6556
LRIG3_6,LRIG3,false,11099,11228,9612,11767,10399,11950,9710,8826,11350,10834,10330,9002,9531,10455,12209,11392
LRIG3_3,LRIG3,false,7150,8365,8446,10522,8023,9049,8965,8697,8124,10340,8306,6662,7945,7345,6443,6553
NTCTRL_37,NTCTRL,true,8182,9535,6824,6703,8729,9073,7278,8658,8138,7723,9130,9652,9254,8804,8354,7900
NTCTRL_7,NTCTRL,true,11099,12258,9170,11095,9129,9392,9437,8523,5985,7453,7455,8610,11076,11773,12035,10309
FAM76A_4,FAM76A,false,9347,12962,8129,8521,8537,9442,8555,9066,6610,7822,8571,9438,7720,7491,7830,8070
GNAS_4,GNAS,false,8891,8265,10400,11409,8121,10183,10112,10992,9421,9722,11222,9932,8239,8545,9156,8334
NTCTRL_30,NTCTRL,true,11151,12916,11144,11733,9695,9910,9862,10823,7740,6250,11588,11762,9097,7646,9731,8955
CDKN1B_5,CDKN1B,false,12102,11784,11368,14140,9724,11202,10323,13990,11459,9046,11793,12768,8962,9892,8217,5966
STAT1_1,STAT1,false,9663,9405,8905,9229,9375,9486,6328,7471,5220,5807,6639,9126,8654,9407,9614,9214
CDKN1B_4,CDKN1B,false,12896,11962,12430,11376,10081,13491,12874,16479,10549,10336,11629,13494,12831,13457,9797,8294
FBXO45_1,FBXO45,false,9295,12331,9126,9213,9599,9292,10433,9176,8508,10181,8277,7850,7651,7282,7311,9264
PTGER4_3,PTGER4,false,15706,13027,18711,18424,15353,26880,12645,17190,10090,9553,14239,14556,13063,14377,11722,11428
ADRB1_4,ADRB1,false,8854,8543,7558,8128,7325,6470,8406,9774,10644,10474,9758,10867,5868,5612,6880,6858
CBLB_1,CBLB,false,192860,115370,67040,74108,39398,34907,24369,45478,140000,44273,18519,39169,14690,14561,36860,17978
H2AFB3_1,H2AFB3,false,5959,6291,5353,6395,5814,6152,5076,4738,6644,5945,4997,4528,4901,4821,4813,4413
ADRB1_6,ADRB1,false,10438,11026,7382,7311,8928,8754,9634,11431,7849,9448,9082,9641,8537,8072,7073,6827
IL2_2,IL2,false,12852,9772,8874,9172,8505,9988,9323,10445,7293,6878,10536,12361,8734,8892,9306,8636
GPR65_4,GPR65,false,8887,9796,12199,14378,12267,13580,10932,11861,11155,11405,10617,10008,12118,11694,10479,10684
NTCTRL_16,NTCTRL,true,31942,23937,16268,18331,12619,10756,9877,12040,21672,14593,9652,12776,11092,9499,10578,9077
RHOG_6,RHOG,false,6937,5280,6942,6745,6153,8251,5201,5761,3456,3787,5966,7047,5672,5309,8924,6920
GOLGA1_6,GOLGA1,false,7958,8060,7542,8321,8844,11262,9858,8864,8608,9340,7664,7457,6444,6955,9604,10448
CDKN1B_1,CDKN1B,false,7892,8912,8145,7955,9804,10098,8808,9765,7205,8660,7887,8492,10109,8928,10461,8439
NTCTRL_19,NTCTRL,true,8358,10063,9343,11123,9085,9643,7244,8323,7357,5287,6939,7624,8542,8111,7989,8553
NTCTRL_35,NTCTRL,true,7690,7653,6698,7571,6791,5287,9107,8120,11264,10348,9467,9024,7554,5844,6760,8056
NTCTRL_27,NTCTRL,true,12297,10160,10098,10555,10302,11580,8210,8515,4870,7981,12192,12162,9062,8247,9789,10377
NTCTRL_44,NTCTRL,true,9699,11042,10399,10246,10362,9586,10821,10296,9021,9007,9184,11947,10290,11751,10406,11765
H2AFB3_3,H2AFB3,false,7866,6868,6478,7777,6513,6066,6134,7707,5043,4576,7493,8032,5395,5333,5032,3540
PPP6C_3,PPP6C,false,2212,1777,3291,3160,3982,4564,1887,2528,1390,3120,1967,1735,2035,1553,3192,1779
RHOG_2,RHOG,false,3714,6655,6265,7672,7552,6185,6896,7954,8381,6872,7487,7817,6511,7223,7598,7527
NTCTRL_14,NTCTRL,true,15541,15362,11366,16186,14666,13801,9932,10145,14883,7500,8562,6704,10985,12050,11268,11298
H2AFB3_5,H2AFB3,false,7745,8152,7137,8125,7279,5888,8579,11829,5847,5572,9008,9065,6319,6459,7550,7037
NTCTRL_32,NTCTRL,true,12583,16033,8269,8276,10804,10099,11285,11216,10681,11401,9550,8419,11279,11173,10342,10886
FAM76A_3,FAM76A,false,8920,8855,9400,11152,10405,9067,8478,8977,8501,8524,5480,6537,7934,6084,10377,9623
GPR65_3,GPR65,false,6709,7841,8201,6689,8911,8737,8029,8732,7504,7826,6911,7486,9836,11105,15390,12023
RHOG_5,RHOG,false,6290,4902,6724,8878,5189,7248,8120,10082,8726,6495,6547,7837,7057,6645,9331,6794
NTCTRL_47,NTCTRL,true,8244,8931,8846,6705,8205,7229,8202,8898,6230,7204,10707,10588,8729,9731,8535,8223
NTCTRL_33,NTCTRL,true,9222,6445,9299,13102,9572,8933,10873,11203,7107,8621,11955,10478,10317,9827,10667,11400
ADORA2A_3,ADORA2A,false,5169,10214,9214,9992,10852,9724,9084,9676,14375,13948,10355,10228,10059,9255,9262,9330
ADRB2_6,ADRB2,false,12176,12760,12191,11838,15297,13326,14553,15586,15306,17407,13371,13739,11874,12251,12042,10360
ADRB1_5,ADRB1,false,7936,9136,9544,11106,8460,9586,9473,9541,9121,10424,8193,8343,9661,9354,10073,8160
STUB1_3,STUB1,false,8053,9058,11349,13402,8424,12019,12325,15338,9389,10068,10575,10002,11010,10157,8288,9010
P2RY8_3,P2RY8,false,7455,10500,11887,12201,12210,9661,13402,11615,8267,8957,10613,10812,7775,6625,9289,8550
ALDH3B1_3,ALDH3B1,false,8472,8146,8650,9242,9408,9606,10280,10445,9579,8318,11115,10205,8754,9074,7386,6970
FBXO45_3,FBXO45,false,7708,10260,7615,7428,8463,7785,9805,9896,9918,11304,7925,8471,8864,6963,8801,8922
PPIAL4D_6,PPIAL4D,false,7701,7224,8300,8239,8062,9426,5782,7621,6106,5945,4895,5145,7928,7852,7667,8886
NTCTRL_41,NTCTRL,true,12899,14068,9268,10054,11348,11297,11105,11303,11080,10251,9975,11562,11315,10188,16783,14926
DGKZ_3,DGKZ,false,13531,17945,13876,14897,14610,12751,17640,15132,12624,10375,17434,17037,12104,11770,10395,12429
FAM76A_5,FAM76A,false,9890,10077,8448,10426,9421,8425,8817,9650,9214,9952,9223,8395,8495,6951,8475,8505
PPP6C_2,PPP6C,false,3483,3009,3147,4077,3292,3152,3514,4474,3669,3439,2702,3360,1809,1374,4015,4032
CDKN1B_6,CDKN1B,false,5294,5142,8730,10079,9803,10817,9547,13354,9402,7385,7020,7972,6863,8242,7397,4780
ADRB2_1,ADRB2,false,8241,8993,8767,6601,9366,8019,10556,11596,6680,8807,6738,8337,8293,7685,11871,9159
NTCTRL_11,NTCTRL,true,9696,12833,8140,8830,10319,9401,9804,9454,8358,7890,9169,10036,9696,11576,10082,10417
STUB1_5,STUB1,false,8351,9028,10207,13023,8721,9885,10285,11714,9352,10564,12251,8489,11602,9021,10142,12437
DGKZ_1,DGKZ,false,15225,16290,13320,15027,11345,10754,16870,15084,11539,11372,17596,18442,13184,8869,9298,11605
CBLB_4,CBLB,false,33694,20866,15872,20297,14231,17920,10695,14235,13737,9843,10879,10218,9390,8692,10984,10526
NTCTRL_20,NTCTRL,true,9696,10357,8098,9847,10569,10152,10130,10237,12543,13420,13579,11084,10235,8703,9151,9642
