guide,gene,control,W1M1_lo,W1M1_hi,W1M2_lo,W1M2_hi,W2M1_lo,W2M1_hi,W2M2_lo,W2M2_hi
GNAS_5,GNAS,false,8632,14860,10455,29188,12970,23798,10349,24911
STT3B_3,STT3B,false,9349,31009,20720,37321,11257,15057,9976,16724
STUB1_4,STUB1,false,6061,16586,18844,52651,10432,21978,12118,27003
TNFAIP3_1,TNFAIP3,false,12275,39995,34761,85005,43633,70067,35221,59864
RASA2_6,RASA2,false,7368,19286,10939,22580,14044,22024,12369,24264
NFKBIA_6,NFKBIA,false,16154,43043,19864,36113,28521,36182,19421,32014
IFNG_1,IFNG,false,50154,7606,17195,4692,22809,6068,18952,5745
STUB1_1,STUB1,false,12043,28830,10664,22207,10981,16421,14755,20249
NFKBIA_1,NFKBIA,false,17548,37787,36133,59220,22416,30885,16955,27807
RASA2_4,RASA2,false,16924,29107,19201,35658,13769,27807,16259,21600
IFNG_6,IFNG,false,26627,3456,15285,4284,19765,11543,14278,8587
IFNG_2,IFNG,false,17362,5114,13705,5645,16305,6966,16414,11545
TNFAIP3_6,TNFAIP3,false,24197,40789,22852,40637,16798,31850,28654,38016
STUB1_3,STUB1,false,3949,8000,5668,11629,9763,14482,11855,19651
TNFAIP3_2,TNFAIP3,false,23621,33585,22858,39426,23247,36948,15676,26532
CBLB_6,CBLB,false,6421,11745,23112,31232,7141,9191,12636,19087
GNA13_2,GNA13,false,11637,22367,16314,31325,13598,17450,21413,23574
ZC3H12A_2,ZC3H12A,false,11817,15989,19336,28932,16331,30528,18888,24685
RASA2_5,RASA2,false,6248,17470,10397,11966,6839,7385,4718,8396
MED12_2,MED12,false,6333,7512,3505,8731,4822,5874,5495,8479
PPP6C_6,PPP6C,false,9481,19751,10508,19898,14600,14580,12125,13127
STT3B_6,STT3B,false,6401,10047,6601,10926,14300,22305,8225,11640
TNFAIP3_3,TNFAIP3,false,11048,14735,14147,19878,19657,31210,21900,30165
MED12_4,MED12,false,2664,6895,4712,9181,6683,9701,7134,7977
GNAS_1,GNAS,false,7863,10881,11162,15652,20621,26672,14834,22774
ZC3H12A_3,ZC3H12A,false,21431,25419,15765,23941,15477,18620,16512,23394
ALDH3B1_4,ALDH3B1,false,9568,19674,9117,14808,8271,9955,10744,12865
RASA2_1,RASA2,false,11375,14214,10494,14411,10915,17892,11089,34078
RHOG_4,RHOG,false,14259,20613,34792,23826,11776,16985,10782,11713
NFKBIA_3,NFKBIA,false,24272,35635,26370,34720,22530,31957,16232,31165
STUB1_6,STUB1,false,9653,26883,14115,18397,17212,20451,17681,23779
TNFAIP3_4,TNFAIP3,false,12310,16300,9429,18266,14662,19818,22630,24140
DGKZ_3,DGKZ,false,9575,12805,21806,27168,9238,14261,9630,12611
GNAS_6,GNAS,false,9677,17731,11998,21896,17345,19047,17388,24533
STUB1_5,STUB1,false,15027,32542,12637,21449,13184,14556,9654,14611
NTCTRL_26,NTCTRL,true,11858,7991,13324,6944,7997,7186,11639,12399
LCP2_5,LCP2,false,6841,2383,5403,3780,4462,4050,8470,4952
STAT1_4,STAT1,false,24130,17511,12691,32354,10662,12248,9653,14926
PTGER4_1,PTGER4,false,9222,12143,12106,18141,8762,14397,10941,13422
NFKBIA_5,NFKBIA,false,14290,28007,25474,20466,25246,31504,18672,33312
GNA13_6,GNA13,false,14192,28632,20146,25523,8101,8432,13603,12383
H2AFB3_2,H2AFB3,false,3309,6305,3020,4507,6400,6617,5992,6560
CBLB_5,CBLB,false,9390,15122,3529,7008,12304,12922,7461,10131
NTCTRL_17,NTCTRL,true,36730,10000,15711,12660,10689,9137,12361,8688
NTCTRL_9,NTCTRL,true,16014,17016,9212,11541,10481,14106,9909,13645
PPP6C_2,PPP6C,false,24495,6503,13049,11226,3995,5050,4796,5627
ALDH3B1_3,ALDH3B1,false,4267,3993,10559,5335,10365,8565,9959,10418
TNFAIP3_5,TNFAIP3,false,20388,25231,19611,28767,18181,25349,16048,22791
CBLB_1,CBLB,false,14103,24787,22475,44989,31052,21644,25380,38883
LCP2_1,LCP2,false,4224,6049,3858,2230,3218,2473,3704,2683
STT3B_2,STT3B,false,6084,11185,7533,9164,9395,10124,8203,12488
ADORA2A_2,ADORA2A,false,5855,5402,8505,11164,11466,12037,7843,10941
IFNG_5,IFNG,false,12344,8844,8679,7468,7309,6259,11871,6772
SPTLC2_4,SPTLC2,false,8307,14713,12000,10143,7862,11241,10231,13765
ALDH3B1_5,ALDH3B1,false,19436,45276,8527,15136,15524,18179,9365,9907
GNAS_2,GNAS,false,19799,21365,14860,21382,21110,31337,12305,24601
IFNG_4,IFNG,false,13622,9879,22674,12921,14493,13185,18285,10392
STUB1_2,STUB1,false,8382,9929,13241,16939,5625,8653,10218,14877
ZC3H12A_5,ZC3H12A,false,4630,7422,4766,8419,7932,9349,8637,8572
MED12_6,MED12,false,2923,4727,4836,5897,4292,4997,1915,3415
STAT1_2,STAT1,false,12452,23091,19901,30885,13391,12290,22317,20660
ZC3H12A_6,ZC3H12A,false,5970,10355,17793,18968,33229,37683,11178,19027
STAT1_3,STAT1,false,9371,15486,18233,15539,13055,9927,10575,15155
H2AFB3_6,H2AFB3,false,7622,9887,10009,6230,6446,12243,5448,8495
GPR65_1,GPR65,false,5816,9233,25539,15803,9361,15754,15012,19652
NTCTRL_49,NTCTRL,true,14348,27572,12825,18157,11991,12085,14195,16747
GPR65_4,GPR65,false,12435,16042,11315,15751,18995,14813,12248,16651
NTCTRL_18,NTCTRL,true,8186,7996,15295,13370,8603,13608,11900,13109
H2AFB3_3,H2AFB3,false,12824,15817,12615,9256,8348,7939,11207,8521
NTCTRL_5,NTCTRL,true,48067,14648,13408,15052,16688,14066,22811,20786
ADORA2A_3,ADORA2A,false,25028,27707,13335,16003,11703,16162,7592,11814
RHOG_6,RHOG,false,30319,15566,14626,13909,16648,11133,17563,12565
ADORA2A_1,ADORA2A,false,7564,9998,6263,6853,9341,9904,7667,9382
SPTLC2_1,SPTLC2,false,7553,12969,11430,19803,13465,13031,9306,10788
NTCTRL_46,NTCTRL,true,23520,14541,5299,4993,8404,6795,11219,8519
STT3B_1,STT3B,false,9316,11056,23201,16786,6415,9698,9147,12052
NTCTRL_25,NTCTRL,true,7554,7617,14710,7083,12213,12546,9680,9565
NFKBIA_2,NFKBIA,false,12681,14011,11818,15925,10586,14574,14581,21090
PPP6C_1,PPP6C,false,2621,3567,4326,3998,5216,7977,3637,6022
RASA2_3,RASA2,false,10882,12100,6935,11205,14754,20865,11158,15167
NTCTRL_28,NTCTRL,true,10935,12875,11710,20838,10036,11832,13506,15121
VAV1_2,VAV1,false,3088,3253,8648,11227,5743,4070,4420,3995
P2RY8_5,P2RY8,false,11089,15522,11484,13463,20188,15938,14043,17618
RASA2_2,RASA2,false,22997,30219,13111,11530,18192,19393,12910,19065
ZC3H12A_4,ZC3H12A,false,1911,3064,503,678,16736,3827,1422,1120
CBLB_4,CBLB,false,10408,16262,11952,14675,15195,16864,17442,18388
ADRB1_5,ADRB1,false,14691,38616,7279,10379,20658,19287,13112,14600
NTCTRL_13,NTCTRL,true,24763,23202,14680,17769,12833,14161,12273,15709
NTCTRL_2,NTCTRL,true,15906,21523,13818,11662,24234,25634,16232,17506
CDKN1B_4,CDKN1B,false,14014,9845,11983,10929,20003,17556,16690,14049
PTGER4_6,PTGER4,false,14177,20662,8001,9639,10995,12280,8631,11650
NTCTRL_50,NTCTRL,true,9826,16588,11523,12637,8335,13284,14770,11177
DGKZ_4,DGKZ,false,6379,9590,15655,20273,12765,13814,15469,22457
DGKZ_6,DGKZ,false,7328,7182,10189,12757,12844,15787,15282,15100
FAM76A_4,FAM76A,false,13076,17884,25846,23215,15280,16327,11609,13116
GOLGA1_6,GOLGA1,false,7745,8607,26266,21026,20814,21365,11847,18248
NTCTRL_31,NTCTRL,true,8823,11741,10276,15290,10148,12946,11244,10602
SPTLC2_2,SPTLC2,false,9224,9750,9773,13457,8802,12069,10236,10854
H2AFB3_4,H2AFB3,false,19920,12616,11450,13904,9280,12886,9763,9700
TNF_4,TNF,false,11440,16398,11835,13063,14731,14003,12595,15297
GNA13_5,GNA13,false,5580,8262,15421,25254,10102,9436,9762,14441
LRIG3_5,LRIG3,false,9924,15084,8274,12837,12802,11786,10587,9428
GOLGA1_5,GOLGA1,false,15333,22662,12492,16950,19503,15303,14110,18237
PTGER4_3,PTGER4,false,11637,16576,14827,13434,12499,17111,13419,14328
NTCTRL_15,NTCTRL,true,7195,7454,17497,12318,11757,8801,13352,13928
NTCTRL_34,NTCTRL,true,12092,11427,20233,18997,15739,10592,14400,14006
ADRB1_4,ADRB1,false,3924,5763,9372,4938,6935,11357,8593,7322
GNAS_4,GNAS,false,13997,19061,17674,21543,12721,12489,9471,9151
PPIAL4D_4,PPIAL4D,false,5585,4616,9025,7258,6990,6775,10125,6765
ADORA2A_4,ADORA2A,false,14964,14791,9415,14003,9282,14017,15241,16400
STAT1_1,STAT1,false,19208,19649,15963,20732,9334,16429,16692,18713
SPTLC2_6,SPTLC2,false,5040,14673,8701,11263,10935,10865,10056,9602
LCP2_2,LCP2,false,11881,8187,5527,7972,10941,6765,6355,4443
GNA13_4,GNA13,false,9940,5962,16205,13920,10838,16539,14252,15543
PPP6C_3,PPP6C,false,3463,3856,4084,5468,5027,5340,5478,6462
MED12_1,MED12,false,34292,21045,9489,12971,11998,12853,10453,13411
FBXO45_5,FBXO45,false,4725,7199,14450,10423,11159,8770,11147,10348
FDXR_6,FDXR,false,13108,14394,9091,5682,6551,6695,6949,7093
ADRB2_4,ADRB2,false,9602,11435,13447,13461,10231,8724,11080,14382
P2RY8_4,P2RY8,false,10036,9916,24531,12914,15389,15577,13961,12362
ALDH3B1_1,ALDH3B1,false,10170,12825,17553,20705,11632,12621,8590,10670
IL2_2,IL2,false,16723,18972,26266,23911,22099,14559,13407,14296
STAT1_6,STAT1,false,12653,7909,7843,8235,11161,11875,10183,10304
ADRB2_5,ADRB2,false,4938,6415,13599,14414,12088,9840,8719,8263
GNA13_3,GNA13,false,18926,20505,13948,15786,11693,17339,21262,22952
GOLGA1_3,GOLGA1,false,2823,3686,12312,14831,8525,10977,10542,11006
VAV1_3,VAV1,false,11671,5766,6475,3405,7951,9183,5607,6920
GOLGA1_2,GOLGA1,false,10045,13323,11844,8434,19244,21056,10182,11966
ADORA2A_5,ADORA2A,false,11328,15562,7752,8139,10407,10936,9197,11547
NTCTRL_33,NTCTRL,true,12161,13132,25257,23918,16389,11581,18476,17707
TNF_5,TNF,false,29001,28655,30121,22252,12043,11365,19164,20383
NTCTRL_52,NTCTRL,true,6248,5633,7888,10841,8059,7977,8467,6130
LRIG3_4,LRIG3,false,19574,42925,8945,8106,17518,19188,9801,11919
MED12_5,MED12,false,3245,4730,5225,8182,4508,6433,5877,4287
FAM76A_1,FAM76A,false,7042,6069,10417,16133,13629,12761,11267,11941
NTCTRL_48,NTCTRL,true,13730,12761,16049,13954,12808,9215,14261,12105
NTCTRL_40,NTCTRL,true,16419,14696,7015,6873,9696,10581,11063,13042
FDXR_4,FDXR,false,2078,1000,2232,1624,3337,2808,1703,2224
NTCTRL_30,NTCTRL,true,7674,15126,17245,27182,20407,18525,12423,13744
NTCTRL_39,NTCTRL,true,3666,5910,11602,8905,8417,9194,9682,7277
NTCTRL_42,NTCTRL,true,4593,5896,15952,19434,13058,12734,10433,13846
JMJD8_3,JMJD8,false,8320,6240,9944,11653,23101,14827,10463,11410
NTCTRL_47,NTCTRL,true,13840,15299,6385,8600,9560,8208,9160,8240
NTCTRL_37,NTCTRL,true,8505,12656,14294,12023,11244,12275,10624,12361
NTCTRL_29,NTCTRL,true,17929,12544,12538,7294,23448,19577,9995,14918
FDXR_1,FDXR,false,11476,15013,5746,6784,10484,9670,9198,12464
NTCTRL_27,NTCTRL,true,15988,14592,28862,18291,21494,20579,16140,15732
ADRB2_3,ADRB2,false,23804,19232,8904,11288,7693,9482,19858,14794
LRIG3_1,LRIG3,false,9041,10358,11764,14887,7219,8550,10454,11483
VAV1_4,VAV1,false,31223,43422,34233,27433,21384,20305,16741,18343
NTCTRL_43,NTCTRL,true,16222,18533,13774,14924,13030,9071,16608,22230
NTCTRL_36,NTCTRL,true,21905,17611,23725,24984,11935,15668,19446,19955
LRIG3_2,LRIG3,false,22178,20825,20228,17722,23740,23038,13601,14994
JMJD8_1,JMJD8,false,6965,4177,4119,5246,4976,5581,6914,8816
STT3B_5,STT3B,false,12567,16412,10785,12504,12945,13782,13311,14663
MED12_3,MED12,false,15873,16262,16517,11814,12136,13701,6580,10391
VAV1_1,VAV1,false,5177,4251,7438,6801,15804,11321,6886,6272
STT3B_4,STT3B,false,30886,25481,25296,24151,12260,17512,10904,11682
GNA13_1,GNA13,false,18797,23698,40149,43628,17068,14819,20752,20119
H2AFB3_1,H2AFB3,false,5995,5323,5102,5384,9404,6254,6589,6133
NFKBIA_4,NFKBIA,false,30503,15898,13543,14778,13532,15279,10028,12352
IL2_5,IL2,false,21665,30135,8911,8663,14106,13675,10890,14019
NTCTRL_16,NTCTRL,true,12095,11878,11075,9560,20319,20581,11230,8642
SPTLC2_3,SPTLC2,false,0,0,0,0,0,0,0,0
FAM76A_2,FAM76A,false,19483,16480,12654,20188,20093,19957,13554,13551
GOLGA1_4,GOLGA1,false,11400,12636,16528,14899,12408,13675,9746,12203
JMJD8_6,JMJD8,false,19628,15680,19845,23624,16728,17765,12162,13916
PPIAL4D_3,PPIAL4D,false,4724,9555,8856,14602,7418,5655,7982,7491
FBXO45_4,FBXO45,false,20442,23036,18274,20433,12078,17344,16126,17081
ADRB2_1,ADRB2,false,5716,12973,13051,11125,11127,15636,11319,11726
NTCTRL_23,NTCTRL,true,12337,11052,11983,9933,11282,13243,14192,11487
ZC3H12A_1,ZC3H12A,false,23928,20121,19947,28524,12002,14451,10916,14887
NTCTRL_6,NTCTRL,true,17354,24501,16405,18602,19133,12682,14529,12661
PTGER4_2,PTGER4,false,8874,9458,17258,32438,13987,15156,14102,15632
LCP2_4,LCP2,false,5879,16732,9582,8796,11396,7159,6724,9112
VAV1_6,VAV1,false,5141,5962,29612,21543,12806,9312,11263,13054
PTGER4_4,PTGER4,false,5956,5608,10696,14027,8029,10868,9850,8750
FDXR_5,FDXR,false,7353,11851,9065,8455,12637,10363,9227,9699
CDKN1B_2,CDKN1B,false,13883,17077,14981,16560,24443,24952,18188,19162
P2RY8_1,P2RY8,false,8862,10738,13694,12342,22503,17744,18648,30994
NTCTRL_21,NTCTRL,true,11636,13322,7366,9467,9482,8601,10173,8841
IL2_6,IL2,false,12791,20450,7953,7265,9420,7789,9510,9865
STAT1_5,STAT1,false,5766,8256,6733,6869,13843,12213,11989,17151
GOLGA1_1,GOLGA1,false,11922,11507,13528,9720,12162,13803,11470,11003
PPIAL4D_2,PPIAL4D,false,14495,14715,7208,6715,11336,12226,9274,10222
NTCTRL_11,NTCTRL,true,24481,14648,9654,10675,17500,17351,14361,15173
TNF_2,TNF,false,12525,13804,35299,28056,18368,17247,16017,20016
ADRB2_2,ADRB2,false,13340,11017,20306,25144,15760,18002,14854,15184
PPIAL4D_1,PPIAL4D,false,14363,18399,7851,7197,8441,7072,8847,9100
NTCTRL_10,NTCTRL,true,14876,24511,17720,17134,11192,16629,17541,17857
NTCTRL_35,NTCTRL,true,5812,9514,9318,5918,6600,6442,8306,7661
NTCTRL_45,NTCTRL,true,26390,21723,11056,14105,19527,19487,17484,20351
DGKZ_5,DGKZ,false,6585,7498,11998,12121,11960,13667,13876,15480
P2RY8_6,P2RY8,false,6773,11005,17018,20571,19115,15686,15823,15427
NTCTRL_4,NTCTRL,true,7676,10931,9435,9800,17770,12625,12413,9401
ADRB1_1,ADRB1,false,8092,5768,10091,10874,9302,8000,7794,8521
NTCTRL_3,NTCTRL,true,40325,43710,19869,15846,10175,12328,13540,15831
NTCTRL_51,NTCTRL,true,19413,26578,18772,20059,16540,12848,17826,19162
GPR65_3,GPR65,false,5912,8057,14399,14492,11847,11870,12716,15533
NTCTRL_22,NTCTRL,true,8219,8170,13172,18938,14035,10624,11571,12937
ALDH3B1_2,ALDH3B1,false,8164,8377,8766,9152,9589,6783,11620,11089
ADRB1_2,ADRB1,false,12849,18336,13467,10143,14855,14170,12092,13933
NTCTRL_44,NTCTRL,true,8319,12085,17915,19121,22407,14789,16550,18157
LCP2_6,LCP2,false,4637,5907,4825,4488,13456,9965,11722,10689
LCP2_3,LCP2,false,35012,14213,5761,6169,12275,12690,8826,9787
P2RY8_3,P2RY8,false,8601,10078,23160,10087,11062,9500,9339,8509
NTCTRL_14,NTCTRL,true,20341,19010,18372,15105,21093,27694,17168,18065
JMJD8_5,JMJD8,false,3061,5848,5414,5653,8676,7795,6548,6915
NTCTRL_8,NTCTRL,true,9348,14099,12490,13198,17996,19090,15717,15873
FAM76A_3,FAM76A,false,12964,10837,20088,15729,17582,18614,13544,14207
NTCTRL_32,NTCTRL,true,22214,27941,14503,11324,14705,19907,14764,11157
FBXO45_1,FBXO45,false,21410,19430,12228,12928,13223,14035,8942,12011
TNF_3,TNF,false,14637,14469,11407,9495,10550,9994,13977,15881
IL2_1,IL2,false,14080,13544,23688,27340,14465,16099,12524,14111
PPP6C_5,PPP6C,false,6839,11439,10605,8748,14688,13043,10355,10765
NTCTRL_12,NTCTRL,true,13437,12320,10748,14346,13661,16828,13954,14324
LRIG3_3,LRIG3,false,3707,7681,13621,12583,11087,14339,13406,13321
SPTLC2_5,SPTLC2,false,2955,4254,9411,9826,5858,5651,4970,4847
CDKN1B_3,CDKN1B,false,14659,13581,14039,14549,20338,18533,17915,16887
GPR65_2,GPR65,false,13571,17493,15029,11906,12648,11472,13138,16293
FBXO45_2,FBXO45,false,11596,8972,12093,11357,16756,17278,15073,14976
RHOG_5,RHOG,false,12268,10802,14115,14808,7737,6895,15447,17327
NTCTRL_41,NTCTRL,true,14413,24124,11235,14757,16862,14790,13763,13058
NTCTRL_7,NTCTRL,true,51763,25457,24988,22515,16384,15531,15589,17762
VAV1_5,VAV1,false,12009,13456,11175,21450,9832,6731,7839,7083
NTCTRL_1,NTCTRL,true,13244,20376,6579,10351,19048,12636,16529,16487
DGKZ_1,DGKZ,false,16408,10765,6514,9296,12925,11376,9680,12084
FAM76A_5,FAM76A,false,8625,8768,11708,16797,14732,11302,12495,13955
RHOG_2,RHOG,false,27654,26312,14998,14041,12854,13230,10897,12421
IL2_4,IL2,false,11626,12232,9922,12316,12883,10239,7029,8780
NTCTRL_24,NTCTRL,true,15546,13396,14895,16392,29722,23454,16353,16818
GNAS_3,GNAS,false,12343,22189,16582,15865,21611,17893,19299,17236
CBLB_2,CBLB,false,24503,23268,12997,12196,15424,12293,15531,19934
IFNG_3,IFNG,false,15626,15239,17878,24059,14170,14977,17904,19631
RHOG_3,RHOG,false,9378,7214,14756,18126,14677,14468,13673,13365
CDKN1B_1,CDKN1B,false,10516,13295,25617,16749,15511,12228,15098,16856
ADRB1_3,ADRB1,false,5264,6058,8185,10151,14632,10859,13178,11241
TNF_1,TNF,false,57652,49376,25812,17999,21277,28219,12950,14604
H2AFB3_5,H2AFB3,false,8760,9642,16097,16801,15985,14056,8963,10521
GPR65_6,GPR65,false,6664,8450,27165,23289,14336,13452,13648,14115
PPIAL4D_5,PPIAL4D,false,6887,8353,13413,10048,10350,10733,9448,9533
CDKN1B_6,CDKN1B,false,7534,9606,13458,13090,8102,10005,12555,11370
P2RY8_2,P2RY8,false,9912,8865,13709,13658,14526,14227,23569,17665
FDXR_3,FDXR,false,10713,12000,13259,10506,5044,5855,7481,7515
ALDH3B1_6,ALDH3B1,false,34444,16381,18450,18700,14932,18075,11601,14859
TNF_6,TNF,false,7513,12221,22168,8881,7899,7070,10962,9849
PPIAL4D_6,PPIAL4D,false,8541,6393,14938,14688,14441,17173,13067,12605
FDXR_2,FDXR,false,5687,3552,5323,5400,7748,6832,6367,6624
JMJD8_4,JMJD8,false,9428,10539,32090,35212,8229,7898,11074,9847
JMJD8_2,JMJD8,false,6454,7677,9119,6578,5908,6312,7093,6930
PTGER4_5,PTGER4,false,14061,13204,9576,13301,12982,12044,12432,11494
ADORA2A_6,ADORA2A,false,14104,10257,10395,10658,16586,15138,11728,15023
DGKZ_2,DGKZ,false,8854,13925,16899,13145,16671,19521,9722,12948
NTCTRL_19,NTCTRL,true,12277,13927,12204,11739,13602,10856,11988,12667
NTCTRL_38,NTCTRL,true,13679,12493,25482,18891,8987,10422,9773,11548
FBXO45_3,FBXO45,false,6937,9254,18603,24732,9395,7627,10130,10747
ADRB2_6,ADRB2,false,17184,13846,13289,17201,17442,20520,22255,18191
RHOG_1,RHOG,false,12865,14544,15274,17382,11071,12504,14261,13151
GPR65_5,GPR65,false,10299,10952,8126,10213,10460,5594,11099,12812
CBLB_3,CBLB,false,20510,30342,13918,16202,25622,16965,24129,28427
PPP6C_4,PPP6C,false,3677,5624,4539,4807,4875,4761,7241,4776
LRIG3_6,LRIG3,false,19084,27868,19403,19189,17243,17575,15164,16836
IL2_3,IL2,false,18967,19072,9624,11654,11340,11760,11801,11280
ADRB1_6,ADRB1,false,6772,7500,7414,6857,4623,6234,10054,8513
FAM76A_6,FAM76A,false,5651,5911,17328,19784,14183,15774,12359,10943
NTCTRL_20,NTCTRL,true,20563,31605,20711,18637,18218,20325,14143,13979
FBXO45_6,FBXO45,false,11208,18296,27501,22679,12936,15115,20343,13327
CDKN1B_5,CDKN1B,false,9557,16142,17345,14452,23100,20215,15770,17100
