gene,guide,estimate,std_error,t_value,df,p_value,fdr,rho,mean_cpm,converged,control,dispersion_boundary,raw_std_error,raw_t_value,raw_p_value,raw_fdr
IFNG,IFNG_1,-1.6844119327815583,0.36521916950726063,-4.612057836542646,12,0.0005983376096378809,0.03599057648572453,0.0007699007452585969,2730.6281391805246,true,false,false,0.36521916950726063,-4.612057836542646,0.0005983376096378809,0.03599057648572453
IFNG,IFNG_6,-1.0476004095467264,0.21095449265425154,-4.966001891525078,12,0.00032745670254389784,0.03599057648572453,0.0003799265582127003,2780.7460554898535,true,false,false,0.21095449265425154,-4.966001891525078,0.00032745670254389784,0.03599057648572453
IFNG,IFNG_2,-0.9494023848750884,0.21677729675498217,-4.379620924732601,12,0.000896900127628401,0.03599057648572453,0.00041249023661164705,2732.8673599186955,true,false,false,0.21677729675498217,-4.379620924732601,0.000896900127628401,0.03599057648572453
IFNG,IFNG_4,-0.6888634637478672,0.20934195735642466,-3.2906134653886485,12,0.0064519780397106485,0.1722678136602743,0.0005453251033356431,3505.7173241532487,true,false,false,0.20934195735642466,-3.2906134653886485,0.0064519780397106485,0.1722678136602743
TNF,TNF_2,-0.40329317727153097,0.09269483626475505,-4.350762065317692,12,0.0009435731662924036,0.03599057648572453,0.0001222477289218233,3727.283519697896,true,false,false,0.09269483626475505,-4.350762065317692,0.0009435731662924036,0.03599057648572453
TNF,TNF_1,-0.3405480319363332,0.07399881346520075,-4.602074222399281,12,0.0006087451302692536,0.03599057648572453,0.00008885385497212859,4209.134615878199,true,false,false,0.07399881346520075,-4.602074222399281,0.0006087451302692536,0.03599057648572453
DGKZ,DGKZ_4,-0.04133900570489914,0.12203950897434926,-0.33873461186727594,12,0.7406631496548206,0.9877709947103684,0.00033625610399283783,5685.695280877178,true,false,false,0.12203950897434926,-0.33873461186727594,0.7406631496548206,0.9877709947103684
IFNG,IFNG_5,-0.535079268545352,0.17181737672818825,-3.114232557466158,12,0.008950192622959765,0.21495070642962955,0.00027163493715657037,2477.2644570606694,true,false,false,0.17181737672818825,-3.114232557466158,0.008950192622959765,0.21495070642962955
TNF,TNF_4,-0.14221099099999537,0.1179429647895983,-1.2057606933460547,12,0.25114686374939377,0.9259808167205715,0.00024827998341492215,4511.648737397223,true,false,false,0.1179429647895983,-1.2057606933460547,0.25114686374939377,0.9259808167205715
TNF,TNF_5,-0.27206607031404384,0.08853102219306912,-3.0731156556706205,12,0.009660705906949642,0.21495070642962955,0.00010607385938242254,3470.0082045035806,true,false,false,0.08853102219306912,-3.0731156556706205,0.009660705906949642,0.21495070642962955
IFNG,IFNG_3,-0.17026977653891093,0.10680768951381496,-1.5941715181179676,12,0.13688186091509014,0.6850672852685631,0.00016541538070799798,3673.0577438449895,true,false,false,0.10680768951381496,-1.5941715181179676,0.13688186091509014,0.6850672852685631
DGKZ,DGKZ_5,-0.09870085982200567,0.10613987415169218,-0.9299131039193161,12,0.37074558757144116,0.9429272448750424,0.0001829027185486887,4093.9714414105724,true,false,false,0.10613987415169218,-0.9299131039193161,0.37074558757144116,0.9429272448750424
P2RY8,P2RY8_6,-0.1355168781594253,0.06686278007047557,-2.0267909592838658,12,0.06549747222660084,0.43719562711256055,0.00007632480855256107,4327.623319510174,true,false,false,0.06686278007047557,-2.0267909592838658,0.06549747222660084,0.43719562711256055
NTCTRL,NTCTRL_3,-0.045754202969152495,0.11644041267078971,-0.39294092076530757,12,0.7012541907688685,0.9877709947103684,0.00024430162651985785,4534.489989936808,true,true,false,0.11644041267078971,-0.39294092076530757,0.7012541907688685,0.9877709947103684
NTCTRL,NTCTRL_18,-0.1093458010816241,0.10559032713592262,-1.0355664580986401,12,0.32082300614327175,0.9413158531895995,0.0001774416444510031,4015.122126568173,true,true,false,0.10559032713592262,-1.0355664580986401,0.32082300614327175,0.9413158531895995
P2RY8,P2RY8_2,-0.06383742670945883,0.07042331608003115,-0.9064814079034859,12,0.3825225484449605,0.9429272448750424,0.00010905092997292074,5552.95796889153,true,false,false,0.07042331608003115,-0.9064814079034859,0.3825225484449605,0.9429272448750424
DGKZ,DGKZ_6,-0.03586325759502942,0.09649928743793328,-0.3716427193112287,12,0.7166380750419901,0.9877709947103684,0.00017298480464715053,4677.6145678091225,true,false,false,0.09649928743793328,-0.3716427193112287,0.7166380750419901,0.9877709947103684
P2RY8,P2RY8_5,-0.07811267821622606,0.07538620746683508,-1.0361667053033599,12,0.3205541824962118,0.9413158531895995,0.00009042901528347079,4016.6665286070906,true,false,false,0.07538620746683508,-1.0361667053033599,0.3205541824962118,0.9413158531895995
NTCTRL,NTCTRL_10,0.0051283205036030234,0.08621799393463611,0.05948086089187976,12,0.953548198694826,0.9877709947103684,0.00013374516474102288,4531.7011910589645,true,true,false,0.08621799393463611,0.05948086089187976,0.953548198694826,0.9877709947103684
P2RY8,P2RY8_4,-0.1537427718116571,0.06850591757607111,-2.244226152301899,12,0.04445736042156868,0.39136886338014926,0.00007129791783218236,3855.651302771944,true,false,false,0.06850591757607111,-2.244226152301899,0.04445736042156868,0.39136886338014926
NTCTRL,NTCTRL_28,-0.01731205340073778,0.11139458560792902,-0.1554119826045254,12,0.8790801349507664,0.9877709947103684,0.00018854721648853848,3821.637815608785,true,true,false,0.11139458560792902,-0.1554119826045254,0.8790801349507664,0.9877709947103684
NTCTRL,NTCTRL_50,0.03038748182440464,0.11996619567941465,0.2533003705944717,12,0.8043235627811427,0.9877709947103684,0.0002038219828977583,3561.143848963171,true,true,false,0.11996619567941465,0.2533003705944717,0.8043235627811427,0.9877709947103684
NTCTRL,NTCTRL_45,-0.06349010642147492,0.07931357598849084,-0.8004948160537855,12,0.43898544059538336,0.9567152520494624,0.00009753189564835965,3910.5518726779364,true,true,false,0.07931357598849084,-0.8004948160537855,0.43898544059538336,0.9567152520494624
NTCTRL,NTCTRL_2,-0.04958956797805298,0.1151937640635367,-0.4304883027409468,12,0.6744708959836703,0.9877709947103684,0.00018869719307030764,3577.204162097784,true,true,false,0.1151937640635367,-0.4304883027409468,0.6744708959836703,0.9877709947103684
NTCTRL,NTCTRL_8,-0.049575267742696334,0.09163712873559626,-0.5409954286732133,12,0.5984102016885338,0.9877709947103684,0.00013803313980429905,4140.64833860187,true,true,false,0.09163712873559626,-0.5409954286732133,0.5984102016885338,0.9877709947103684
TNF,TNF_6,-0.1807231136918205,0.1077857086215709,-1.6766890156683798,12,0.11943854609563519,0.625295917794796,0.00013248957257844005,2890.674862861952,true,false,false,0.1077857086215709,-1.6766890156683798,0.11943854609563519,0.625295917794796
NTCTRL,NTCTRL_17,-0.07054524256743434,0.09208560774316697,-0.766083259874766,12,0.45843179854819216,0.9637896867115535,0.00010812988484522207,3213.323166265658,true,true,false,0.09208560774316697,-0.766083259874766,0.45843179854819216,0.9637896867115535
NTCTRL,NTCTRL_23,-0.07000143042148795,0.07231328606841028,-0.9680300015029706,12,0.3521355726689124,0.9429272448750424,0.00008532529784798873,4119.233044436157,true,true,false,0.07231328606841028,-0.9680300015029706,0.3521355726689124,0.9429272448750424
LRIG3,LRIG3_2,-0.10609129980317637,0.0887822821703912,-1.1949602692073813,12,0.2551856029887646,0.9259808167205715,0.00011008697441243955,3525.824563166066,true,false,false,0.0887822821703912,-1.1949602692073813,0.2551856029887646,0.9259808167205715
P2RY8,P2RY8_1,-0.08775520739976786,0.09471885280507038,-0.9264808937283735,12,0.3724546116365297,0.9429272448750424,0.00017313616627028476,4868.820550376762,true,false,false,0.09471885280507038,-0.9264808937283735,0.3724546116365297,0.9429272448750424
TNF,TNF_3,-0.1659648757075173,0.08507147588785956,-1.9508874622827832,12,0.07481195951232823,0.475590314042658,0.00010060081227090687,3524.306072150654,true,false,false,0.08507147588785956,-1.9508874622827832,0.07481195951232823,0.475590314042658
FBXO45,FBXO45_4,-0.04730061581677067,0.06511969028847707,-0.7263642625944816,12,0.4815441725464916,0.965498233155955,0.00006774908376063702,4034.97675217938,true,false,false,0.06511969028847707,-0.7263642625944816,0.4815441725464916,0.965498233155955
NTCTRL,NTCTRL_43,-0.09893225874928814,0.10417451647610913,-0.9496781179874905,12,0.3610109396716298,0.9429272448750424,0.00014977388729469967,3479.7404556851116,true,true,false,0.10417451647610913,-0.9496781179874905,0.3610109396716298,0.9429272448750424
NTCTRL,NTCTRL_13,-0.04156668788620091,0.08438988991796945,-0.4925553040370771,12,0.631215444321749,0.9877709947103684,0.00010625616412040168,3759.2526273158724,true,true,false,0.08438988991796945,-0.4925553040370771,0.631215444321749,0.9877709947103684
VAV1,VAV1_4,-0.025631281838815703,0.06615211317758198,-0.38745975914646646,12,0.705200425336596,0.9877709947103684,0.00007356590489552294,4243.540860355886,true,false,false,0.06615211317758198,-0.38745975914646646,0.705200425336596,0.9877709947103684
NTCTRL,NTCTRL_21,-0.09635512932590154,0.08965251755552513,-1.074762114362547,12,0.3036168914146604,0.9364541692363522,0.00011553609039064599,3626.76481958194,true,true,false,0.08965251755552513,-1.074762114362547,0.3036168914146604,0.9364541692363522
FBXO45,FBXO45_5,0.00034060039065064013,0.1083057416527568,0.003144804563941329,12,0.9975424886525037,0.9998524024864707,0.00016445187891770834,3525.419123453468,true,false,false,0.1083057416527568,0.003144804563941329,0.9975424886525037,0.9998524024864707
NTCTRL,NTCTRL_22,-0.05014234169413342,0.07015443125886281,-0.7147423305181281,12,0.488440391308971,0.965498233155955,0.00006855307000646469,3516.020369010383,true,true,false,0.07015443125886281,-0.7147423305181281,0.488440391308971,0.965498233155955
NTCTRL,NTCTRL_51,0.0194163079570044,0.09650165433516703,0.2012018145260825,12,0.8439108887238774,0.9877709947103684,0.000127329853309721,3440.598625929817,true,true,false,0.09650165433516703,0.2012018145260825,0.8439108887238774,0.9877709947103684
NTCTRL,NTCTRL_46,0.022517912293123728,0.08786431477278911,0.2562805201560321,12,0.8020749733144172,0.9877709947103684,0.00010010009110416662,3264.8551230642934,true,true,false,0.08786431477278911,0.2562805201560321,0.8020749733144172,0.9877709947103684
ADRB2,ADRB2_2,-0.010553611521203139,0.1087459598198426,-0.09704830909292732,12,0.9242900847837553,0.9877709947103684,0.00017639555686892896,3752.1318958708275,true,false,false,0.1087459598198426,-0.09704830909292732,0.9242900847837553,0.9877709947103684
NTCTRL,NTCTRL_1,-0.035388280290805416,0.10905718939167373,-0.3244928691836178,12,0.7511515941012534,0.9877709947103684,0.00016509399088295465,3491.728251502472,true,true,false,0.10905718939167373,-0.3244928691836178,0.7511515941012534,0.9877709947103684
ALDH3B1,ALDH3B1_1,-0.09274330791261624,0.09165718970214211,-1.0118497873871508,12,0.33157788625847673,0.9428767167566835,0.00010206628723021023,3064.4300910612064,true,false,false,0.09165718970214211,-1.0118497873871508,0.33157788625847673,0.9428767167566835
GPR65,GPR65_6,-0.009637112348621711,0.11376007018649628,-0.08471436711337112,12,0.9338854011291894,0.9877709947103684,0.00016812297191405354,3265.9513696560734,true,false,false,0.11376007018649628,-0.08471436711337112,0.9338854011291894,0.9877709947103684
STAT1,STAT1_6,-0.013394454432734631,0.11037136641956977,-0.12135805569187628,12,0.905415920955136,0.9877709947103684,0.00016448757665394175,3395.288681902183,true,false,false,0.11037136641956977,-0.12135805569187628,0.905415920955136,0.9877709947103684
NTCTRL,NTCTRL_5,-0.060301704744100376,0.06668024280645153,-0.9043414091807415,12,0.38361090896148964,0.9429272448750424,0.00006435524758478643,3656.458423498561,true,true,false,0.06668024280645153,-0.9043414091807415,0.38361090896148964,0.9429272448750424
NTCTRL,NTCTRL_36,-0.07803125792099251,0.07113925321633972,-1.0968804758702442,12,0.2942175155353751,0.9347337755436348,0.00007162748379556287,3575.5826989303264,true,true,false,0.07113925321633972,-1.0968804758702442,0.2942175155353751,0.9347337755436348
NTCTRL,NTCTRL_49,-0.0199109447803882,0.10710665819921208,-0.18589829162025587,12,0.8556298966845688,0.9877709947103684,0.0001479871596330099,3244.366328341079,true,true,false,0.10710665819921208,-0.18589829162025587,0.8556298966845688,0.9877709947103684
NTCTRL,NTCTRL_52,-0.0034246770041109747,0.09899868566553634,-0.03459315627362093,12,0.9729729273738834,0.9877709947103684,0.0001308382116943599,3358.4277741792052,true,true,false,0.09899868566553634,-0.03459315627362093,0.9729729273738834,0.9877709947103684
ADRB1,ADRB1_3,-0.08525436648278488,0.13793368725230187,-0.6180822696839936,12,0.5480727253291202,0.9877709947103684,0.00021058756700106533,2784.910492027181,true,false,false,0.13793368725230187,-0.6180822696839936,0.5480727253291202,0.9877709947103684
ADORA2A,ADORA2A_2,0.016611148555773517,0.09691087495975025,0.17140644496990234,12,0.8667606416638772,0.9877709947103684,0.00013085115442526524,3505.962089694024,true,false,false,0.09691087495975025,0.17140644496990234,0.8667606416638772,0.9877709947103684
JMJD8,JMJD8_3,0.06749814559615316,0.16838526717535182,0.40085541169027833,12,0.6955720968389527,0.9877709947103684,0.00028369280486053623,2514.2039441038346,true,false,false,0.16838526717535182,0.40085541169027833,0.6955720968389527,0.9877709947103684
FBXO45,FBXO45_6,-0.08418415349434653,0.09420819665146468,-0.8935969107422427,12,0.389107660753652,0.9429272448750424,0.00011264488068408797,3199.636025131586,true,false,false,0.09420819665146468,-0.8935969107422427,0.389107660753652,0.9429272448750424
NTCTRL,NTCTRL_29,-0.07928160728735006,0.09530457029514942,-0.8318762368039883,12,0.4217247786489243,0.9567152520494624,0.00009766073833544873,2709.9397182630037,true,true,false,0.09530457029514942,-0.8318762368039883,0.4217247786489243,0.9567152520494624
IL2,IL2_5,-0.08177841303870875,0.057504115405786364,-1.422131485053325,12,0.18045680206992565,0.7898682975847565,0.000040137371460106806,3077.5310733421475,true,false,false,0.057504115405786364,-1.422131485053325,0.18045680206992565,0.7898682975847565
IL2,IL2_6,-0.10253472622940704,0.06835427082004362,-1.5000485704741162,12,0.1594450829285987,0.7581867382002538,0.00005248626663645456,2843.8327580444366,true,false,false,0.06835427082004362,-1.5000485704741162,0.1594450829285987,0.7581867382002538
NTCTRL,NTCTRL_9,-0.02463316820192763,0.09793653141597236,-0.2515217544033853,12,0.8056664416487693,0.9877709947103684,0.00012316406130241065,3231.0509952098564,true,true,false,0.09793653141597236,-0.2515217544033853,0.8056664416487693,0.9877709947103684
NTCTRL,NTCTRL_42,0.02339890920790315,0.11437493808408217,0.20458073770235885,12,0.8413285477693642,0.9877709947103684,0.00015016992390811418,2886.0459559954747,true,true,false,0.11437493808408217,0.20458073770235885,0.8413285477693642,0.9877709947103684
JMJD8,JMJD8_6,-0.08210800821851884,0.10297469568544375,-0.7973610183742007,12,0.44073399251716805,0.9567152520494624,0.00013052430533332224,3101.1038611238178,true,false,false,0.10297469568544375,-0.7973610183742007,0.44073399251716805,0.9567152520494624
GPR65,GPR65_1,-0.005360122435970476,0.05832503620856056,-0.0919008848413497,12,0.9282931552006157,0.9877709947103684,0.000041820053793195534,3110.7493501632234,true,false,false,0.05832503620856056,-0.0919008848413497,0.9282931552006157,0.9877709947103684
ADRB1,ADRB1_2,-0.0649770701254124,0.09102925182690295,-0.7138042862196629,12,0.4889996200998399,0.965498233155955,0.00009300391717928339,2828.5644878721523,true,false,false,0.09102925182690295,-0.7138042862196629,0.4889996200998399,0.965498233155955
NTCTRL,NTCTRL_40,-0.011255063555059532,0.09491557434292425,-0.1185797339685863,12,0.9075701968412452,0.9877709947103684,0.00010432651311380781,2914.308096898274,true,true,false,0.09491557434292425,-0.1185797339685863,0.9075701968412452,0.9877709947103684
NTCTRL,NTCTRL_38,-0.05003533077144134,0.08225251689114567,-0.6083136743117407,12,0.5543192325168068,0.9877709947103684,0.00007059646677315827,2631.246277494575,true,true,false,0.08225251689114567,-0.6083136743117407,0.5543192325168068,0.9877709947103684
CBLB,CBLB_5,-0.0054626408828008025,0.07051235219516244,-0.07747069432149183,12,0.9395258532636266,0.9877709947103684,0.000057625576510708175,2925.163635648218,true,false,false,0.07051235219516244,-0.07747069432149183,0.9395258532636266,0.9877709947103684
ADRB2,ADRB2_5,-0.000021139077248863866,0.11192049869540947,-0.0001888758314631322,12,0.9998524024864708,0.9998524024864707,0.00013871476249654687,2784.0255020335812,true,false,false,0.11192049869540947,-0.0001888758314631322,0.9998524024864708,0.9998524024864707
ADORA2A,ADORA2A_1,-0.1451285365497942,0.12613834504449914,-1.1505505046748132,12,0.2723288633248063,0.932202647534914,0.00017537964017604805,2783.806281273571,true,false,false,0.12613834504449914,-1.1505505046748132,0.2723288633248063,0.932202647534914
IL2,IL2_3,-0.07353910763636703,0.08668530486704469,-0.8483457230629702,12,0.41284811279412637,0.9558528222029987,0.00008476935192322715,2844.668943927724,true,false,false,0.08668530486704469,-0.8483457230629702,0.41284811279412637,0.9558528222029987
NTCTRL,NTCTRL_39,-0.008895608680044235,0.0721053628855635,-0.12336958478611665,12,0.9038566958671312,0.9877709947103684,0.00005693284334021629,2763.9666966276977,true,true,false,0.0721053628855635,-0.12336958478611665,0.9038566958671312,0.9877709947103684
NTCTRL,NTCTRL_26,-0.06866491799208226,0.08137425772388011,-0.8438162130470879,12,0.415276881556359,0.9558528222029987,0.00007167006760656229,2730.664440842694,true,true,false,0.08137425772388011,-0.8438162130470879,0.415276881556359,0.9558528222029987
JMJD8,JMJD8_4,-0.02672418898891673,0.07464080847759107,-0.3580372390652757,12,0.7265343821099148,0.9877709947103684,0.00005674102016446309,2570.350710995305,true,false,false,0.07464080847759107,-0.3580372390652757,0.7265343821099148,0.9877709947103684
SPTLC2,SPTLC2_6,-0.11695155513058182,0.09787222203196942,-1.1949412479097516,12,0.25519276057698714,0.9259808167205715,0.0000826091411782324,2177.993088120626,true,false,false,0.09787222203196942,-1.1949412479097516,0.25519276057698714,0.9259808167205715
H2AFB3,H2AFB3_4,-0.014460894107525189,0.11140679890467467,-0.12980261752156316,12,0.8988730108343657,0.9877709947103684,0.00011800596383913195,2390.5377708599513,true,false,false,0.11140679890467467,-0.12980261752156316,0.8988730108343657,0.9877709947103684
IL2,IL2_4,-0.0799434418534315,0.08516820901080614,-0.9386535513889728,12,0.3664182469548445,0.9429272448750424,0.00006862020162466845,2387.5681874215634,true,false,false,0.08516820901080614,-0.9386535513889728,0.3664182469548445,0.9429272448750424
ALDH3B1,ALDH3B1_4,-0.06421500171159929,0.10865026210578096,-0.5910248209901243,12,0.5654702448144162,0.9877709947103684,0.00011538839999219541,2460.405619470099,true,false,false,0.10865026210578096,-0.5910248209901243,0.5654702448144162,0.9877709947103684
FDXR,FDXR_5,-0.09960212315873662,0.09504922010184148,-1.047900477794735,12,0.3153325071159757,0.9413158531895995,0.00007768917348968438,2170.3835140048786,true,false,false,0.09504922010184148,-1.047900477794735,0.3153325071159757,0.9413158531895995
JMJD8,JMJD8_5,-0.023620007895232904,0.0954943626504531,-0.24734452631189777,12,0.808822843251331,0.9877709947103684,0.00007890351931718971,2178.561655657216,true,false,false,0.0954943626504531,-0.24734452631189777,0.808822843251331,0.9877709947103684
LCP2,LCP2_3,-0.029994274088868476,0.11400440058416422,-0.26309751145724486,12,0.7969383872379908,0.9877709947103684,0.0001128600047150206,2183.3662352246115,true,false,false,0.11400440058416422,-0.26309751145724486,0.7969383872379908,0.9877709947103684
PPIAL4D,PPIAL4D_2,-0.09401473043015127,0.0921361206645544,-1.020389503617549,12,0.3276753733135125,0.9428767167566835,0.0000738182391802601,2194.5876739517244,true,false,false,0.0921361206645544,-1.020389503617549,0.3276753733135125,0.9428767167566835
JMJD8,JMJD8_1,0.02931843552072227,0.11019119693214238,0.2660687635399501,12,0.7947026444362828,0.9877709947103684,0.00012282634887576072,2543.9226447418764,true,false,false,0.11019119693214238,0.2660687635399501,0.7947026444362828,0.9877709947103684
SPTLC2,SPTLC2_4,-0.045189766489939505,0.10485737705993942,-0.43096411294083553,12,0.6741343635842658,0.9877709947103684,0.00008767061694895416,2007.0710124446143,true,false,false,0.10485737705993942,-0.43096411294083553,0.6741343635842658,0.9877709947103684
GOLGA1,GOLGA1_3,0.05480187171789323,0.12347499170698888,0.4438297258439205,12,0.665062846049788,0.9877709947103684,0.00015748412237728552,2597.2763489564486,true,false,false,0.12347499170698888,0.4438297258439205,0.665062846049788,0.9877709947103684
SPTLC2,SPTLC2_2,-0.07270783948302346,0.0616436226005201,-1.179486805215922,12,0.26106034735898653,0.9259808167205715,0.00003059459314831709,2044.2292007526703,true,false,false,0.0616436226005201,-1.179486805215922,0.26106034735898653,0.9259808167205715
FDXR,FDXR_2,0.03130364281170731,0.13222733951574644,0.23674107734716604,12,0.8168507008423332,0.9877709947103684,0.00012239437232365767,1758.9957195522609,true,false,false,0.13222733951574644,0.23674107734716604,0.8168507008423332,0.9877709947103684
PPIAL4D,PPIAL4D_4,-0.17402425414107556,0.11867984661065034,-1.4663336624624403,12,0.168267387811197,0.7704390878252372,0.00008868197821332164,1595.5488365510737,true,false,false,0.11867984661065034,-1.4663336624624403,0.168267387811197,0.7704390878252372
SPTLC2,SPTLC2_5,-0.20862729727611787,0.11120846077769082,-1.8760020219430096,12,0.08518279439621022,0.49443056747365505,0.00006336989576576321,1304.2928276795394,true,false,false,0.11120846077769082,-1.8760020219430096,0.08518279439621022,0.49443056747365505
SPTLC2,SPTLC2_3,,,,12,,,,0,false,false,false,,,,
ZC3H12A,ZC3H12A_4,0.4132483240784669,0.2898486308517218,1.4257384030558793,12,0.17943509309249672,0.7898682975847565,0.00013628342228399085,424.4154863363207,true,false,false,0.2898486308517218,1.4257384030558793,0.17943509309249672,0.7898682975847565
MED12,MED12_6,0.6548663193526765,0.231504658197034,2.828739276577833,12,0.015211279961540146,0.23285717512228393,0.00019769699034389315,1027.305528508165,true,false,false,0.231504658197034,2.828739276577833,0.015211279961540146,0.23285717512228393
LCP2,LCP2_6,0.22416711301826808,0.20586173188566023,1.0889207574663513,12,0.2975744229258762,0.9347337755436348,0.00020352655556290383,1219.4776116614084,true,false,false,0.20586173188566023,1.0889207574663513,0.2975744229258762,0.9347337755436348
STT3B,STT3B_6,0.3879486506422507,0.08684775882914443,4.466996683304885,12,0.0007696825966355176,0.03599057648572453,0.00006073640054371766,2106.668374621389,true,false,false,0.08684775882914443,4.466996683304885,0.0007696825966355176,0.03599057648572453
MED12,MED12_5,0.3760832206872513,0.14529856913157907,2.5883477238284356,12,0.023730036857535424,0.28799635640736176,0.00008543588311583588,1053.4487831092729,true,false,false,0.14529856913157907,2.5883477238284356,0.023730036857535424,0.28799635640736176
STT3B,STT3B_3,0.2917002932209127,0.08017113606994589,3.6384702465288337,12,0.0033975674600837634,0.1133938139802956,0.000060477408506528786,2423.053750910615,true,false,false,0.08017113606994589,3.6384702465288337,0.0033975674600837634,0.1133938139802956
MED12,MED12_4,0.3767533562843721,0.17037586995061788,2.2113070142712767,12,0.04716956314357234,0.39136886338014926,0.00017906090310769552,1603.1919941932194,true,false,false,0.17037586995061788,2.2113070142712767,0.04716956314357234,0.39136886338014926
GNAS,GNAS_2,0.3809745867887624,0.13962379773641295,2.7285791746474373,12,0.018314609279280757,0.23285717512228393,0.0005478479766110295,7337.9680169445455,true,false,false,0.13962379773641295,2.7285791746474373,0.018314609279280757,0.23285717512228393
VAV1,VAV1_3,0.16514034626317076,0.23121648579627382,0.714223926094426,12,0.48874939753697233,0.965498233155955,0.00044254496142861886,2089.7926709912063,true,false,false,0.23121648579627382,0.714223926094426,0.48874939753697233,0.965498233155955
STT3B,STT3B_1,0.42412349319346104,0.23551741606582008,1.800815838922635,12,0.09689793349917981,0.5389947550891877,0.0004008295292792563,1893.933415812185,true,false,false,0.23551741606582008,1.800815838922635,0.09689793349917981,0.5389947550891877
VAV1,VAV1_5,0.16638867213179595,0.12065808897076727,1.379009675614108,12,0.19305284366776188,0.8181763374490861,0.00012135562464398685,2109.2906751282767,true,false,false,0.12065808897076727,1.379009675614108,0.19305284366776188,0.8181763374490861
PPP6C,PPP6C_1,0.21793876732266512,0.11764541163019514,1.8525054594371317,12,0.08869779213458706,0.5038789468071222,0.00007281871425848678,1339.5887247244957,true,false,false,0.11764541163019514,1.8525054594371317,0.08869779213458706,0.5038789468071222
RASA2,RASA2_5,0.2560788834209702,0.1926230222651259,1.3294303059397738,12,0.2084266195010015,0.836532992897444,0.0005491865932384571,3777.597956407453,true,false,false,0.1926230222651259,1.3294303059397738,0.2084266195010015,0.836532992897444
NFKBIA,NFKBIA_4,0.22761730299435873,0.10682041421305512,2.130840857257604,12,0.05447320850068902,0.40400962971344356,0.00021595939018995803,4823.933735080008,true,false,false,0.10682041421305512,2.130840857257604,0.05447320850068902,0.40400962971344356
VAV1,VAV1_1,0.1724997409241335,0.1545723849717749,1.115980328282003,12,0.2862794508625589,0.9347337755436348,0.00022103361234674006,2339.402228790485,true,false,false,0.1545723849717749,1.115980328282003,0.2862794508625589,0.9347337755436348
RASA2,RASA2_6,0.34560883749442756,0.15509401797385144,2.2283827707184463,12,0.04574367404844867,0.39136886338014926,0.00038833083040013027,4177.886993866896,true,false,false,0.15509401797385144,2.2283827707184463,0.04574367404844867,0.39136886338014926
GNAS,GNAS_1,0.35592030060956,0.13885745655821902,2.563206250723256,12,0.024854438601775955,0.28852761333366,0.00041428996533157783,5579.113119401429,true,false,false,0.13885745655821902,2.563206250723256,0.024854438601775955,0.28852761333366
STT3B,STT3B_4,0.24125139037396273,0.11852281351137613,2.0354848423405576,12,0.06450216254231488,0.43719562711256055,0.00009653270818507412,1752.834763031637,true,false,false,0.11852281351137613,2.0354848423405576,0.06450216254231488,0.43719562711256055
RASA2,RASA2_3,0.3339510685078179,0.11528844095926029,2.896656991188101,12,0.013409315004138054,0.23285717512228393,0.0002445907952200507,4758.398653580816,true,false,false,0.11528844095926029,2.896656991188101,0.013409315004138054,0.23285717512228393
MED12,MED12_3,0.34912721635443106,0.07329430115839701,4.763361009472331,12,0.0004614694392906439,0.03599057648572453,0.0000409504331292041,1985.9674750277063,true,false,false,0.07329430115839701,4.763361009472331,0.0004614694392906439,0.03599057648572453
PPP6C,PPP6C_4,0.012850904599284126,0.13451231540028902,0.09553701132154115,12,0.9254651778118497,0.9877709947103684,0.0000640731116283825,891.3278065618725,true,false,false,0.13451231540028902,0.09553701132154115,0.9254651778118497,0.9877709947103684
NFKBIA,NFKBIA_5,0.2995235499008234,0.15931728653036276,1.8800442589997295,12,0.08459104296943386,0.49443056747365505,0.0008664170906410388,8804.980332755042,true,false,false,0.15931728653036276,1.8800442589997295,0.08459104296943386,0.49443056747365505
TNFAIP3,TNFAIP3_6,0.3559600320619115,0.12931662012777995,2.7526239992213015,12,0.017516920294562154,0.23285717512228393,0.0004276999189452988,6644.975311159126,true,false,false,0.12931662012777995,2.7526239992213015,0.017516920294562154,0.23285717512228393
MED12,MED12_1,0.14080972713449336,0.06457284709466339,2.1806337101423945,12,0.04983723353904523,0.39136886338014926,0.000039069692407037964,2382.1757473262915,true,false,false,0.06457284709466339,2.1806337101423945,0.04983723353904523,0.39136886338014926
ALDH3B1,ALDH3B1_5,0.1097553585840866,0.10905080596086816,1.006460774104423,12,0.3340579727955364,0.9428767167566835,0.00016790882912376458,3561.088312763167,true,false,false,0.10905080596086816,1.006460774104423,0.3340579727955364,0.9428767167566835
LCP2,LCP2_5,0.10805650553704038,0.150508202505115,0.7179442963141367,12,0.48653442754419896,0.965498233155955,0.0001319661467761768,1467.0892236280486,true,false,false,0.150508202505115,0.7179442963141367,0.48653442754419896,0.965498233155955
GNAS,GNAS_6,0.3354719396219913,0.11742006507232085,2.8570239627730483,12,0.014433355477593453,0.23285717512228393,0.00028638704195951473,5375.493707380002,true,false,false,0.11742006507232085,2.8570239627730483,0.014433355477593453,0.23285717512228393
ZC3H12A,ZC3H12A_3,0.25176196140295903,0.15794047435875272,1.5940306778558624,12,0.13691344105526748,0.6850672852685631,0.0004076728457690092,4171.442663934051,true,false,false,0.15794047435875272,1.5940306778558624,0.13691344105526748,0.6850672852685631
VAV1,VAV1_2,0.13401851783980934,0.19192793643296016,0.6982751981320947,12,0.4983139226645773,0.965498233155955,0.0002628744073869472,1797.869470484192,true,false,false,0.19192793643296016,0.6982751981320947,0.4983139226645773,0.965498233155955
PTGER4,PTGER4_6,0.183617884347276,0.0966892598353419,1.899051504375669,12,0.08185850417827038,0.49443056747365505,0.00017087842761885684,4639.261174278345,true,false,false,0.0966892598353419,1.899051504375669,0.08185850417827038,0.49443056747365505
TNFAIP3,TNFAIP3_2,0.37682222743843413,0.10720922275536228,3.514830326662233,12,0.004263816464492481,0.1264932217799436,0.00033868495333219044,7695.573179752299,true,false,false,0.10720922275536228,3.514830326662233,0.004263816464492481,0.1264932217799436
GNA13,GNA13_5,0.16376731776802533,0.10986193135949807,1.4906648348656297,12,0.1618600901775823,0.7581867382002538,0.00020504550368220957,4303.625524137824,true,false,false,0.10986193135949807,1.4906648348656297,0.1618600901775823,0.7581867382002538
RASA2,RASA2_4,0.2961695750481273,0.1334811647256719,2.2188117376471035,12,0.04653777575592333,0.39136886338014926,0.0003663691011941286,5285.981281107591,true,false,false,0.1334811647256719,2.2188117376471035,0.04653777575592333,0.39136886338014926
PTGER4,PTGER4_5,0.11936768815637286,0.14871585359443604,0.802656107410722,12,0.4377821386973546,0.9567152520494624,0.00042921514156619,4898.064992853284,true,false,false,0.14871585359443604,0.802656107410722,0.4377821386973546,0.9567152520494624
NFKBIA,NFKBIA_2,0.2174415948597765,0.09930636850818604,2.1896037296122888,12,0.04904269586689358,0.39136886338014926,0.00024629937335110525,6367.788125838546,true,false,false,0.09930636850818604,2.1896037296122888,0.04904269586689358,0.39136886338014926
PTGER4,PTGER4_1,0.14657868994587822,0.061732840470639594,2.374403782952312,12,0.035118818707353124,0.37506898379453135,0.00007122360234324716,4744.2397300956045,true,false,false,0.061732840470639594,2.374403782952312,0.035118818707353124,0.37506898379453135
NFKBIA,NFKBIA_6,0.34360356333685294,0.16793219832286244,2.0460850674761546,12,0.06330764433709446,0.43719562711256055,0.0011241814133967187,10364.879383608652,true,false,false,0.16793219832286244,2.0460850674761546,0.06330764433709446,0.43719562711256055
ZC3H12A,ZC3H12A_1,0.3381672312043732,0.12250443283935349,2.7604489353281583,12,0.017264794294197774,0.23285717512228393,0.0003090392224920186,5330.931213929196,true,false,false,0.12250443283935349,2.7604489353281583,0.017264794294197774,0.23285717512228393
ZC3H12A,ZC3H12A_2,0.15236572969837192,0.1150115089332382,1.3247868070909068,12,0.2099165188169616,0.836532992897444,0.0001892716765634022,3618.067503114178,true,false,false,0.1150115089332382,1.3247868070909068,0.2099165188169616,0.836532992897444
ALDH3B1,ALDH3B1_2,0.1390984534439083,0.09969214282228966,1.3952800040808029,12,0.18821690103221567,0.810546977025832,0.0001021777918423209,2598.8502550037624,true,false,false,0.09969214282228966,1.3952800040808029,0.18821690103221567,0.810546977025832
GNA13,GNA13_6,0.20699258034021817,0.09059780401938623,2.284741695239386,12,0.041322585222452544,0.39136886338014926,0.0001447529710993417,4487.572064908354,true,false,false,0.09059780401938623,2.284741695239386,0.041322585222452544,0.39136886338014926
NFKBIA,NFKBIA_3,0.2201179897676374,0.16106402568779296,1.366649000778826,12,0.19679521095523467,0.8210050207038696,0.0011403737478381817,11257.877117300854,true,false,false,0.16106402568779296,1.366649000778826,0.19679521095523467,0.8210050207038696
STT3B,STT3B_2,0.22627937289392286,0.11957060247899344,1.8924331583398717,12,0.08280069103737797,0.49443056747365505,0.00013955356348213866,2484.297460488117,true,false,false,0.11957060247899344,1.8924331583398717,0.08280069103737797,0.49443056747365505
NFKBIA,NFKBIA_1,0.2767588917600856,0.13917002748810658,1.98863862252048,12,0.07003617156896799,0.4560892148515721,0.0010074111851949095,13431.151634409642,true,false,false,0.13917002748810658,1.98863862252048,0.07003617156896799,0.4560892148515721
PTGER4,PTGER4_2,0.1708400979417662,0.0795669835103786,2.1471229699122887,12,0.052914324379040055,0.4036607031201056,0.0001083704703323053,4344.559134594425,true,false,false,0.0795669835103786,2.1471229699122887,0.052914324379040055,0.4036607031201056
MED12,MED12_2,0.14548875950064763,0.09168935125285953,1.5867574316173412,12,0.13855293409925995,0.6850672852685631,0.0000535756419271086,1615.262928735638,true,false,false,0.09168935125285953,1.5867574316173412,0.13855293409925995,0.6850672852685631
H2AFB3,H2AFB3_2,0.07827064044911866,0.1585474413208574,0.49367331189356706,12,0.6304485822223778,0.9877709947103684,0.00021151147614580687,2115.088271063682,true,false,false,0.1585474413208574,0.49367331189356706,0.6304485822223778,0.9877709947103684
TNFAIP3,TNFAIP3_1,-0.1469698701188443,0.3047193066389593,-0.4823123015732596,12,0.6382620968383499,0.9877709947103684,0.005520767947091373,15200.6251177617,true,false,false,0.3047193066389593,-0.4823123015732596,0.6382620968383499,0.9877709947103684
RASA2,RASA2_1,0.14254538994681543,0.16704063657622006,0.8533575593850928,12,0.41017181037766637,0.9558528222029987,0.0005972745941190662,5412.274364300176,true,false,false,0.16704063657622006,0.8533575593850928,0.41017181037766637,0.9558528222029987
GNAS,GNAS_3,0.27950069539092676,0.0966417142316573,2.8921330464083352,12,0.013522454770963971,0.23285717512228393,0.00020239030502084072,5564.5060834822525,true,false,false,0.0966417142316573,2.8921330464083352,0.013522454770963971,0.23285717512228393
RHOG,RHOG_1,0.19796629767989976,0.0901414417387056,2.1961740777759884,12,0.048468329595263475,0.39136886338014926,0.000102676656677131,3212.469503523367,true,false,false,0.0901414417387056,2.1961740777759884,0.048468329595263475,0.39136886338014926
STUB1,STUB1_2,0.14805525471108144,0.12691282084434904,1.166590213077545,12,0.26603694496555363,0.9259808167205715,0.0002142056218651779,3360.6309816880203,true,false,false,0.12691282084434904,1.166590213077545,0.26603694496555363,0.9259808167205715
TNFAIP3,TNFAIP3_3,0.22775191603450157,0.07831508912084646,2.908148590408447,12,0.01312613543516284,0.23285717512228393,0.00019890766466355318,8295.701076277313,true,false,false,0.07831508912084646,2.908148590408447,0.01312613543516284,0.23285717512228393
GOLGA1,GOLGA1_5,0.06801133976641448,0.05670336740816431,1.1994232948610035,12,0.25351054676413154,0.9259808167205715,0.0000360408948356516,2842.7696929307785,true,false,false,0.05670336740816431,1.1994232948610035,0.25351054676413154,0.9259808167205715
VAV1,VAV1_6,0.17222199359397403,0.12698261278781883,1.3562643720502727,12,0.1999854531207672,0.8214787074345361,0.0001881711783616658,2953.768370734875,true,false,false,0.12698261278781883,1.3562643720502727,0.1999854531207672,0.8214787074345361
ADORA2A,ADORA2A_5,0.18930585321437277,0.12569764258874366,1.5060413967646302,12,0.1579189029579383,0.7581867382002538,0.0001661089983236926,2664.8722830461456,true,false,false,0.12569764258874366,1.5060413967646302,0.1579189029579383,0.7581867382002538
PPP6C,PPP6C_6,0.17089375212118824,0.14681524345855465,1.1640055085249432,12,0.26704315688196256,0.9259808167205715,0.00024801657265498,2910.459062552406,true,false,false,0.14681524345855465,1.1640055085249432,0.26704315688196256,0.9259808167205715
FDXR,FDXR_1,0.028217129119825164,0.13625581919918234,0.20708935064693731,12,0.8394125854753143,0.9877709947103684,0.00007329650010816408,993.2510468043018,true,false,false,0.13625581919918234,0.20708935064693731,0.8394125854753143,0.9877709947103684
FDXR,FDXR_6,-0.01422491879880908,0.10478419417193208,-0.13575443234757847,12,0.8942661291451882,0.9877709947103684,0.00006009260642170211,1378.7839890674038,true,false,false,0.10478419417193208,-0.13575443234757847,0.8942661291451882,0.9877709947103684
PPIAL4D,PPIAL4D_5,0.06689036777751724,0.06666484563684381,1.0033829245161978,12,0.33548047974488737,0.9428767167566835,0.00006145643647850238,3494.9345838500294,true,false,false,0.06666484563684381,1.0033829245161978,0.33548047974488737,0.9428767167566835
GNAS,GNAS_5,0.4583358772543613,0.20090114616614005,2.2814000119010243,12,0.04157295115277107,0.39136886338014926,0.0011382832615420928,7478.897953733083,true,false,false,0.20090114616614005,2.2814000119010243,0.04157295115277107,0.39136886338014926
STUB1,STUB1_4,0.13293598023605924,0.14080638997716813,0.9441047402579877,12,0.36373746485400515,0.9429272448750424,0.00032638153357713115,4155.563060300648,true,false,false,0.14080638997716813,0.9441047402579877,0.36373746485400515,0.9429272448750424
PTGER4,PTGER4_4,0.16552364569844927,0.09867745861140041,1.6774210445598765,12,0.11929299280288591,0.625295917794796,0.0001768551133008183,4602.34625271965,true,false,false,0.09867745861140041,1.6774210445598765,0.11929299280288591,0.625295917794796
PPIAL4D,PPIAL4D_1,0.08665946688586905,0.11873988099607724,0.7298261220990442,12,0.4795015857619318,0.965498233155955,0.00012641914021140207,2257.7426073165147,true,false,false,0.11873988099607724,0.7298261220990442,0.4795015857619318,0.965498233155955
ZC3H12A,ZC3H12A_5,0.12484130896420724,0.11235937200476326,1.1110894154776412,12,0.28829645821891214,0.9347337755436348,0.00014585270113916658,2915.5859622477315,true,false,false,0.11235937200476326,1.1110894154776412,0.28829645821891214,0.9347337755436348
TNFAIP3,TNFAIP3_5,0.266215269400065,0.11080393498944231,2.402579560242429,12,0.0333613375494353,0.3711448802374677,0.0002682725991585412,5597.56328632465,true,false,false,0.11080393498944231,2.402579560242429,0.0333613375494353,0.3711448802374677
GNA13,GNA13_3,0.14172203801760255,0.15915609193334576,0.8904593992981145,12,0.39072293620257315,0.9429272448750424,0.0006842224174236534,6839.595527006041,true,false,false,0.15915609193334576,0.8904593992981145,0.39072293620257315,0.9429272448750424
ZC3H12A,ZC3H12A_6,0.21547412870647997,0.10606469367059974,2.0315349175067445,12,0.06495260933833107,0.43719562711256055,0.00017230853463577552,3897.4942611068263,true,false,false,0.10606469367059974,2.0315349175067445,0.06495260933833107,0.43719562711256055
PPP6C,PPP6C_5,0.03408548716780517,0.090748401426503,0.37560427106157845,12,0.7137665100347312,0.9877709947103684,0.00007874574185141086,2408.617937554965,true,false,false,0.090748401426503,0.37560427106157845,0.7137665100347312,0.9877709947103684
ADRB1,ADRB1_1,-0.013871881471724246,0.08917775914426443,-0.15555315142291767,12,0.8789712519225669,0.9877709947103684,0.00009640906244023063,3052.2378313230806,true,false,false,0.08917775914426443,-0.15555315142291767,0.8789712519225669,0.9877709947103684
FDXR,FDXR_4,-0.029689574958885485,0.18304160301906142,-0.1622012398776561,12,0.8738465708434029,0.9877709947103684,0.00007259638971266915,544.9334696060848,true,false,false,0.18304160301906142,-0.1622012398776561,0.8738465708434029,0.9877709947103684
NTCTRL,NTCTRL_24,0.08821305270964204,0.11281260295009736,0.7819432439535419,12,0.44940204228815206,0.9637896867115535,0.00019379577795082631,3836.6350527159834,true,true,false,0.11281260295009736,0.7819432439535419,0.44940204228815206,0.9637896867115535
NTCTRL,NTCTRL_34,0.04991971230027617,0.10038063187436463,0.4973042246113291,12,0.6279611750732066,0.9877709947103684,0.00013653958121161166,3410.7231124078476,true,true,false,0.10038063187436463,0.4973042246113291,0.6279611750732066,0.9877709947103684
SPTLC2,SPTLC2_1,-0.01534609611544218,0.08546474247236466,-0.179560549432468,12,0.8604938858829576,0.9877709947103684,0.00006266169940582801,2162.341510761458,true,false,false,0.08546474247236466,-0.179560549432468,0.8604938858829576,0.9877709947103684
LRIG3,LRIG3_4,0.08166610812770851,0.07164274872809302,1.1399075213830407,12,0.2765668453439273,0.9347259203396023,0.00006994608908151643,3442.687125801599,true,false,false,0.07164274872809302,1.1399075213830407,0.2765668453439273,0.9347259203396023
TNFAIP3,TNFAIP3_4,0.16224298910795723,0.05791222005960848,2.8015328878941634,12,0.01599870124276934,0.23285717512228393,0.00007618342512132238,5777.103428864869,true,false,false,0.05791222005960848,2.8015328878941634,0.01599870124276934,0.23285717512228393
H2AFB3,H2AFB3_6,-0.046191636577609115,0.0918596724242448,-0.5028500032558098,12,0.6241711636519037,0.9877709947103684,0.000059399529842030905,1775.1555334191983,true,false,false,0.0918596724242448,-0.5028500032558098,0.6241711636519037,0.9877709947103684
FAM76A,FAM76A_1,0.007423172414564047,0.09051605616145761,0.08200945477919405,12,0.9359912219728974,0.9877709947103684,0.00009025872875798251,2773.278951249647,true,false,false,0.09051605616145761,0.08200945477919405,0.9359912219728974,0.9877709947103684
RHOG,RHOG_3,0.09475764853542158,0.08845652362083233,1.0712341459585157,12,0.30513675177364286,0.9364541692363522,0.00011380559475419405,3669.9884135358916,true,false,false,0.08845652362083233,1.0712341459585157,0.30513675177364286,0.9364541692363522
CBLB,CBLB_3,-1.108960665207164,0.7600953514232023,-1.4589757234151564,12,0.170246839631794,0.7704390878252372,0.05640029506251118,33132.31961778808,true,false,false,0.7600953514232023,-1.4589757234151564,0.170246839631794,0.7704390878252372
STAT1,STAT1_2,0.08799240221676523,0.06726369417539095,1.3081708237332892,12,0.21531923116654061,0.845444628256858,0.00005410978787559772,3025.753941109609,true,false,false,0.06726369417539095,1.3081708237332892,0.21531923116654061,0.845444628256858
GOLGA1,GOLGA1_1,-0.04391416285596031,0.0971668942562776,-0.4519457289654308,12,0.6593685049841251,0.9877709947103684,0.00012115508868544342,3230.719725970126,true,false,false,0.0971668942562776,-0.4519457289654308,0.6593685049841251,0.9877709947103684
LRIG3,LRIG3_5,0.06223481264005474,0.09959827909477223,0.6248583128714054,12,0.5437629651745265,0.9877709947103684,0.00012335715076215262,3131.17010684474,true,false,false,0.09959827909477223,0.6248583128714054,0.5437629651745265,0.9877709947103684
GNA13,GNA13_2,0.1460652354591614,0.16348304101456756,0.8934580281397254,12,0.3891790641033017,0.9429272448750424,0.000727620915792436,6900.467404814532,true,false,false,0.16348304101456756,0.8934580281397254,0.3891790641033017,0.9429272448750424
ALDH3B1,ALDH3B1_6,0.04771737870716661,0.09737544050668338,0.4900350484565101,12,0.632945778013285,0.9877709947103684,0.0001240379953447858,3293.277432371074,true,false,false,0.09737544050668338,0.4900350484565101,0.632945778013285,0.9877709947103684
RASA2,RASA2_2,0.10745708983280285,0.15414817302871076,0.697102584620244,12,0.49902155870981946,0.965498233155955,0.0005835442963355254,6202.660145474909,true,false,false,0.15414817302871076,0.697102584620244,0.49902155870981946,0.965498233155955
FBXO45,FBXO45_2,0.00350029272668773,0.07743203973094676,0.04520470775211661,12,0.9646876917339018,0.9877709947103684,0.0000774553246142797,3256.248941977202,true,false,false,0.07743203973094676,0.04520470775211661,0.9646876917339018,0.9877709947103684
CDKN1B,CDKN1B_2,0.03590435109998569,0.08429908371101064,0.4259162676437974,12,0.6777083576639253,0.9877709947103684,0.00012468739475448017,4420.606104214569,true,false,false,0.08429908371101064,0.4259162676437974,0.6777083576639253,0.9877709947103684
GPR65,GPR65_5,0.05173197271541543,0.08609584467950751,0.6008649187192265,12,0.5591086369210765,0.9877709947103684,0.00009194465487870684,3125.7368235734793,true,false,false,0.08609584467950751,0.6008649187192265,0.5591086369210765,0.9877709947103684
STAT1,STAT1_3,0.02712745906173963,0.06842103986592944,0.39647832179831966,12,0.6987122068350657,0.9877709947103684,0.000057504771241782146,3101.141261362761,true,false,false,0.06842103986592944,0.39647832179831966,0.6987122068350657,0.9877709947103684
LCP2,LCP2_1,0.16258161477221095,0.09280483199518848,1.7518658379839542,12,0.10528725312899023,0.5737080935804162,0.000042193670519647144,1245.536500256055,true,false,false,0.09280483199518848,1.7518658379839542,0.10528725312899023,0.5737080935804162
STAT1,STAT1_5,-0.047275506257028595,0.08262735852994257,-0.5721531838621812,12,0.5777797080532197,0.9877709947103684,0.00006566021128563495,2425.3666047882875,true,false,false,0.08262735852994257,-0.5721531838621812,0.5777797080532197,0.9877709947103684
STAT1,STAT1_4,0.09364194046171212,0.1064685843213204,0.8795264918626353,12,0.3963873657674437,0.9449591666063167,0.00012168572775350481,2705.16506372098,true,false,false,0.1064685843213204,0.8795264918626353,0.3963873657674437,0.9449591666063167
GPR65,GPR65_2,0.10419087417344697,0.0881145825239225,1.1824475721162258,12,0.25992814492687855,0.9259808167205715,0.00015015203209361723,4883.716980585328,true,false,false,0.0881145825239225,1.1824475721162258,0.25992814492687855,0.9259808167205715
LCP2,LCP2_2,0.002474451533683386,0.1548416111223695,0.01598053337050243,12,0.9875125462744798,0.9987342797548717,0.00018103216565330064,1895.267655586512,true,false,false,0.1548416111223695,0.01598053337050243,0.9875125462744798,0.9987342797548717
NTCTRL,NTCTRL_25,0.06236693102815267,0.08085296344831266,0.7713623393411217,12,0.4554135015887216,0.9637896867115535,0.00009231150249473353,3561.428641937835,true,true,false,0.08085296344831266,0.7713623393411217,0.4554135015887216,0.9637896867115535
NTCTRL,NTCTRL_4,0.03003815457228385,0.07568199804726529,0.39689959762325877,12,0.6984097304425814,0.9877709947103684,0.00008287295001983431,3648.3201987601624,true,true,false,0.07568199804726529,0.39689959762325877,0.6984097304425814,0.9877709947103684
ADRB2,ADRB2_3,0.07945333949336134,0.076250894681895,1.0419987834218387,12,0.3179509068468982,0.9413158531895995,0.000058703963855229886,2550.8201611156333,true,false,false,0.076250894681895,1.0419987834218387,0.3179509068468982,0.9413158531895995
STT3B,STT3B_5,0.07540041585549903,0.08015125917659416,0.9407265291911662,12,0.36539716394761634,0.9429272448750424,0.00009207046805850915,3615.7495960401857,true,false,false,0.08015125917659416,0.9407265291911662,0.36539716394761634,0.9429272448750424
CBLB,CBLB_2,-0.10252690980609835,0.09385506826422697,-1.0923960922116411,12,0.2961052069489504,0.9347337755436348,0.00015761546743640436,4515.7252850366685,true,false,false,0.09385506826422697,-1.0923960922116411,0.2961052069489504,0.9347337755436348
FDXR,FDXR_3,0.05405230456133202,0.12739237852303523,0.42429778914566874,12,0.6788560205303338,0.9877709947103684,0.00007888647476740508,1223.4892886247646,true,false,false,0.12739237852303523,0.42429778914566874,0.6788560205303338,0.9877709947103684
STUB1,STUB1_1,0.04143796076754041,0.11298648676731811,0.3667514758014986,12,0.7201897822916541,0.9877709947103684,0.00016160087902091153,3183.892663543809,true,false,false,0.11298648676731811,0.3667514758014986,0.7201897822916541,0.9877709947103684
GOLGA1,GOLGA1_4,0.009980795045926114,0.06080051526122866,0.1641564220803681,12,0.8723405434907671,0.9877709947103684,0.000048920958100989034,3345.082952937613,true,false,false,0.06080051526122866,0.1641564220803681,0.8723405434907671,0.9877709947103684
GNA13,GNA13_1,0.09907742510066221,0.1543017964650762,0.6421015657007392,12,0.5328821640801733,0.9877709947103684,0.0007190482667008353,7636.801863468471,true,false,false,0.1543017964650762,0.6421015657007392,0.5328821640801733,0.9877709947103684
ADORA2A,ADORA2A_6,0.06532948655249757,0.08006449203584642,0.8159607947459192,12,0.43042201464092944,0.9567152520494624,0.0000896101288256371,3525.5716478927307,true,false,false,0.08006449203584642,0.8159607947459192,0.43042201464092944,0.9567152520494624
PPIAL4D,PPIAL4D_3,-0.06954915878703845,0.124531158272026,-0.5584880101662203,12,0.5867812864801978,0.9877709947103684,0.00010059320605557433,1632.4290964737045,true,false,false,0.124531158272026,-0.5584880101662203,0.5867812864801978,0.9877709947103684
ADORA2A,ADORA2A_4,0.05917027085479281,0.10337639309501617,0.5723770106818076,12,0.5776328802859647,0.9877709947103684,0.00014691653644673868,3460.79168113121,true,false,false,0.10337639309501617,0.5723770106818076,0.5776328802859647,0.9877709947103684
NTCTRL,NTCTRL_31,0.018072803947022514,0.09947083656333323,0.18168947373349506,12,0.8588593355280685,0.9877709947103684,0.00013689893535531077,3480.945306645623,true,true,false,0.09947083656333323,0.18168947373349506,0.8588593355280685,0.9877709947103684
NTCTRL,NTCTRL_48,0.08101366956483591,0.08303475967515078,0.9756597102439774,12,0.348491908692941,0.9429272448750424,0.00011038378206471689,4039.309971216511,true,true,false,0.08303475967515078,0.9756597102439774,0.348491908692941,0.9429272448750424
CBLB,CBLB_6,0.029648620876753393,0.0896477207767309,0.33072364383466885,12,0.7465563527412525,0.9877709947103684,0.00010489493539070397,3286.1864661947347,true,false,false,0.0896477207767309,0.33072364383466885,0.7465563527412525,0.9877709947103684
DGKZ,DGKZ_2,-0.005144458822917845,0.08618341205518705,-0.059691983645572315,12,0.9533835332122679,0.9877709947103684,0.0001049652793287807,3558.348588763057,true,false,false,0.08618341205518705,-0.059691983645572315,0.9533835332122679,0.9877709947103684
RHOG,RHOG_4,0.027962290074815627,0.09312430059289178,0.30026845728546603,12,0.7691106415640226,0.9877709947103684,0.00009586410308631409,2782.7839546421287,true,false,false,0.09312430059289178,0.30026845728546603,0.7691106415640226,0.9877709947103684
NTCTRL,NTCTRL_6,0.070358739159444,0.08570211905257934,0.8209684887287095,12,0.4276728788184597,0.9567152520494624,0.00011974617562376212,4110.631336893704,true,true,false,0.08570211905257934,0.8209684887287095,0.4276728788184597,0.9567152520494624
FAM76A,FAM76A_2,0.03223793962126996,0.1090713922312885,0.2955673248665299,12,0.7726125322681037,0.9877709947103684,0.00016097418405990242,3403.4540053028218,true,false,false,0.1090713922312885,0.2955673248665299,0.7726125322681037,0.9877709947103684
LCP2,LCP2_4,0.00466695807940851,0.10593506968006387,0.04405489224204281,12,0.9655852491936374,0.9877709947103684,0.0000806898373707214,1809.2595762723117,true,false,false,0.10593506968006387,0.04405489224204281,0.9655852491936374,0.9877709947103684
CDKN1B,CDKN1B_3,0.03282629479093512,0.116239257800591,0.2824028251044822,12,0.7824464447766037,0.9877709947103684,0.0002364309378868831,4402.836751562978,true,false,false,0.116239257800591,0.2824028251044822,0.7824464447766037,0.9877709947103684
JMJD8,JMJD8_2,-0.010096857651446151,0.07679914099258861,-0.1314709711716767,12,0.8975812595172517,0.9877709947103684,0.000055275774435864885,2364.6184401663236,true,false,false,0.07679914099258861,-0.1314709711716767,0.8975812595172517,0.9877709947103684
STUB1,STUB1_6,0.10986687412075676,0.09748461544016238,1.1270175670764666,12,0.28176727385197164,0.9347337755436348,0.0001829138939218449,4860.088964505113,true,false,false,0.09748461544016238,1.1270175670764666,0.28176727385197164,0.9347337755436348
IL2,IL2_1,0.028129144514955802,0.08066178580948065,0.34872950347758874,12,0.7333345555204562,0.9877709947103684,0.00006917299803870444,2680.3522870540337,true,false,false,0.08066178580948065,0.34872950347758874,0.7333345555204562,0.9877709947103684
NTCTRL,NTCTRL_12,0.028931163407473977,0.0827097713240592,0.3497913601298796,12,0.732557561287682,0.9877709947103684,0.00012019476088675799,4427.074168675626,true,true,false,0.0827097713240592,0.3497913601298796,0.732557561287682,0.9877709947103684
NTCTRL,NTCTRL_15,0.08192117485905898,0.08871777506515305,0.9233907725807737,12,0.3739980047088294,0.9429272448750424,0.00009475654246323018,3036.0489603824994,true,true,false,0.08871777506515305,0.9233907725807737,0.3739980047088294,0.9429272448750424
GOLGA1,GOLGA1_2,0.016726340074208337,0.09597852307811142,0.1742716968107097,12,0.8645574791468638,0.9877709947103684,0.00011359415838914857,3102.8906235708405,true,false,false,0.09597852307811142,0.1742716968107097,0.8645574791468638,0.9877709947103684
FAM76A,FAM76A_6,0.03314338730715376,0.0893819771165192,0.3708061555177698,12,0.7172450463800704,0.9877709947103684,0.00012305539471685518,3878.6532071010847,true,false,false,0.0893819771165192,0.3708061555177698,0.7172450463800704,0.9877709947103684
GNA13,GNA13_4,0.07141170376100091,0.09444553835040798,0.7561151644459067,12,0.46416545350365723,0.965498233155955,0.00014492644184381411,4095.281391255059,true,false,false,0.09444553835040798,0.7561151644459067,0.46416545350365723,0.965498233155955
ADRB2,ADRB2_4,-0.00446488975370779,0.08301964194692896,-0.05378112515303319,12,0.957994535873541,0.9877709947103684,0.00010165907192932165,3715.217607070211,true,false,false,0.08301964194692896,-0.05378112515303319,0.957994535873541,0.9877709947103684
LRIG3,LRIG3_1,0.04584311310296537,0.09039014812965478,0.5071693547532242,12,0.6212270505863444,0.9877709947103684,0.00008733535183083048,2692.533402941437,true,false,false,0.09039014812965478,0.5071693547532242,0.6212270505863444,0.9877709947103684
LRIG3,LRIG3_6,-0.014789860777100811,0.0598366078575225,-0.24717077566156634,12,0.8089542094727923,0.9877709947103684,0.000055848263520694304,3941.8319504884794,true,false,false,0.0598366078575225,-0.24717077566156634,0.8089542094727923,0.9877709947103684
LRIG3,LRIG3_3,0.02040808817112232,0.09059114875775469,0.22527684493431668,12,0.8255547091626328,0.9877709947103684,0.00009875587487682212,3029.316471613407,true,false,false,0.09059114875775469,0.22527684493431668,0.8255547091626328,0.9877709947103684
NTCTRL,NTCTRL_37,-0.007650171130222492,0.08355898000424254,-0.09155414690119566,12,0.9285628827979906,0.9877709947103684,0.00008656435888235109,3122.9758265860396,true,true,false,0.08355898000424254,-0.09155414690119566,0.9285628827979906,0.9877709947103684
NTCTRL,NTCTRL_7,0.007695505525232754,0.07582882467418614,0.10148522752789652,12,0.9208412959456523,0.9877709947103684,0.00008272628547807454,3627.1050348023605,true,true,false,0.07582882467418614,0.10148522752789652,0.9208412959456523,0.9877709947103684
FAM76A,FAM76A_4,0.06023938672634658,0.08528891430160992,0.7062979663842373,12,0.4934886257583324,0.965498233155955,0.00009227988839206605,3197.51631858341,true,false,false,0.08528891430160992,0.7062979663842373,0.4934886257583324,0.965498233155955
GNAS,GNAS_4,-0.018500765448410776,0.07371190669478649,-0.25098747648755776,12,0.8060699552450611,0.9877709947103684,0.0000763219863857373,3541.8544045094754,true,false,false,0.07371190669478649,-0.25098747648755776,0.8060699552450611,0.9877709947103684
NTCTRL,NTCTRL_30,-0.05695447751861115,0.10184143302349379,-0.559246623184027,12,0.5862796503492405,0.9877709947103684,0.00015254829959628104,3702.7817313919704,true,true,false,0.10184143302349379,-0.559246623184027,0.5862796503492405,0.9877709947103684
CDKN1B,CDKN1B_5,0.009493758257846529,0.0821211413189425,0.11560675004472505,12,0.9098762616276109,0.9877709947103684,0.00010592850502282443,3956.443981762044,true,false,false,0.0821211413189425,0.11560675004472505,0.9098762616276109,0.9877709947103684
STAT1,STAT1_1,0.02677402143308039,0.07987906877364992,0.33518194245539906,12,0.7432745479802935,0.9877709947103684,0.00007902944176318916,3121.954562127925,true,false,false,0.07987906877364992,0.33518194245539906,0.7432745479802935,0.9877709947103684
CDKN1B,CDKN1B_4,0.013396990364426879,0.09229482235982471,0.1451543003376373,12,0.88699861663635,0.9877709947103684,0.00015027978748974208,4441.488580919983,true,false,false,0.09229482235982471,0.1451543003376373,0.88699861663635,0.9877709947103684
FBXO45,FBXO45_1,0.024225490316661658,0.08267035814812679,0.2930372005072846,12,0.7744994036681689,0.9877709947103684,0.000090813296425002,3347.358550820194,true,false,false,0.08267035814812679,0.2930372005072846,0.7744994036681689,0.9877709947103684
PTGER4,PTGER4_3,0.05536281240797701,0.11635173949239228,0.4758228166549838,12,0.6427457551662499,0.9877709947103684,0.0002931790662019971,5455.338773475331,true,false,false,0.11635173949239228,0.4758228166549838,0.6427457551662499,0.9877709947103684
ADRB1,ADRB1_4,-0.002907331633738052,0.07060637800920172,-0.04117661485707646,12,0.9678322743620109,0.9877709947103684,0.00005997056519295986,3035.5339927572954,true,false,false,0.07060637800920172,-0.04117661485707646,0.9678322743620109,0.9877709947103684
CBLB,CBLB_1,-0.3139497146027064,0.32085482202752913,-0.978479028673503,12,0.3471523715080903,0.9429272448750424,0.007813949166679855,19883.319800453537,true,false,false,0.32085482202752913,-0.978479028673503,0.3471523715080903,0.9429272448750424
H2AFB3,H2AFB3_1,-0.03628122128345914,0.0567388947894404,-0.639441804746105,12,0.5345523809835628,0.9877709947103684,0.00002531680799939738,1999.7290012671886,true,false,false,0.0567388947894404,-0.639441804746105,0.5345523809835628,0.9877709947103684
ADRB1,ADRB1_6,0.006823757909291606,0.0865464472166373,0.07884503788134514,12,0.9384554158742393,0.9877709947103684,0.00009728737858239925,3270.406467021087,true,false,false,0.0865464472166373,0.07884503788134514,0.9384554158742393,0.9877709947103684
IL2,IL2_2,-0.03387081195615451,0.1020092541661979,-0.33203665915418534,12,0.7455892842886421,0.9877709947103684,0.00014548467348084453,3517.6896519148418,true,false,false,0.1020092541661979,-0.33203665915418534,0.7455892842886421,0.9877709947103684
GPR65,GPR65_4,0.00915998692452231,0.08005034202763073,0.1144278299443191,12,0.9107909574253267,0.9877709947103684,0.00010759767979688653,4230.586716363415,true,false,false,0.08005034202763073,0.1144278299443191,0.9107909574253267,0.9877709947103684
NTCTRL,NTCTRL_16,-0.1188021188057675,0.1531297960609236,-0.7758262719719249,12,0.4528711393687648,0.9637896867115535,0.000491938232813947,5296.024411423311,true,true,false,0.1531297960609236,-0.7758262719719249,0.4528711393687648,0.9637896867115535
RHOG,RHOG_6,-0.05882908459921622,0.12038716625820503,-0.4886657475850895,12,0.6338868526154189,0.9877709947103684,0.00013239252045358843,2297.6342498525983,true,false,false,0.12038716625820503,-0.4886657475850895,0.6338868526154189,0.9877709947103684
GOLGA1,GOLGA1_6,0.028736048558162388,0.08974386448997222,0.3202007036522624,12,0.7543229175096614,0.9877709947103684,0.00010167309751065412,3178.4768786862755,true,false,false,0.08974386448997222,0.3202007036522624,0.7543229175096614,0.9877709947103684
CDKN1B,CDKN1B_1,-0.0354844577198856,0.07480015841480717,-0.4743901413029792,12,0.6437375987522523,0.9877709947103684,0.00007335626058520274,3306.8068140959035,true,false,false,0.07480015841480717,-0.4743901413029792,0.6437375987522523,0.9877709947103684
NTCTRL,NTCTRL_19,0.010264716600964762,0.056844644057290734,0.18057491204658602,12,0.8597149915526852,0.9877709947103684,0.000039458243359678255,3091.7311167771513,true,true,false,0.056844644057290734,0.18057491204658602,0.8597149915526852,0.9877709947103684
NTCTRL,NTCTRL_35,-0.0711126200971414,0.08008372532816556,-0.8879784226537597,12,0.3920034613525457,0.9429272448750424,0.00007488093163796628,2946.1337103172277,true,true,false,0.08008372532816556,-0.8879784226537597,0.3920034613525457,0.9429272448750424
NTCTRL,NTCTRL_27,-0.018671808405358654,0.13025687903137537,-0.14334604470955517,12,0.8883958588205628,0.9877709947103684,0.00024696993587840503,3658.364520451996,true,true,false,0.13025687903137537,-0.14334604470955517,0.8883958588205628,0.9877709947103684
NTCTRL,NTCTRL_44,0.03431915588646892,0.07197275583878981,0.476835373142299,12,0.6420451939416015,0.9877709947103684,0.00007955335683644207,3874.074239807536,true,true,false,0.07197275583878981,0.476835373142299,0.6420451939416015,0.9877709947103684
H2AFB3,H2AFB3_3,-0.0576258237666833,0.10905244816430726,-0.5284230178845647,12,0.6068406134569935,0.9877709947103684,0.00010872886744451782,2300.734722864025,true,false,false,0.10905244816430726,-0.5284230178845647,0.6068406134569935,0.9877709947103684
PPP6C,PPP6C_3,-0.059602001705639535,0.17942501698598468,-0.33218334158104157,12,0.7454812771010263,0.9877709947103684,0.00011922842662281722,930.502589990844,true,false,false,0.17942501698598468,-0.33218334158104157,0.7454812771010263,0.9877709947103684
RHOG,RHOG_2,0.02910239850956055,0.08663166019662782,0.33593259604522013,12,0.742722498928392,0.9877709947103684,0.00007787338894970414,2614.1392194069244,true,false,false,0.08663166019662782,0.33593259604522013,0.742722498928392,0.9877709947103684
NTCTRL,NTCTRL_14,-0.07377194892935093,0.06153075605858561,-1.198944294770408,12,0.2536899095865571,0.9259808167205715,0.0000653290332589624,4363.914482167998,true,true,false,0.06153075605858561,-1.198944294770408,0.2536899095865571,0.9259808167205715
H2AFB3,H2AFB3_5,-0.0119315680184832,0.10537732115966794,-0.11322709561390787,12,0.9117227156214869,0.9877709947103684,0.00012428119380332513,2814.5377592900372,true,false,false,0.10537732115966794,-0.11322709561390787,0.9117227156214869,0.9877709947103684
NTCTRL,NTCTRL_32,-0.0006138846446241496,0.0981931466829931,-0.006251807436276746,12,0.9951145432357027,0.9998524024864707,0.00015329854522956284,4000.740826124074,true,true,false,0.0981931466829931,-0.006251807436276746,0.9951145432357027,0.9998524024864707
FAM76A,FAM76A_3,-0.050335571681930306,0.08457539860974396,-0.5951561861882981,12,0.5627945443634721,0.9877709947103684,0.00009070779559794012,3195.717802375378,true,false,false,0.08457539860974396,-0.5951561861882981,0.5627945443634721,0.9877709947103684
GPR65,GPR65_3,-0.04717857156861892,0.07952873415401979,-0.5932267383666671,12,0.5640433025967393,0.9877709947103684,0.00008408309224799257,3352.813139611615,true,false,false,0.07952873415401979,-0.5932267383666671,0.5640433025967393,0.9877709947103684
RHOG,RHOG_5,-0.023153638162902387,0.07566067331707496,-0.30601945697563754,12,0.7648339312085163,0.9877709947103684,0.00006120743937208312,2697.180919923258,true,false,false,0.07566067331707496,-0.30601945697563754,0.7648339312085163,0.9877709947103684
NTCTRL,NTCTRL_47,-0.044422681619276067,0.11327593284132405,-0.392163458777276,12,0.7018133845227252,0.9877709947103684,0.00016202597597231097,3176.005816148407,true,true,false,0.11327593284132405,-0.392163458777276,0.7018133845227252,0.9877709947103684
NTCTRL,NTCTRL_33,-0.03521855665642565,0.11259583596192912,-0.3127873811277864,12,0.7598113520916706,0.9877709947103684,0.0001878943926629607,3727.9328262305,true,true,false,0.11259583596192912,-0.3127873811277864,0.7598113520916706,0.9877709947103684
ADORA2A,ADORA2A_3,0.025885640592533482,0.10809721985812339,0.23946629364296462,12,0.8147853293145699,0.9877709947103684,0.00017324099014918388,3729.2305652501223,true,false,false,0.10809721985812339,0.23946629364296462,0.8147853293145699,0.9877709947103684
ADRB2,ADRB2_6,-0.027507524897473008,0.07916556879639264,-0.3474682910220744,12,0.7342578256470891,0.9877709947103684,0.00012322417937050346,4956.063265814364,true,false,false,0.07916556879639264,-0.3474682910220744,0.7342578256470891,0.9877709947103684
ADRB1,ADRB1_5,0.00341169551845214,0.06842795074440274,0.04985821555866496,12,0.9610556464897596,0.9877709947103684,0.0000638674080524018,3442.09691266552,true,false,false,0.06842795074440274,0.04985821555866496,0.9610556464897596,0.9877709947103684
STUB1,STUB1_3,0.06049651185314034,0.09634764482783433,0.627898190570645,12,0.5418357155500714,0.9877709947103684,0.00014350077644785153,3893.5059507463197,true,false,false,0.09634764482783433,0.627898190570645,0.5418357155500714,0.9877709947103684
P2RY8,P2RY8_3,-0.0810486008103838,0.10857250446063392,-0.7464928732464701,12,0.46974275733534954,0.965498233155955,0.00017308140387995024,3698.349593487904,true,false,false,0.10857250446063392,-0.7464928732464701,0.46974275733534954,0.965498233155955
ALDH3B1,ALDH3B1_3,-0.06382270346442663,0.08000587885176193,-0.7977251719549243,12,0.4405305760698339,0.9567152520494624,0.00008571266245488483,3377.203313610456,true,false,false,0.08000587885176193,-0.7977251719549243,0.4405305760698339,0.9567152520494624
FBXO45,FBXO45_3,-0.0043629967367973975,0.07927707641393583,-0.055034783498025694,12,0.9570164307687884,0.9877709947103684,0.00008105837126899649,3250.015668225635,true,false,false,0.07927707641393583,-0.055034783498025694,0.9570164307687884,0.9877709947103684
PPIAL4D,PPIAL4D_6,0.027057359806310154,0.053520793939138625,0.5055485506638511,12,0.6223310080892404,0.9877709947103684,0.00003064648742945169,2715.850942307975,true,false,false,0.053520793939138625,0.5055485506638511,0.6223310080892404,0.9877709947103684
NTCTRL,NTCTRL_41,-0.03506740698810186,0.08099529773425289,-0.4329560847243094,12,0.6727262759734955,0.9877709947103684,0.0001137204568027822,4369.066400323174,true,true,false,0.08099529773425289,-0.4329560847243094,0.6727262759734955,0.9877709947103684
DGKZ,DGKZ_3,-0.04627353054824709,0.10603896630295853,-0.43638232398495225,12,0.6703073628248342,0.9877709947103684,0.00023218429776011607,5200.44511121545,true,false,false,0.10603896630295853,-0.43638232398495225,0.6703073628248342,0.9877709947103684
FAM76A,FAM76A_5,-0.03392056874204686,0.06446332494546933,-0.5261994904969743,12,0.6083378155847237,0.9877709947103684,0.00005493099817962943,3339.403207735494,true,false,false,0.06446332494546933,-0.5261994904969743,0.6083378155847237,0.9877709947103684
PPP6C,PPP6C_2,0.013684226601497965,0.12952548557290175,0.10564891180273533,12,0.9176064173868708,0.9877709947103684,0.00008025921999806515,1203.029041069366,true,false,false,0.12952548557290175,0.10564891180273533,0.9176064173868708,0.9877709947103684
CDKN1B,CDKN1B_6,0.004759957046890586,0.12789131840770207,0.0372187659502924,12,0.9709225707389865,0.9877709947103684,0.0001966684037751541,3020.883168150081,true,false,false,0.12789131840770207,0.0372187659502924,0.9709225707389865,0.9877709947103684
ADRB2,ADRB2_1,-0.0646927641253267,0.100281240707658,-0.6451133199869397,12,0.5309945141509187,0.9877709947103684,0.00013006701476548654,3256.9853535734287,true,false,false,0.100281240707658,-0.6451133199869397,0.5309945141509187,0.9877709947103684
NTCTRL,NTCTRL_11,0.03096039484787001,0.08120083397749958,0.381281734821209,12,0.7096591317856475,0.9877709947103684,0.00009511305833530652,3634.96012001257,true,true,false,0.08120083397749958,0.381281734821209,0.7096591317856475,0.9877709947103684
STUB1,STUB1_5,-0.007334102530273477,0.09776581966665474,-0.07501704128579961,12,0.9414372397624262,0.9877709947103684,0.00014638663782026257,3853.873426244506,true,false,false,0.09776581966665474,-0.07501704128579961,0.9414372397624262,0.9877709947103684
DGKZ,DGKZ_1,-0.059446529761037724,0.12047271250837473,-0.49344393865876696,12,0.6306058769243305,0.9877709947103684,0.0002879593037860346,4996.048649513055,true,false,false,0.12047271250837473,-0.49344393865876696,0.6306058769243305,0.9877709947103684
CBLB,CBLB_4,-0.09739824489819324,0.11394628930931704,-0.8547732926501651,12,0.409417926503301,0.9558528222029987,0.0002697217421640478,5242.1420905444,true,false,false,0.11394628930931704,-0.8547732926501651,0.409417926503301,0.9558528222029987
NTCTRL,NTCTRL_20,-0.03820380042346902,0.09072722428856807,-0.42108419741749803,12,0.6811372696894902,0.9877709947103684,0.00012718170163093838,3890.831900743312,true,true,false,0.09072722428856807,-0.42108419741749803,0.6811372696894902,0.9877709947103684