"gene","guide","estimate","std_error","t_value","df","p_value","fdr","rho","pearson_null","mean_cpm","converged","control","raw_std_error","raw_t_value","raw_p_value","raw_fdr"
"IFNG","IFNG_1",-1.68441193278156,0.365219169507261,-4.61205783654264,12,0.000598337609637885,0.0361253726523354,0.000769900745258598,25052.3250460576,2730.62813918052,TRUE,FALSE,0.365219169507261,-4.61205783654264,0.000598337609637885,0.0361253726523354
"IFNG","IFNG_6",-1.04760040954673,0.210954492654251,-4.96600189152508,12,0.000327456702543895,0.0361253726523354,0.0003799265582127,12149.890574306,2780.74605548985,TRUE,FALSE,0.210954492654251,-4.96600189152508,0.000327456702543895,0.0361253726523354
"IFNG","IFNG_2",-0.949402384875089,0.216777296754982,-4.37962092473261,12,0.000896900127628382,0.0361253726523354,0.000412490236611646,13201.6197168937,2732.8673599187,TRUE,FALSE,0.216777296754982,-4.37962092473261,0.000896900127628382,0.0361253726523354
"IFNG","IFNG_4",-0.688863463747868,0.209341957356424,-3.29061346538866,12,0.0064519780397105,0.172913011464241,0.000545325103335642,17316.7846830789,3505.71732415325,TRUE,FALSE,0.209341957356424,-3.29061346538866,0.0064519780397105,0.172913011464241
"TNF","TNF_2",-0.403293177271533,0.0926948362647548,-4.35076206531773,12,0.000943573166292342,0.0361253726523354,0.000122247728921823,4160.96233484013,3727.2835196979,TRUE,FALSE,0.0926948362647548,-4.35076206531773,0.000943573166292342,0.0361253726523354
"TNF","TNF_1",-0.340548031936327,0.0739988134652009,-4.60207422239919,12,0.000608745130269353,0.0361253726523354,8.88538549721288e-05,2894.02462387056,4209.1346158782,TRUE,FALSE,0.0739988134652009,-4.60207422239919,0.000608745130269353,0.0361253726523354
"DGKZ","DGKZ_4",-0.0413390057049024,0.122039508974349,-0.338734611867303,12,0.740663149654802,0.991470511544439,0.000336256103992837,11831.1601932497,5685.69528087718,TRUE,FALSE,0.122039508974349,-0.338734611867303,0.740663149654802,0.991470511544439
"IFNG","IFNG_5",-0.535079268545353,0.171817376728188,-3.11423255746617,12,0.00895019262295954,0.215755765255203,0.00027163493715657,8963.32552715748,2477.26445706067,TRUE,FALSE,0.171817376728188,-3.11423255746617,0.00895019262295954,0.215755765255203
"TNF","TNF_4",-0.142210990999994,0.117942964789598,-1.20576069334604,12,0.251146863749401,0.929448909667093,0.000248279983414922,7717.65049718484,4511.64873739722,TRUE,FALSE,0.117942964789598,-1.20576069334604,0.251146863749401,0.929448909667093
"TNF","TNF_5",-0.272066070314045,0.088531022193069,-3.07311565567063,12,0.00966070590694941,0.215755765255203,0.000106073859382422,3567.47592711416,3470.00820450358,TRUE,FALSE,0.088531022193069,-3.07311565567063,0.00966070590694941,0.215755765255203
"IFNG","IFNG_3",-0.170269776538911,0.106807689513815,-1.59417151811797,12,0.136881860915093,0.68763308034448,0.000165415380707998,5147.34808303384,3673.05774384499,TRUE,FALSE,0.106807689513815,-1.59417151811797,0.136881860915093,0.68763308034448
"DGKZ","DGKZ_5",-0.0987008598220045,0.106139874151692,-0.929913103919305,12,0.370745587571449,0.946458807590111,0.000182902718548689,6390.57479140428,4093.97144141057,TRUE,FALSE,0.106139874151692,-0.929913103919305,0.370745587571449,0.946458807590111
"P2RY8","P2RY8_6",-0.135516878159425,0.0668627800704755,-2.02679095928386,12,0.0654974722266017,0.438833063918232,7.6324808552561e-05,2755.86788571431,4327.62331951017,TRUE,FALSE,0.0668627800704755,-2.02679095928386,0.0654974722266017,0.438833063918232
"NTCTRL","NTCTRL_3",-0.0457542029691516,0.11644041267079,-0.3929409207653,12,0.701254190768874,0.991470511544439,0.000244301626519858,8400.00328578608,4534.48998993681,TRUE,TRUE,0.11644041267079,-0.3929409207653,0.701254190768874,0.991470511544439
"NTCTRL","NTCTRL_18",-0.109345801081622,0.105590327135923,-1.03556645809862,12,0.320823006143282,0.944841380729666,0.000177441644451003,5829.70564562739,4015.12212656817,TRUE,TRUE,0.105590327135923,-1.03556645809862,0.320823006143282,0.944841380729666
"P2RY8","P2RY8_2",-0.0638374267094588,0.0704233160800312,-0.906481407903484,12,0.382522548444963,0.946458807590111,0.000109050929972921,4135.44836919022,5552.95796889153,TRUE,FALSE,0.0704233160800312,-0.906481407903484,0.382522548444963,0.946458807590111
"DGKZ","DGKZ_6",-0.0358632575950316,0.0964992874379331,-0.371642719311252,12,0.716638075041974,0.991470511544439,0.00017298480464715,5961.62228301689,4677.61456780912,TRUE,FALSE,0.0964992874379331,-0.371642719311252,0.716638075041974,0.991470511544439
"P2RY8","P2RY8_5",-0.0781126782162243,0.0753862074668352,-1.03616670530333,12,0.320554182496225,0.944841380729666,9.04290152834709e-05,3208.29430242111,4016.66652860709,TRUE,FALSE,0.0753862074668352,-1.03616670530333,0.320554182496225,0.944841380729666
"NTCTRL","NTCTRL_10",0.00512832050360123,0.0862179939346363,0.0594808608918588,12,0.95354819869484,0.991470511544439,0.000133745164741023,4515.00852134105,4531.70119105896,TRUE,TRUE,0.0862179939346363,0.0594808608918588,0.95354819869484,0.991470511544439
"P2RY8","P2RY8_4",-0.153742771811656,0.0685059175760711,-2.24422615230189,12,0.0444573604215693,0.392834664366624,7.12979178321822e-05,2515.06688394736,3855.65130277194,TRUE,FALSE,0.0685059175760711,-2.24422615230189,0.0444573604215693,0.392834664366624
"NTCTRL","NTCTRL_28",-0.0173120534007324,0.111394585607929,-0.155411982604477,12,0.879080134950805,0.991470511544439,0.000188547216488538,6178.28479483044,3821.63781560879,TRUE,TRUE,0.111394585607929,-0.155411982604477,0.879080134950805,0.991470511544439
"NTCTRL","NTCTRL_50",0.0303874818244019,0.119966195679415,0.253300370594448,12,0.804323562781161,0.991470511544439,0.000203821982897759,6772.7353388537,3561.14384896317,TRUE,TRUE,0.119966195679415,0.253300370594448,0.804323562781161,0.991470511544439
"NTCTRL","NTCTRL_45",-0.0634901064214773,0.0793135759884907,-0.800494816053817,12,0.438985440595367,0.960298455240703,9.75318956483594e-05,3221.88002153789,3910.55187267794,TRUE,TRUE,0.0793135759884907,-0.800494816053817,0.438985440595367,0.960298455240703
"NTCTRL","NTCTRL_2",-0.0495895679780443,0.115193764063537,-0.430488302740871,12,0.674470895983725,0.991470511544439,0.000188697193070308,6448.72146145189,3577.20416209778,TRUE,TRUE,0.115193764063537,-0.430488302740871,0.674470895983725,0.991470511544439
"NTCTRL","NTCTRL_8",-0.0495752677426897,0.0916371287355963,-0.540995428673141,12,0.598410201688584,0.991470511544439,0.000138033139804299,4815.31148112489,4140.64833860187,TRUE,TRUE,0.0916371287355963,-0.540995428673141,0.598410201688584,0.991470511544439
"TNF","TNF_6",-0.180723113691823,0.107785708621571,-1.67668901566841,12,0.119438546095631,0.627637850071158,0.00013248957257844,4421.01066105507,2890.67486286195,TRUE,FALSE,0.107785708621571,-1.67668901566841,0.119438546095631,0.627637850071158
"NTCTRL","NTCTRL_17",-0.0705452425674361,0.0920856077431669,-0.766083259874786,12,0.458431798548182,0.967399385912699,0.000108129884845222,3577.92781330746,3213.32316626566,TRUE,TRUE,0.0920856077431669,-0.766083259874786,0.458431798548182,0.967399385912699
"NTCTRL","NTCTRL_23",-0.0700014304214823,0.0723132860684104,-0.968030001502891,12,0.352135572668952,0.946458807590111,8.53252978479889e-05,2984.20549315559,4119.23304443616,TRUE,TRUE,0.0723132860684104,-0.968030001502891,0.352135572668952,0.946458807590111
"LRIG3","LRIG3_2",-0.106091299803177,0.0887822821703911,-1.19496026920739,12,0.255185602988765,0.929448909667093,0.000110086974412439,4184.98205867457,3525.82456316607,TRUE,FALSE,0.0887822821703911,-1.19496026920739,0.255185602988765,0.929448909667093
"P2RY8","P2RY8_1",-0.0877552073997746,0.09471885280507,-0.926480893728448,12,0.372454611636494,0.946458807590111,0.000173136166270284,6269.73532169239,4868.82055037676,TRUE,FALSE,0.09471885280507,-0.926480893728448,0.372454611636494,0.946458807590111
"TNF","TNF_3",-0.165964875707517,0.0850714758878596,-1.95088746228278,12,0.0748119595123285,0.477371551173906,0.000100600812270907,3123.01791972077,3524.30607215065,TRUE,FALSE,0.0850714758878596,-1.95088746228278,0.0748119595123285,0.477371551173906
"FBXO45","FBXO45_4",-0.0473006158167675,0.0651196902884772,-0.726364262594432,12,0.481544172546522,0.969114331407468,6.77490837606372e-05,2209.92134986203,4034.97675217938,TRUE,FALSE,0.0651196902884772,-0.726364262594432,0.481544172546522,0.969114331407468
"NTCTRL","NTCTRL_43",-0.0989322587492927,0.104174516476109,-0.949678117987535,12,0.36101093967161,0.946458807590111,0.000149773887294699,5300.01452717209,3479.74045568511,TRUE,TRUE,0.104174516476109,-0.949678117987535,0.36101093967161,0.946458807590111
"NTCTRL","NTCTRL_13",-0.0415666878862055,0.0843898899179696,-0.492555304037131,12,0.631215444321713,0.991470511544439,0.000106256164120402,3592.85199245237,3759.25262731587,TRUE,TRUE,0.0843898899179696,-0.492555304037131,0.631215444321713,0.991470511544439
"VAV1","VAV1_4",-0.0256312818388195,0.0661521131775819,-0.387459759146524,12,0.705200425336555,0.991470511544439,7.35659048955228e-05,2465.46537588576,4243.54086035589,TRUE,FALSE,0.0661521131775819,-0.387459759146524,0.705200425336555,0.991470511544439
"NTCTRL","NTCTRL_21",-0.0963551293259021,0.089652517555525,-1.07476211436255,12,0.303616891414659,0.939961488222278,0.000115536090390646,3885.32588440237,3626.76481958194,TRUE,TRUE,0.089652517555525,-1.07476211436255,0.303616891414659,0.939961488222278
"FBXO45","FBXO45_5",0.000340600390653326,0.108305741652757,0.00314480456396612,12,0.997542488652419,0.999852402489395,0.000164451878917709,5169.37391098953,3525.41912345347,TRUE,FALSE,0.108305741652757,0.00314480456396612,0.997542488652419,0.999852402489395
"NTCTRL","NTCTRL_22",-0.0501423416941394,0.0701544312588624,-0.714742330518217,12,0.488440391308919,0.969114331407468,6.85530700064641e-05,2419.67172401229,3516.02036901038,TRUE,TRUE,0.0701544312588624,-0.714742330518217,0.488440391308919,0.969114331407468
"NTCTRL","NTCTRL_51",0.0194163079570053,0.0965016543351671,0.201201814526092,12,0.843910888723869,0.991470511544439,0.000127329853309721,4436.32594264807,3440.59862592982,TRUE,TRUE,0.0965016543351671,0.201201814526092,0.843910888723869,0.991470511544439
"NTCTRL","NTCTRL_46",0.0225179122931276,0.0878643147727893,0.256280520156075,12,0.802074973314384,0.991470511544439,0.000100100091104167,3447.14777857548,3264.85512306429,TRUE,TRUE,0.0878643147727893,0.256280520156075,0.802074973314384,0.991470511544439
"ADRB2","ADRB2_2",-0.0105536115211967,0.108745959819843,-0.097048309092868,12,0.924290084783804,0.991470511544439,0.00017639555686893,5855.89852595457,3752.13189587083,TRUE,FALSE,0.108745959819843,-0.097048309092868,0.924290084783804,0.991470511544439
"NTCTRL","NTCTRL_1",-0.0353882802908118,0.109057189391673,-0.324492869183677,12,0.75115159410121,0.991470511544439,0.000165093990882954,5953.4977688633,3491.72825150247,TRUE,TRUE,0.109057189391673,-0.324492869183677,0.75115159410121,0.991470511544439
"ALDH3B1","ALDH3B1_1",-0.0927433079126185,0.0916571897021419,-1.01184978738718,12,0.331577886258466,0.946408090227719,0.00010206628723021,3511.768736955,3064.43009106121,TRUE,FALSE,0.0916571897021419,-1.01184978738718,0.331577886258466,0.946408090227719
"GPR65","GPR65_6",-0.00963711234862145,0.113760070186496,-0.0847143671133689,12,0.933885401129188,0.991470511544439,0.000168122971914053,6213.10392164089,3265.95136965607,TRUE,FALSE,0.113760070186496,-0.0847143671133689,0.933885401129188,0.991470511544439
"STAT1","STAT1_6",-0.0133944544327271,0.11037136641957,-0.121358055691808,12,0.905415920955187,0.991470511544439,0.000164487576653942,5580.35930879656,3395.28868190218,TRUE,FALSE,0.11037136641957,-0.121358055691808,0.905415920955187,0.991470511544439
"NTCTRL","NTCTRL_5",-0.0603017047440972,0.0666802428064516,-0.904341409180692,12,0.383610908961516,0.946458807590111,6.43552475847865e-05,2057.77764494258,3656.45842349856,TRUE,TRUE,0.0666802428064516,-0.904341409180692,0.383610908961516,0.946458807590111
"NTCTRL","NTCTRL_36",-0.0780312579209943,0.0711392532163397,-1.09688047587027,12,0.294217515535366,0.938234651107479,7.16274837955628e-05,2342.83575378931,3575.58269893033,TRUE,TRUE,0.0711392532163397,-1.09688047587027,0.294217515535366,0.938234651107479
"NTCTRL","NTCTRL_49",-0.0199109447803837,0.107106658199212,-0.185898291620214,12,0.855629896684602,0.991470511544439,0.00014798715963301,4967.13251185876,3244.36632834108,TRUE,TRUE,0.107106658199212,-0.185898291620214,0.855629896684602,0.991470511544439
"NTCTRL","NTCTRL_52",-0.00342467700411757,0.098998685665536,-0.0345931562736877,12,0.972972927373833,0.991470511544439,0.000130838211694359,4454.36458247187,3358.4277741792,TRUE,TRUE,0.098998685665536,-0.0345931562736877,0.972972927373833,0.991470511544439
"ADRB1","ADRB1_3",-0.0852543664827862,0.137933687252302,-0.618082269684002,12,0.548072725329115,0.991470511544439,0.000210587567001065,7368.71600464291,2784.91049202718,TRUE,FALSE,0.137933687252302,-0.618082269684002,0.548072725329115,0.991470511544439
"ADORA2A","ADORA2A_2",0.0166111485557722,0.0969108749597501,0.171406444969889,12,0.866760641663888,0.991470511544439,0.000130851154425265,4720.12254326647,3505.96208969402,TRUE,FALSE,0.0969108749597501,0.171406444969889,0.866760641663888,0.991470511544439
"JMJD8","JMJD8_3",0.0674981455961532,0.168385267175352,0.400855411690279,12,0.695572096838953,0.991470511544439,0.000283692804860536,8974.05141161924,2514.20394410383,TRUE,FALSE,0.168385267175352,0.400855411690279,0.695572096838953,0.991470511544439
"FBXO45","FBXO45_6",-0.0841841534943478,0.0942081966514646,-0.893596910742257,12,0.389107660753646,0.946458807590111,0.000112644880684088,3892.52033377856,3199.63602513159,TRUE,FALSE,0.0942081966514646,-0.893596910742257,0.389107660753646,0.946458807590111
"NTCTRL","NTCTRL_29",-0.0792816072873511,0.0953045702951493,-0.831876236804,12,0.421724778648919,0.960298455240703,9.76607383354487e-05,3533.30380034594,2709.939718263,TRUE,TRUE,0.0953045702951493,-0.831876236804,0.421724778648919,0.960298455240703
"IL2","IL2_5",-0.0817784130387062,0.0575041154057864,-1.42213148505328,12,0.180456802069941,0.792826605815478,4.01373714601068e-05,1432.86193708423,3077.53107334215,TRUE,FALSE,0.0575041154057864,-1.42213148505328,0.180456802069941,0.792826605815478
"IL2","IL2_6",-0.102534726229411,0.0683542708200434,-1.50004857047419,12,0.159445082928583,0.761026388905135,5.24862666364543e-05,1803.04355288207,2843.83275804444,TRUE,FALSE,0.0683542708200434,-1.50004857047419,0.159445082928583,0.761026388905135
"NTCTRL","NTCTRL_9",-0.0246331682019304,0.0979365314159721,-0.251521754403414,12,0.805666441648748,0.991470511544439,0.00012316406130241,4485.75910580915,3231.05099520986,TRUE,TRUE,0.0979365314159721,-0.251521754403414,0.805666441648748,0.991470511544439
"NTCTRL","NTCTRL_42",0.0233989092078958,0.114374938084082,0.204580737702294,12,0.841328547769414,0.991470511544439,0.000150169923908115,4759.97836276191,2886.04595599547,TRUE,TRUE,0.114374938084082,0.204580737702294,0.841328547769414,0.991470511544439
"JMJD8","JMJD8_6",-0.0821080082185154,0.102974695685444,-0.797361018374167,12,0.440733992517188,0.960298455240703,0.000130524305333323,4583.27073934454,3101.10386112382,TRUE,FALSE,0.102974695685444,-0.797361018374167,0.440733992517188,0.960298455240703
"GPR65","GPR65_1",-0.00536012243597123,0.0583250362085605,-0.0919008848413628,12,0.928293155200604,0.991470511544439,4.18200537931955e-05,1578.73368051746,3110.74935016322,TRUE,FALSE,0.0583250362085605,-0.0919008848413628,0.928293155200604,0.991470511544439
"ADRB1","ADRB1_2",-0.064977070125407,0.0910292518269032,-0.713804286219601,12,0.488999620099879,0.969114331407468,9.30039171792837e-05,3212.0855757779,2828.56448787215,TRUE,FALSE,0.0910292518269032,-0.713804286219601,0.488999620099879,0.969114331407468
"NTCTRL","NTCTRL_40",-0.0112550635550583,0.0949155743429242,-0.118579733968574,12,0.907570196841259,0.991470511544439,0.000104326513113808,3375.66401648716,2914.30809689827,TRUE,TRUE,0.0949155743429242,-0.118579733968574,0.907570196841259,0.991470511544439
"NTCTRL","NTCTRL_38",-0.0500353307714392,0.0822525168911456,-0.608313674311715,12,0.554319232516824,0.991470511544439,7.05964667731582e-05,2338.15214908875,2631.24627749458,TRUE,TRUE,0.0822525168911456,-0.608313674311715,0.554319232516824,0.991470511544439
"CBLB","CBLB_5",-0.00546264088280254,0.0705123521951622,-0.0774706943215167,12,0.939525853263611,0.991470511544439,5.76255765107079e-05,2031.58291023503,2925.16363564822,TRUE,FALSE,0.0705123521951622,-0.0774706943215167,0.939525853263611,0.991470511544439
"ADRB2","ADRB2_5",-2.11390772500395e-05,0.11192049869541,-0.000188875831473637,12,0.999852402489395,0.999852402489395,0.000138714762496547,4736.11754459702,2784.02550203358,TRUE,FALSE,0.11192049869541,-0.000188875831473637,0.999852402489395,0.999852402489395
"ADORA2A","ADORA2A_1",-0.14512853654979,0.126138345044499,-1.15055050467478,12,0.272328863324823,0.935694043218623,0.000175379640176048,5824.62191086621,2783.80628127357,TRUE,FALSE,0.126138345044499,-1.15055050467478,0.272328863324823,0.935694043218623
"IL2","IL2_3",-0.0735391076363605,0.086685304867045,-0.848345723062891,12,0.41284811279417,0.959432795319881,8.47693519232276e-05,3029.1419551272,2844.66894392772,TRUE,FALSE,0.086685304867045,-0.848345723062891,0.41284811279417,0.959432795319881
"NTCTRL","NTCTRL_39",-0.00889560868004338,0.0721053628855636,-0.123369584786105,12,0.903856695867144,0.991470511544439,5.69328433402164e-05,2002.53363066871,2763.9666966277,TRUE,TRUE,0.0721053628855636,-0.123369584786105,0.903856695867144,0.991470511544439
"NTCTRL","NTCTRL_26",-0.0686649179920814,0.0813742577238801,-0.843816213047078,12,0.415276881556366,0.959432795319881,7.16700676065622e-05,2404.29747709303,2730.66444084269,TRUE,TRUE,0.0813742577238801,-0.843816213047078,0.415276881556366,0.959432795319881
"JMJD8","JMJD8_4",-0.026724188988917,0.0746408084775911,-0.358037239065279,12,0.726534382109912,0.991470511544439,5.67410201644631e-05,1754.92939719871,2570.3507109953,TRUE,FALSE,0.0746408084775911,-0.358037239065279,0.726534382109912,0.991470511544439
"SPTLC2","SPTLC2_6",-0.116951555130583,0.0978722220319695,-1.19494124790976,12,0.255192760576985,0.929448909667093,8.26091411782325e-05,2959.04933286079,2177.99308812063,TRUE,FALSE,0.0978722220319695,-1.19494124790976,0.255192760576985,0.929448909667093
"H2AFB3","H2AFB3_4",-0.0144608941075246,0.111406798904675,-0.129802617521558,12,0.898873010834373,0.991470511544439,0.000118005963839132,4297.96477235382,2390.53777085995,TRUE,FALSE,0.111406798904675,-0.129802617521558,0.898873010834373,0.991470511544439
"IL2","IL2_4",-0.0799434418534335,0.085168209010806,-0.938653551388998,12,0.366418246954833,0.946458807590111,6.86202016246683e-05,2407.48591063412,2387.56818742156,TRUE,FALSE,0.085168209010806,-0.938653551388998,0.366418246954833,0.946458807590111
"ALDH3B1","ALDH3B1_4",-0.0642150017115913,0.108650262105781,-0.59102482099005,12,0.565470244814466,0.991470511544439,0.000115388399992196,3965.75909409822,2460.4056194701,TRUE,FALSE,0.108650262105781,-0.59102482099005,0.565470244814466,0.991470511544439
"FDXR","FDXR_5",-0.0996021231587323,0.0950492201018416,-1.04790047779469,12,0.315332507115998,0.944841380729666,7.76891734896846e-05,2645.79308803958,2170.38351400488,TRUE,FALSE,0.0950492201018416,-1.04790047779469,0.315332507115998,0.944841380729666
"JMJD8","JMJD8_5",-0.0236200078952332,0.0954943626504531,-0.2473445263119,12,0.808822843251328,0.991470511544439,7.89035193171898e-05,2764.09945828565,2178.56165565722,TRUE,FALSE,0.0954943626504531,-0.2473445263119,0.808822843251328,0.991470511544439
"LCP2","LCP2_3",-0.0299942740888711,0.114004400584164,-0.263097511457267,12,0.796938387237974,0.991470511544439,0.000112860004715021,3960.39035600928,2183.36623522461,TRUE,FALSE,0.114004400584164,-0.263097511457267,0.796938387237974,0.991470511544439
"PPIAL4D","PPIAL4D_2",-0.0940147304301507,0.0921361206645545,-1.02038950361754,12,0.327675373313517,0.946408090227719,7.38182391802602e-05,2846.23127670815,2194.58767395172,TRUE,FALSE,0.0921361206645545,-1.02038950361754,0.327675373313517,0.946408090227719
"JMJD8","JMJD8_1",0.0293184355207206,0.110191196932142,0.266068763539935,12,0.794702644436295,0.991470511544439,0.000122826348875761,3922.43585991477,2543.92264474188,TRUE,FALSE,0.110191196932142,0.266068763539935,0.794702644436295,0.991470511544439
"SPTLC2","SPTLC2_4",-0.0451897664899424,0.104857377059939,-0.430964112940864,12,0.674134363584246,0.991470511544439,8.76706169489541e-05,2712.90062471662,2007.07101244461,TRUE,FALSE,0.104857377059939,-0.430964112940864,0.674134363584246,0.991470511544439
"GOLGA1","GOLGA1_3",0.0548018717178911,0.123474991706989,0.443829725843904,12,0.6650628460498,0.991470511544439,0.000157484122377285,5265.59798542763,2597.27634895645,TRUE,FALSE,0.123474991706989,0.443829725843904,0.6650628460498,0.991470511544439
"SPTLC2","SPTLC2_2",-0.072707839483029,0.0616436226005199,-1.17948680521602,12,0.261060347358953,0.929448909667093,3.0594593148317e-05,1091.65539915944,2044.22920075267,TRUE,FALSE,0.0616436226005199,-1.17948680521602,0.261060347358953,0.929448909667093
"FDXR","FDXR_2",0.0313036428117125,0.132227339515747,0.236741077347204,12,0.816850700842306,0.991470511544439,0.000122394372323658,4208.51180616137,1758.99571955226,TRUE,FALSE,0.132227339515747,0.236741077347204,0.816850700842306,0.991470511544439
"PPIAL4D","PPIAL4D_4",-0.174024254141077,0.11867984661065,-1.46633366246246,12,0.168267387811194,0.773324627480023,8.86819782133212e-05,2903.84732503835,1595.54883655107,TRUE,FALSE,0.11867984661065,-1.46633366246246,0.168267387811194,0.773324627480023
"SPTLC2","SPTLC2_5",-0.208627297276113,0.111208460777691,-1.87600202194296,12,0.0851827943962169,0.496282367351872,6.33698957657634e-05,2398.65773000069,1304.29282767954,TRUE,FALSE,0.111208460777691,-1.87600202194296,0.0851827943962169,0.496282367351872
"SPTLC2","SPTLC2_3",-0.0320145184936826,3.0274396639142,-0.0105747833310378,12,0.991736474808223,0.999852402489395,0,0.436925384369254,0,FALSE,FALSE,3.0274396639142,-0.0105747833310378,0.991736474808223,0.999852402489395
"ZC3H12A","ZC3H12A_4",0.413248324078475,0.289848630851723,1.4257384030559,12,0.179435093092493,0.792826605815478,0.000136283422283991,4343.40467400762,424.415486336321,TRUE,FALSE,0.289848630851723,1.4257384030559,0.179435093092493,0.792826605815478
"MED12","MED12_6",0.654866319352677,0.231504658197033,2.82873927657784,12,0.0152112799615398,0.233729299373675,0.000197696990343892,7225.9582316188,1027.30552850816,TRUE,FALSE,0.231504658197033,2.82873927657784,0.0152112799615398,0.233729299373675
"LCP2","LCP2_6",0.224167113018268,0.205861731885661,1.08892075746635,12,0.297574422925879,0.938234651107479,0.000203526555562904,6929.54533656602,1219.47761166141,TRUE,FALSE,0.205861731885661,1.08892075746635,0.297574422925879,0.938234651107479
"STT3B","STT3B_6",0.387948650642248,0.0868477588291444,4.46699668330485,12,0.000769682596635557,0.0361253726523354,6.07364005437177e-05,2060.33122059792,2106.66837462139,TRUE,FALSE,0.0868477588291444,4.46699668330485,0.000769682596635557,0.0361253726523354
"MED12","MED12_5",0.376083220687266,0.145298569131579,2.58834772382853,12,0.0237300368575314,0.289074994446291,8.54358831158359e-05,3008.51032639841,1053.44878310927,TRUE,FALSE,0.145298569131579,2.58834772382853,0.0237300368575314,0.289074994446291
"STT3B","STT3B_3",0.291700293220914,0.080171136069946,3.63847024652884,12,0.00339756746008371,0.113818509912804,6.04774085065289e-05,2001.95705793523,2423.05375091061,TRUE,FALSE,0.080171136069946,3.63847024652884,0.00339756746008371,0.113818509912804
"MED12","MED12_4",0.376753356284374,0.170375869950618,2.21130701427129,12,0.0471695631435713,0.392834664366624,0.000179060903107695,6406.29326764488,1603.19199419322,TRUE,FALSE,0.170375869950618,2.21130701427129,0.0471695631435713,0.392834664366624
"GNAS","GNAS_2",0.380974586788762,0.139623797736413,2.72857917464744,12,0.0183146092792805,0.233729299373675,0.000547847976611029,18702.4985594036,7337.96801694455,TRUE,FALSE,0.139623797736413,2.72857917464744,0.0183146092792805,0.233729299373675
"VAV1","VAV1_3",0.165140346263166,0.231216485796274,0.714223926094407,12,0.488749397536985,0.969114331407468,0.000442544961428619,15151.9871951304,2089.79267099121,TRUE,FALSE,0.231216485796274,0.714223926094407,0.488749397536985,0.969114331407468
"STT3B","STT3B_1",0.424123493193462,0.23551741606582,1.80081583892264,12,0.0968979334991796,0.541013462037086,0.000400829529279257,14402.7506219119,1893.93341581218,TRUE,FALSE,0.23551741606582,1.80081583892264,0.0968979334991796,0.541013462037086
"VAV1","VAV1_5",0.166388672131794,0.120658088970767,1.3790096756141,12,0.193052843667767,0.821240668300976,0.000121355624643987,4238.2220430447,2109.29067512828,TRUE,FALSE,0.120658088970767,1.3790096756141,0.193052843667767,0.821240668300976
"PPP6C","PPP6C_1",0.21793876732266,0.117645411630195,1.85250545943709,12,0.0886977921345926,0.505766133873847,7.28187142584867e-05,2577.73411790614,1339.5887247245,TRUE,FALSE,0.117645411630195,1.85250545943709,0.0886977921345926,0.505766133873847
"RASA2","RASA2_5",0.256078883420964,0.192623022265126,1.32943030593974,12,0.208426619501014,0.83966607526794,0.000549186593238457,19140.4916531187,3777.59795640745,TRUE,FALSE,0.192623022265126,1.32943030593974,0.208426619501014,0.83966607526794
"NFKBIA","NFKBIA_4",0.22761730299436,0.106820414213055,2.13084085725762,12,0.0544732085006874,0.405522774394006,0.000215959390189958,7502.70213025508,4823.93373508001,TRUE,FALSE,0.106820414213055,2.13084085725762,0.0544732085006874,0.405522774394006
"VAV1","VAV1_1",0.172499740924132,0.154572384971775,1.11598032828199,12,0.286279450862565,0.938234651107479,0.00022103361234674,7480.28126245078,2339.40222879048,TRUE,FALSE,0.154572384971775,1.11598032828199,0.286279450862565,0.938234651107479
"RASA2","RASA2_6",0.345608837494431,0.155094017973852,2.22838277071846,12,0.0457436740484471,0.392834664366624,0.000388330830400131,13471.0779208017,4177.8869938669,TRUE,FALSE,0.155094017973852,2.22838277071846,0.0457436740484471,0.392834664366624
"GNAS","GNAS_1",0.355920300609561,0.138857456558219,2.56320625072327,12,0.0248544386017755,0.289608241098949,0.000414289965331578,14588.7078686233,5579.11311940143,TRUE,FALSE,0.138857456558219,2.56320625072327,0.0248544386017755,0.289608241098949
"STT3B","STT3B_4",0.241251390373963,0.118522813511376,2.03548484234056,12,0.0645021625423145,0.438833063918232,9.65327081850741e-05,3502.41396679473,1752.83476303164,TRUE,FALSE,0.118522813511376,2.03548484234056,0.0645021625423145,0.438833063918232
"RASA2","RASA2_3",0.33395106850782,0.11528844095926,2.89665699118812,12,0.0134093150041375,0.233729299373675,0.000244590795220051,8386.97446542477,4758.39865358082,TRUE,FALSE,0.11528844095926,2.89665699118812,0.0134093150041375,0.233729299373675
"MED12","MED12_3",0.349127216354424,0.0732943011583969,4.76336100947224,12,0.000461469439290713,0.0361253726523354,4.09504331292041e-05,1314.54598372491,1985.96747502771,TRUE,FALSE,0.0732943011583969,4.76336100947224,0.000461469439290713,0.0361253726523354
"PPP6C","PPP6C_4",0.0128509045992798,0.134512315400289,0.0955370113215093,12,0.925465177811875,0.991470511544439,6.40731116283823e-05,2425.68690790163,891.327806561872,TRUE,FALSE,0.134512315400289,0.0955370113215093,0.925465177811875,0.991470511544439
"NFKBIA","NFKBIA_5",0.299523549900822,0.159317286530363,1.88004425899972,12,0.084591042969435,0.496282367351872,0.000866417090641039,32333.4965880429,8804.98033275504,TRUE,FALSE,0.159317286530363,1.88004425899972,0.084591042969435,0.496282367351872
"TNFAIP3","TNFAIP3_6",0.355960032061911,0.12931662012778,2.75262399922129,12,0.0175169202945623,0.233729299373675,0.000427699918945299,15047.3838819216,6644.97531115913,TRUE,FALSE,0.12931662012778,2.75262399922129,0.0175169202945623,0.233729299373675
"MED12","MED12_1",0.14080972713449,0.0645728470946633,2.18063371014235,12,0.0498372335390493,0.392834664366624,3.90696924070379e-05,1447.58947199822,2382.17574732629,TRUE,FALSE,0.0645728470946633,2.18063371014235,0.0498372335390493,0.392834664366624
"ALDH3B1","ALDH3B1_5",0.109755358584088,0.109050805960868,1.00646077410443,12,0.334057972795534,0.946408090227719,0.000167908829123765,6092.33589386277,3561.08831276317,TRUE,FALSE,0.109050805960868,1.00646077410443,0.334057972795534,0.946408090227719
"LCP2","LCP2_5",0.108056505537036,0.150508202505115,0.71794429631411,12,0.486534427544216,0.969114331407468,0.000131966146776177,4101.3954944538,1467.08922362805,TRUE,FALSE,0.150508202505115,0.71794429631411,0.486534427544216,0.969114331407468
"GNAS","GNAS_6",0.335471939621987,0.117420065072321,2.85702396277301,12,0.0144333554775945,0.233729299373675,0.000286387041959515,9352.28537737673,5375.49370738,TRUE,FALSE,0.117420065072321,2.85702396277301,0.0144333554775945,0.233729299373675
"ZC3H12A","ZC3H12A_3",0.251761961402959,0.157940474358753,1.59403067785587,12,0.13691344105527,0.68763308034448,0.000407672845769009,14736.5964916441,4171.44266393405,TRUE,FALSE,0.157940474358753,1.59403067785587,0.13691344105527,0.68763308034448
"VAV1","VAV1_2",0.134018517839799,0.19192793643296,0.698275198132045,12,0.498313922664608,0.969114331407468,0.000262874407386947,8721.3684542769,1797.86947048419,TRUE,FALSE,0.19192793643296,0.698275198132045,0.498313922664608,0.969114331407468
"PTGER4","PTGER4_6",0.183617884347273,0.0966892598353417,1.89905150437564,12,0.0818585041782738,0.496282367351872,0.000170878427618856,5728.57243689287,4639.26117427834,TRUE,FALSE,0.0966892598353417,1.89905150437564,0.0818585041782738,0.496282367351872
"TNFAIP3","TNFAIP3_2",0.376822227438424,0.107209222755362,3.51483032666216,12,0.00426381646449307,0.126966979164905,0.000338684953332189,12098.4600811092,7695.5731797523,TRUE,FALSE,0.107209222755362,3.51483032666216,0.00426381646449307,0.126966979164905
"GNA13","GNA13_5",0.163767317768025,0.109861931359498,1.49066483486563,12,0.161860090177585,0.761026388905135,0.000205045503682209,7220.73548319347,4303.62552413782,TRUE,FALSE,0.109861931359498,1.49066483486563,0.161860090177585,0.761026388905135
"RASA2","RASA2_4",0.296169575048126,0.133481164725672,2.21881173764709,12,0.0465377757559243,0.392834664366624,0.000366369101194129,12891.3433654089,5285.98128110759,TRUE,FALSE,0.133481164725672,2.21881173764709,0.0465377757559243,0.392834664366624
"PTGER4","PTGER4_5",0.119367688156374,0.148715853594436,0.80265610741073,12,0.437782138697351,0.960298455240703,0.00042921514156619,14406.6482938018,4898.06499285328,TRUE,FALSE,0.148715853594436,0.80265610741073,0.437782138697351,0.960298455240703
"NFKBIA","NFKBIA_2",0.217441594859774,0.099306368508186,2.18960372961226,12,0.0490426958668957,0.392834664366624,0.000246299373351105,8749.55528733785,6367.78812583855,TRUE,FALSE,0.099306368508186,2.18960372961226,0.0490426958668957,0.392834664366624
"PTGER4","PTGER4_1",0.146578689945877,0.0617328404706395,2.37440378295229,12,0.0351188187073546,0.376473736542841,7.1223602343247e-05,2422.68152079353,4744.2397300956,TRUE,FALSE,0.0617328404706395,2.37440378295229,0.0351188187073546,0.376473736542841
"NFKBIA","NFKBIA_6",0.343603563336847,0.167932198322862,2.04608506747613,12,0.0633076443370977,0.438833063918232,0.00112418141339672,40455.0789591609,10364.8793836086,TRUE,FALSE,0.167932198322862,2.04608506747613,0.0633076443370977,0.438833063918232
"ZC3H12A","ZC3H12A_1",0.338167231204373,0.122504432839354,2.76044893532815,12,0.0172647942941979,0.233729299373675,0.000309039222492019,10216.4001362534,5330.9312139292,TRUE,FALSE,0.122504432839354,2.76044893532815,0.0172647942941979,0.233729299373675
"ZC3H12A","ZC3H12A_2",0.152365729698364,0.115011508933238,1.32478680709084,12,0.209916518816985,0.83966607526794,0.000189271676563401,6689.42898609546,3618.06750311418,TRUE,FALSE,0.115011508933238,1.32478680709084,0.209916518816985,0.83966607526794
"ALDH3B1","ALDH3B1_2",0.139098453443906,0.0996921428222893,1.39528000408078,12,0.188216901032225,0.813582733494132,0.00010217779184232,3594.86638546013,2598.85025500376,TRUE,FALSE,0.0996921428222893,1.39528000408078,0.188216901032225,0.813582733494132
"GNA13","GNA13_6",0.206992580340215,0.0905978040193863,2.28474169523935,12,0.0413225852224551,0.392834664366624,0.000144752971099342,4921.96390555747,4487.57206490835,TRUE,FALSE,0.0905978040193863,2.28474169523935,0.0413225852224551,0.392834664366624
"NFKBIA","NFKBIA_3",0.220117989767641,0.161064025687793,1.36664900077885,12,0.19679521095523,0.824079945875027,0.00114037374783818,41205.6492333717,11257.8771173009,TRUE,FALSE,0.161064025687793,1.36664900077885,0.19679521095523,0.824079945875027
"STT3B","STT3B_2",0.226279372893914,0.119570602478992,1.89243315833982,12,0.0828006910373859,0.496282367351872,0.000139553563482137,5022.48578983467,2484.29746048812,TRUE,FALSE,0.119570602478992,1.89243315833982,0.0828006910373859,0.496282367351872
"NFKBIA","NFKBIA_1",0.276758891760085,0.139170027488106,1.98863862252048,12,0.070036171568968,0.457797414158132,0.00100741118519491,35620.7344381795,13431.1516344096,TRUE,FALSE,0.139170027488106,1.98863862252048,0.070036171568968,0.457797414158132
"PTGER4","PTGER4_2",0.170840097941764,0.0795669835103786,2.14712296991226,12,0.0529143243790425,0.405172540959526,0.000108370470332305,3846.1632873278,4344.55913459442,TRUE,FALSE,0.0795669835103786,2.14712296991226,0.0529143243790425,0.405172540959526
"MED12","MED12_2",0.145488759500648,0.0916893512528596,1.58675743161735,12,0.138552934099261,0.68763308034448,5.35756419271086e-05,1819.03615649268,1615.26292873564,TRUE,FALSE,0.0916893512528596,1.58675743161735,0.138552934099261,0.68763308034448
"H2AFB3","H2AFB3_2",0.0782706404491211,0.158547441320858,0.493673311893581,12,0.630448582222369,0.991470511544439,0.000211511476145807,6895.51504543711,2115.08827106368,TRUE,FALSE,0.158547441320858,0.493673311893581,0.630448582222369,0.991470511544439
"TNFAIP3","TNFAIP3_1",-0.146969870118844,0.30471930663896,-0.482312301573258,12,0.638262096838353,0.991470511544439,0.00552076794709138,216895.059708314,15200.6251177617,TRUE,FALSE,0.30471930663896,-0.482312301573258,0.638262096838353,0.991470511544439
"RASA2","RASA2_1",0.142545389946815,0.16704063657622,0.853357559385093,12,0.410171810377668,0.959432795319881,0.000597274594119067,20150.4242213041,5412.27436430018,TRUE,FALSE,0.16704063657622,0.853357559385093,0.410171810377668,0.959432795319881
"GNAS","GNAS_3",0.279500695390928,0.0966417142316574,2.89213304640835,12,0.0135224547709637,0.233729299373675,0.000202390305020841,7618.03581972125,5564.50608348225,TRUE,FALSE,0.0966417142316574,2.89213304640835,0.0135224547709637,0.233729299373675
"RHOG","RHOG_1",0.197966297679899,0.0901414417387057,2.19617407777598,12,0.0484683295952643,0.392834664366624,0.000102676656677131,3639.24483464605,3212.46950352337,TRUE,FALSE,0.0901414417387057,2.19617407777598,0.0484683295952643,0.392834664366624
"STUB1","STUB1_2",0.148055254711083,0.126912820844349,1.16659021307756,12,0.26603694496555,0.929448909667093,0.000214205621865178,6837.77252277753,3360.63098168802,TRUE,FALSE,0.126912820844349,1.16659021307756,0.26603694496555,0.929448909667093
"TNFAIP3","TNFAIP3_3",0.2277519160345,0.0783150891208464,2.90814859040843,12,0.0131261354351631,0.233729299373675,0.000198907664663553,6833.58637995665,8295.70107627731,TRUE,FALSE,0.0783150891208464,2.90814859040843,0.0131261354351631,0.233729299373675
"GOLGA1","GOLGA1_5",0.0680113397664203,0.0567033674081644,1.19942329486111,12,0.253510546764096,0.929448909667093,3.60408948356516e-05,1244.68039690088,2842.76969293078,TRUE,FALSE,0.0567033674081644,1.19942329486111,0.253510546764096,0.929448909667093
"VAV1","VAV1_6",0.172221993593977,0.126982612787819,1.35626437205029,12,0.199985453120764,0.824555406713305,0.000188171178361666,6362.01306258363,2953.76837073487,TRUE,FALSE,0.126982612787819,1.35626437205029,0.199985453120764,0.824555406713305
"ADORA2A","ADORA2A_5",0.189305853214371,0.125697642588744,1.50604139676461,12,0.157918902957945,0.761026388905135,0.000166108998323693,5713.82557430261,2664.87228304615,TRUE,FALSE,0.125697642588744,1.50604139676461,0.157918902957945,0.761026388905135
"PPP6C","PPP6C_6",0.170893752121188,0.146815243458554,1.16400550852495,12,0.267043156881963,0.929448909667093,0.00024801657265498,8417.8565120298,2910.45906255241,TRUE,FALSE,0.146815243458554,1.16400550852495,0.267043156881963,0.929448909667093
"FDXR","FDXR_1",0.0282171291198271,0.136255819199183,0.207089350646951,12,0.839412585475303,0.991470511544439,7.32965001081642e-05,2441.73696609683,993.251046804302,TRUE,FALSE,0.136255819199183,0.207089350646951,0.839412585475303,0.991470511544439
"FDXR","FDXR_6",-0.0142249187988065,0.104784194171932,-0.135754432347554,12,0.894266129145207,0.991470511544439,6.00926064217021e-05,2183.69397864412,1378.7839890674,TRUE,FALSE,0.104784194171932,-0.135754432347554,0.894266129145207,0.991470511544439
"PPIAL4D","PPIAL4D_5",0.0668903677775156,0.0666648456368438,1.00338292451617,12,0.3354804797449,0.946408090227719,6.14564364785023e-05,2209.51597983865,3494.93458385003,TRUE,FALSE,0.0666648456368438,1.00338292451617,0.3354804797449,0.946408090227719
"GNAS","GNAS_5",0.45833587725436,0.20090114616614,2.28140001190102,12,0.0415729511527714,0.392834664366624,0.00113828326154209,41509.0066697781,7478.89795373308,TRUE,FALSE,0.20090114616614,2.28140001190102,0.0415729511527714,0.392834664366624
"STUB1","STUB1_4",0.132935980236063,0.140806389977168,0.944104740258014,12,0.363737464853994,0.946458807590111,0.000326381533577132,11096.2217793632,4155.56306030065,TRUE,FALSE,0.140806389977168,0.944104740258014,0.363737464853994,0.946458807590111
"PTGER4","PTGER4_4",0.165523645698441,0.0986774586114001,1.6774210445598,12,0.119292992802903,0.627637850071158,0.000176855113300818,6038.96718745838,4602.34625271965,TRUE,FALSE,0.0986774586114001,1.6774210445598,0.119292992802903,0.627637850071158
"PPIAL4D","PPIAL4D_1",0.0866594668858826,0.118739880996077,0.729826122099158,12,0.479501585761867,0.969114331407468,0.000126419140211402,4248.13312757508,2257.74260731651,TRUE,FALSE,0.118739880996077,0.729826122099158,0.479501585761867,0.969114331407468
"ZC3H12A","ZC3H12A_5",0.124841308964214,0.112359372004764,1.1110894154777,12,0.28829645821889,0.938234651107479,0.000145852701139167,5121.84014897418,2915.58596224773,TRUE,FALSE,0.112359372004764,1.1110894154777,0.28829645821889,0.938234651107479
"TNFAIP3","TNFAIP3_5",0.266215269400061,0.110803934989442,2.40257956024239,12,0.0333613375494373,0.372534935968716,0.000268272599158541,9931.6810421277,5597.56328632465,TRUE,FALSE,0.110803934989442,2.40257956024239,0.0333613375494373,0.372534935968716
"GNA13","GNA13_3",0.141722038017608,0.159156091933346,0.890459399298149,12,0.390722936202557,0.946458807590111,0.000684222417423653,24184.3803193049,6839.59552700604,TRUE,FALSE,0.159156091933346,0.890459399298149,0.390722936202557,0.946458807590111
"ZC3H12A","ZC3H12A_6",0.215474128706479,0.1060646936706,2.03153491750673,12,0.0649526093383324,0.438833063918232,0.000172308534635775,5753.1708556188,3897.49426110683,TRUE,FALSE,0.1060646936706,2.03153491750673,0.0649526093383324,0.438833063918232
"PPP6C","PPP6C_5",0.0340854871678041,0.0907484014265028,0.375604271061568,12,0.713766510034739,0.991470511544439,7.87457418514107e-05,2618.59977932046,2408.61793755497,TRUE,FALSE,0.0907484014265028,0.375604271061568,0.713766510034739,0.991470511544439
"ADRB1","ADRB1_1",-0.0138718814717253,0.0891777591442643,-0.155553151422929,12,0.878971251922556,0.991470511544439,9.64090624402305e-05,3478.89368908907,3052.23783132308,TRUE,FALSE,0.0891777591442643,-0.155553151422929,0.878971251922556,0.991470511544439
"FDXR","FDXR_4",-0.0296895749588866,0.183041603019061,-0.162201239877662,12,0.873846570843397,0.991470511544439,7.25963897126692e-05,2388.83724079616,544.933469606085,TRUE,FALSE,0.183041603019061,-0.162201239877662,0.873846570843397,0.991470511544439
"NTCTRL","NTCTRL_24",0.0882130527096418,0.112812602950097,0.781943243953541,12,0.449402042288154,0.967399385912699,0.000193795777950826,6670.15464885976,3836.63505271598,TRUE,TRUE,0.112812602950097,0.781943243953541,0.449402042288154,0.967399385912699
"NTCTRL","NTCTRL_34",0.0499197123002751,0.100380631874365,0.497304224611319,12,0.627961175073214,0.991470511544439,0.000136539581211612,4668.31992569193,3410.72311240785,TRUE,TRUE,0.100380631874365,0.497304224611319,0.627961175073214,0.991470511544439
"SPTLC2","SPTLC2_1",-0.0153460961154451,0.0854647424723646,-0.179560549432502,12,0.86049388588293,0.991470511544439,6.2661699405828e-05,2160.77705160164,2162.34151076146,TRUE,FALSE,0.0854647424723646,-0.179560549432502,0.86049388588293,0.991470511544439
"LRIG3","LRIG3_4",0.0816661081277147,0.0716427487280932,1.13990752138312,12,0.276566845343896,0.93822676648309,6.99460890815165e-05,2196.54723475252,3442.6871258016,TRUE,FALSE,0.0716427487280932,1.13990752138312,0.276566845343896,0.93822676648309
"TNFAIP3","TNFAIP3_4",0.162242989107955,0.0579122200596084,2.80153288789412,12,0.0159987012427705,0.233729299373675,7.61834251213223e-05,2549.48912555578,5777.10342886487,TRUE,FALSE,0.0579122200596084,2.80153288789412,0.0159987012427705,0.233729299373675
"H2AFB3","H2AFB3_6",-0.0461916365776062,0.0918596724242449,-0.502850003255778,12,0.624171163651927,0.991470511544439,5.9399529842031e-05,2006.1883711967,1775.1555334192,TRUE,FALSE,0.0918596724242449,-0.502850003255778,0.624171163651927,0.991470511544439
"FAM76A","FAM76A_1",0.00742317241456146,0.0905160561614572,0.0820094547791658,12,0.935991221972919,0.991470511544439,9.02587287579821e-05,3307.06599703378,2773.27895124965,TRUE,FALSE,0.0905160561614572,0.0820094547791658,0.935991221972919,0.991470511544439
"RHOG","RHOG_3",0.0947576485354203,0.0884565236208322,1.0712341459585,12,0.30513675177365,0.939961488222278,0.000113805594754194,4393.18651464223,3669.98841353589,TRUE,FALSE,0.0884565236208322,1.0712341459585,0.30513675177365,0.939961488222278
"CBLB","CBLB_3",-1.10896066520716,0.760095351423203,-1.45897572341516,12,0.170246839631796,0.773324627480023,0.0564002950625112,2191894.73202928,33132.3196177881,TRUE,FALSE,0.760095351423203,-1.45897572341516,0.170246839631796,0.773324627480023
"STAT1","STAT1_2",0.0879924022167658,0.0672636941753909,1.3081708237333,12,0.215319231166539,0.848611087538713,5.41097878755977e-05,1878.72164803363,3025.75394110961,TRUE,FALSE,0.0672636941753909,1.3081708237333,0.215319231166539,0.848611087538713
"GOLGA1","GOLGA1_1",-0.0439141628559593,0.0971668942562777,-0.45194572896542,12,0.659368504984134,0.991470511544439,0.000121155088685444,4381.35567377048,3230.71972597013,TRUE,FALSE,0.0971668942562777,-0.45194572896542,0.659368504984134,0.991470511544439
"LRIG3","LRIG3_5",0.0622348126400581,0.0995982790947723,0.624858312871439,12,0.543762965174507,0.991470511544439,0.000123357150762153,4150.83574131433,3131.17010684474,TRUE,FALSE,0.0995982790947723,0.624858312871439,0.543762965174507,0.991470511544439
"GNA13","GNA13_2",0.146065235459159,0.163483041014568,0.893458028139713,12,0.38917906410331,0.946458807590111,0.000727620915792436,25269.2217581656,6900.46740481453,TRUE,FALSE,0.163483041014568,0.893458028139713,0.38917906410331,0.946458807590111
"ALDH3B1","ALDH3B1_6",0.0477173787071654,0.0973754405066832,0.490035048456498,12,0.632945778013295,0.991470511544439,0.000124037995344786,4339.90219585677,3293.27743237107,TRUE,FALSE,0.0973754405066832,0.490035048456498,0.632945778013295,0.991470511544439
"RASA2","RASA2_2",0.107457089832804,0.154148173028711,0.697102584620252,12,0.499021558709816,0.969114331407468,0.000583544296335526,19857.1558100032,6202.66014547491,TRUE,FALSE,0.154148173028711,0.697102584620252,0.499021558709816,0.969114331407468
"FBXO45","FBXO45_2",0.00350029272668288,0.0774320397309463,0.0452047077520542,12,0.964687691733944,0.991470511544439,7.7455324614279e-05,2716.60994007835,3256.2489419772,TRUE,FALSE,0.0774320397309463,0.0452047077520542,0.964687691733944,0.991470511544439
"CDKN1B","CDKN1B_2",0.0359043510999847,0.0842990837110106,0.425916267643787,12,0.677708357663934,0.991470511544439,0.00012468739475448,4487.93790904424,4420.60610421457,TRUE,FALSE,0.0842990837110106,0.425916267643787,0.677708357663934,0.991470511544439
"GPR65","GPR65_5",0.0517319727154101,0.0860958446795072,0.600864918719167,12,0.559108636921115,0.991470511544439,9.19446548787064e-05,3310.60172033122,3125.73682357348,TRUE,FALSE,0.0860958446795072,0.600864918719167,0.559108636921115,0.991470511544439
"STAT1","STAT1_3",0.0271274590617382,0.0684210398659295,0.396478321798299,12,0.698712206835081,0.991470511544439,5.75047712417822e-05,1911.70497784169,3101.14126136276,TRUE,FALSE,0.0684210398659295,0.396478321798299,0.698712206835081,0.991470511544439
"LCP2","LCP2_1",0.162581614772214,0.0928048319951884,1.75186583798399,12,0.105287253128985,0.575856813031998,4.21936705196471e-05,1500.35867463557,1245.53650025605,TRUE,FALSE,0.0928048319951884,1.75186583798399,0.105287253128985,0.575856813031998
"STAT1","STAT1_5",-0.0472755062570253,0.0826273585299427,-0.572153183862141,12,0.577779708053247,0.991470511544439,6.56602112856351e-05,2075.87937531276,2425.36660478829,TRUE,FALSE,0.0826273585299427,-0.572153183862141,0.577779708053247,0.991470511544439
"STAT1","STAT1_4",0.0936419404617085,0.10646858432132,0.8795264918626,12,0.396387365767464,0.948498339515002,0.000121685727753505,3914.6355467825,2705.16506372098,TRUE,FALSE,0.10646858432132,0.8795264918626,0.396387365767464,0.948498339515002
"GPR65","GPR65_2",0.104190874173453,0.0881145825239225,1.1824475721163,12,0.259928144926852,0.929448909667093,0.000150152032093617,5266.46689121233,4883.71698058533,TRUE,FALSE,0.0881145825239225,1.1824475721163,0.259928144926852,0.929448909667093
"LCP2","LCP2_2",0.00247445153368148,0.154841611122369,0.0159805333704901,12,0.987512546274491,0.999852402489395,0.000181032165653301,5816.0939020199,1895.26765558651,TRUE,FALSE,0.154841611122369,0.0159805333704901,0.987512546274491,0.999852402489395
"NTCTRL","NTCTRL_25",0.0623669310281468,0.0808529634483122,0.771362339341053,12,0.455413501588762,0.967399385912699,9.23115024947329e-05,3426.02083903808,3561.42864193783,TRUE,TRUE,0.0808529634483122,0.771362339341053,0.455413501588762,0.967399385912699
"NTCTRL","NTCTRL_4",0.0300381545722843,0.0756819980472654,0.396899597623265,12,0.698409730442578,0.991470511544439,8.28729500198344e-05,2799.54739869883,3648.32019876016,TRUE,TRUE,0.0756819980472654,0.396899597623265,0.698409730442578,0.991470511544439
"ADRB2","ADRB2_3",0.0794533394933632,0.0762508946818951,1.04199878342186,12,0.31795090684689,0.944841380729666,5.87039638552299e-05,2033.85863511699,2550.82016111563,TRUE,FALSE,0.0762508946818951,1.04199878342186,0.31795090684689,0.944841380729666
"STT3B","STT3B_5",0.0754004158555025,0.0801512591765945,0.940726529191206,12,0.365397163947598,0.946458807590111,9.20704680585096e-05,3184.00081836541,3615.74959604019,TRUE,FALSE,0.0801512591765945,0.940726529191206,0.365397163947598,0.946458807590111
"CBLB","CBLB_2",-0.102526909806097,0.0938550682642272,-1.09239609221162,12,0.29610520694896,0.938234651107479,0.000157615467436405,5618.18751358151,4515.72528503667,TRUE,FALSE,0.0938550682642272,-1.09239609221162,0.29610520694896,0.938234651107479
"FDXR","FDXR_3",0.0540523045613203,0.127392378523035,0.424297789145578,12,0.678856020530399,0.991470511544439,7.88864747674049e-05,2729.91824140465,1223.48928862476,TRUE,FALSE,0.127392378523035,0.424297789145578,0.678856020530399,0.991470511544439
"STUB1","STUB1_1",0.0414379607675379,0.112986486767318,0.366751475801476,12,0.720189782291671,0.991470511544439,0.000161600879020911,5093.96238316879,3183.89266354381,TRUE,FALSE,0.112986486767318,0.366751475801476,0.720189782291671,0.991470511544439
"GOLGA1","GOLGA1_4",0.00998079504593078,0.0608005152612289,0.164156422080444,12,0.87234054349071,0.991470511544439,4.89209581009893e-05,1647.55131038859,3345.08295293761,TRUE,FALSE,0.0608005152612289,0.164156422080444,0.87234054349071,0.991470511544439
"GNA13","GNA13_1",0.0990774251006638,0.154301796465076,0.642101565700748,12,0.532882164080169,0.991470511544439,0.000719048266700836,25535.5845728919,7636.80186346847,TRUE,FALSE,0.154301796465076,0.642101565700748,0.532882164080169,0.991470511544439
"ADORA2A","ADORA2A_6",0.0653294865524915,0.0800644920358462,0.815960794745846,12,0.430422014640971,0.960298455240703,8.96101288256368e-05,2986.20332610812,3525.57164789273,TRUE,FALSE,0.0800644920358462,0.815960794745846,0.430422014640971,0.960298455240703
"PPIAL4D","PPIAL4D_3",-0.0695491587870401,0.124531158272026,-0.558488010166233,12,0.586781286480191,0.991470511544439,0.000100593206055574,3559.69901486888,1632.4290964737,TRUE,FALSE,0.124531158272026,-0.558488010166233,0.586781286480191,0.991470511544439
"ADORA2A","ADORA2A_4",0.0591702708547946,0.103376393095016,0.572377010681825,12,0.577632880285954,0.991470511544439,0.000146916536446739,4879.69856120783,3460.79168113121,TRUE,FALSE,0.103376393095016,0.572377010681825,0.577632880285954,0.991470511544439
"NTCTRL","NTCTRL_31",0.0180728039470212,0.0994708365633332,0.181689473733482,12,0.858859335528079,0.991470511544439,0.000136898935355311,4790.65510874086,3480.94530664562,TRUE,TRUE,0.0994708365633332,0.181689473733482,0.858859335528079,0.991470511544439
"NTCTRL","NTCTRL_48",0.0810136695648365,0.0830347596751508,0.975659710243984,12,0.348491908692939,0.946458807590111,0.000110383782064717,3893.40318825381,4039.30997121651,TRUE,TRUE,0.0830347596751508,0.975659710243984,0.348491908692939,0.946458807590111
"CBLB","CBLB_6",0.0296486208767496,0.0896477207767307,0.330723643834627,12,0.746556352741284,0.991470511544439,0.000104894935390704,3579.0070363442,3286.18646619473,TRUE,FALSE,0.0896477207767307,0.330723643834627,0.746556352741284,0.991470511544439
"DGKZ","DGKZ_2",-0.00514445882291165,0.0861834120551873,-0.0596919836455003,12,0.953383533212322,0.991470511544439,0.000104965279328781,3749.77922728389,3558.34858876306,TRUE,FALSE,0.0861834120551873,-0.0596919836455003,0.953383533212322,0.991470511544439
"RHOG","RHOG_4",0.0279622900748137,0.0931243005928917,0.300268457285446,12,0.769110641564038,0.991470511544439,9.5864103086314e-05,3394.28332727136,2782.78395464213,TRUE,FALSE,0.0931243005928917,0.300268457285446,0.769110641564038,0.991470511544439
"NTCTRL","NTCTRL_6",0.0703587391594467,0.0857021190525793,0.820968488728742,12,0.427672878818444,0.960298455240703,0.000119746175623762,4249.24055958969,4110.6313368937,TRUE,TRUE,0.0857021190525793,0.820968488728742,0.427672878818444,0.960298455240703
"FAM76A","FAM76A_2",0.0322379396212683,0.109071392231288,0.295567324866515,12,0.772612532268114,0.991470511544439,0.000160974184059902,5607.48636802306,3403.45400530282,TRUE,FALSE,0.109071392231288,0.295567324866515,0.772612532268114,0.991470511544439
"LCP2","LCP2_4",0.00466695807940762,0.105935069680064,0.0440548922420344,12,0.965585249193644,0.991470511544439,8.06898373707214e-05,2794.58914155936,1809.25957627231,TRUE,FALSE,0.105935069680064,0.0440548922420344,0.965585249193644,0.991470511544439
"CDKN1B","CDKN1B_3",0.0328262947909391,0.116239257800591,0.282402825104516,12,0.782446444776579,0.991470511544439,0.000236430937886883,8640.91132105458,4402.83675156298,TRUE,FALSE,0.116239257800591,0.282402825104516,0.782446444776579,0.991470511544439
"JMJD8","JMJD8_2",-0.0100968576514442,0.0767991409925886,-0.131470971171651,12,0.897581259517271,0.991470511544439,5.52757744358649e-05,2093.24915082805,2364.61844016632,TRUE,FALSE,0.0767991409925886,-0.131470971171651,0.897581259517271,0.991470511544439
"STUB1","STUB1_6",0.109866874120751,0.0974846154401621,1.12701756707641,12,0.281767273851996,0.938234651107479,0.000182913893921844,6448.23954219273,4860.08896450511,TRUE,FALSE,0.0974846154401621,1.12701756707641,0.281767273851996,0.938234651107479
"IL2","IL2_1",0.0281291445149577,0.0806617858094807,0.348729503477612,12,0.73333455552044,0.991470511544439,6.91729980387045e-05,2415.94324545354,2680.35228705403,TRUE,FALSE,0.0806617858094807,0.348729503477612,0.73333455552044,0.991470511544439
"NTCTRL","NTCTRL_12",0.0289311634074693,0.0827097713240589,0.349791360129825,12,0.732557561287722,0.991470511544439,0.000120194760886758,4187.03119410897,4427.07416867563,TRUE,TRUE,0.0827097713240589,0.349791360129825,0.732557561287722,0.991470511544439
"NTCTRL","NTCTRL_15",0.081921174859062,0.0887177750651532,0.923390772580806,12,0.373998004708814,0.946458807590111,9.47565424632304e-05,3319.78198497739,3036.0489603825,TRUE,TRUE,0.0887177750651532,0.923390772580806,0.373998004708814,0.946458807590111
"GOLGA1","GOLGA1_2",0.016726340074208,0.0959785230781113,0.174271696810706,12,0.864557479146869,0.991470511544439,0.000113594158389148,4182.93365624965,3102.89062357084,TRUE,FALSE,0.0959785230781113,0.174271696810706,0.864557479146869,0.991470511544439
"FAM76A","FAM76A_6",0.0331433873071566,0.0893819771165192,0.370806155517801,12,0.717245046380049,0.991470511544439,0.000123055394716855,4218.50444351725,3878.65320710108,TRUE,FALSE,0.0893819771165192,0.370806155517801,0.717245046380049,0.991470511544439
"GNA13","GNA13_4",0.0714117037609976,0.094445538350408,0.756115164445871,12,0.464165453503678,0.969114331407468,0.000144926441843814,4747.24907568554,4095.28139125506,TRUE,FALSE,0.094445538350408,0.756115164445871,0.464165453503678,0.969114331407468
"ADRB2","ADRB2_4",-0.00446488975370641,0.0830196419469291,-0.0537811251530165,12,0.957994535873554,0.991470511544439,0.000101659071929322,3316.26942614957,3715.21760707021,TRUE,FALSE,0.0830196419469291,-0.0537811251530165,0.957994535873554,0.991470511544439
"LRIG3","LRIG3_1",0.0458431131029687,0.0903901481296551,0.507169354753259,12,0.621227050586322,0.991470511544439,8.73353518308308e-05,3053.54075756741,2692.53340294144,TRUE,FALSE,0.0903901481296551,0.507169354753259,0.621227050586322,0.991470511544439
"LRIG3","LRIG3_6",-0.0147898607770982,0.0598366078575224,-0.247170775661524,12,0.808954209472825,0.991470511544439,5.58482635206942e-05,1879.22517571008,3941.83195048848,TRUE,FALSE,0.0598366078575224,-0.247170775661524,0.808954209472825,0.991470511544439
"LRIG3","LRIG3_3",0.0204080881711203,0.0905911487577546,0.225276844934294,12,0.825554709162651,0.991470511544439,9.87558748768221e-05,3317.04023520653,3029.31647161341,TRUE,FALSE,0.0905911487577546,0.225276844934294,0.825554709162651,0.991470511544439
"NTCTRL","NTCTRL_37",-0.00765017113022564,0.0835589800042427,-0.0915541469012332,12,0.928562882797965,0.991470511544439,8.65643588823512e-05,2939.53965411629,3122.97582658604,TRUE,TRUE,0.0835589800042427,-0.0915541469012332,0.928562882797965,0.991470511544439
"NTCTRL","NTCTRL_7",0.00769550552523374,0.0758288246741862,0.10148522752791,12,0.92084129594564,0.991470511544439,8.27262854780746e-05,3148.66964518569,3627.10503480236,TRUE,TRUE,0.0758288246741862,0.10148522752791,0.92084129594564,0.991470511544439
"FAM76A","FAM76A_4",0.0602393867263483,0.08528891430161,0.706297966384257,12,0.493488625758322,0.969114331407468,9.22798883920662e-05,3425.37307562543,3197.51631858341,TRUE,FALSE,0.08528891430161,0.706297966384257,0.493488625758322,0.969114331407468
"GNAS","GNAS_4",-0.0185007654484141,0.0737119066947863,-0.250987476487604,12,0.806069955245028,0.991470511544439,7.6321986385737e-05,2739.03509253195,3541.85440450948,TRUE,FALSE,0.0737119066947863,-0.250987476487604,0.806069955245028,0.991470511544439
"NTCTRL","NTCTRL_30",-0.0569544775186032,0.101841433023494,-0.559246623183948,12,0.586279650349294,0.991470511544439,0.000152548299596281,5298.45537614821,3702.78173139197,TRUE,TRUE,0.101841433023494,-0.559246623183948,0.586279650349294,0.991470511544439
"CDKN1B","CDKN1B_5",0.00949375825785057,0.0821211413189425,0.115606750044774,12,0.909876261627571,0.991470511544439,0.000105928505022824,3405.07057964462,3956.44398176204,TRUE,FALSE,0.0821211413189425,0.115606750044774,0.909876261627571,0.991470511544439
"STAT1","STAT1_1",0.0267740214330856,0.0798790687736499,0.335181942455464,12,0.743274547980246,0.991470511544439,7.90294417631892e-05,2877.02287138314,3121.95456212793,TRUE,FALSE,0.0798790687736499,0.335181942455464,0.743274547980246,0.991470511544439
"CDKN1B","CDKN1B_4",0.0133969903644281,0.0922948223598246,0.145154300337651,12,0.88699861663634,0.991470511544439,0.000150279787489742,5047.53435410916,4441.48858091998,TRUE,FALSE,0.0922948223598246,0.145154300337651,0.88699861663634,0.991470511544439
"FBXO45","FBXO45_1",0.0242254903166626,0.082670358148127,0.293037200507296,12,0.774499403668161,0.991470511544439,9.08132964250022e-05,3177.77999369144,3347.35855082019,TRUE,FALSE,0.082670358148127,0.293037200507296,0.774499403668161,0.991470511544439
"PTGER4","PTGER4_3",0.0553628124079748,0.116351739492392,0.475822816654964,12,0.642745755166264,0.991470511544439,0.000293179066201998,10361.5301007344,5455.33877347533,TRUE,FALSE,0.116351739492392,0.475822816654964,0.642745755166264,0.991470511544439
"ADRB1","ADRB1_4",-0.00290733163373719,0.0706063780092018,-0.0411766148570642,12,0.967832274362016,0.991470511544439,5.99705651929599e-05,2094.85938649146,3035.5339927573,TRUE,FALSE,0.0706063780092018,-0.0411766148570642,0.967832274362016,0.991470511544439
"CBLB","CBLB_1",-0.313949714602709,0.320854822027529,-0.97847902867351,12,0.347152371508089,0.946458807590111,0.00781394916667985,277021.938198025,19883.3198004535,TRUE,FALSE,0.320854822027529,-0.97847902867351,0.347152371508089,0.946458807590111
"H2AFB3","H2AFB3_1",-0.0362812212834625,0.0567388947894404,-0.639441804746165,12,0.534552380983526,0.991470511544439,2.53168079993974e-05,844.905741156833,1999.72900126719,TRUE,FALSE,0.0567388947894404,-0.639441804746165,0.534552380983526,0.991470511544439
"ADRB1","ADRB1_6",0.00682375790929326,0.0865464472166374,0.0788450378813642,12,0.938455415874225,0.991470511544439,9.72873785823995e-05,3551.52438942476,3270.40646702109,TRUE,FALSE,0.0865464472166374,0.0788450378813642,0.938455415874225,0.991470511544439
"IL2","IL2_2",-0.0338708119561564,0.102009254166198,-0.332036659154204,12,0.745589284288628,0.991470511544439,0.000145484673480845,5201.33145967862,3517.68965191484,TRUE,FALSE,0.102009254166198,-0.332036659154204,0.745589284288628,0.991470511544439
"GPR65","GPR65_4",0.00915998692451668,0.0800503420276305,0.114427829944249,12,0.910790957425378,0.991470511544439,0.000107597679796886,3703.19953673647,4230.58671636341,TRUE,FALSE,0.0800503420276305,0.114427829944249,0.910790957425378,0.991470511544439
"NTCTRL","NTCTRL_16",-0.118802118805772,0.153129796060924,-0.775826271971954,12,0.45287113936875,0.967399385912699,0.000491938232813946,17110.1331233208,5296.02441142331,TRUE,TRUE,0.153129796060924,-0.775826271971954,0.45287113936875,0.967399385912699
"RHOG","RHOG_6",-0.0588290845992248,0.120387166258205,-0.48866574758516,12,0.633886852615371,0.991470511544439,0.000132392520453589,4625.57839463029,2297.6342498526,TRUE,FALSE,0.120387166258205,-0.48866574758516,0.633886852615371,0.991470511544439
"GOLGA1","GOLGA1_6",0.0287360485581626,0.0897438644899722,0.320200703652265,12,0.75432291750966,0.991470511544439,0.000101673097510654,3328.65902938296,3178.47687868628,TRUE,FALSE,0.0897438644899722,0.320200703652265,0.75432291750966,0.991470511544439
"CDKN1B","CDKN1B_1",-0.0354844577198891,0.0748001584148069,-0.474390141303028,12,0.643737598752219,0.991470511544439,7.33562605852025e-05,2693.92150973068,3306.8068140959,TRUE,FALSE,0.0748001584148069,-0.474390141303028,0.643737598752219,0.991470511544439
"NTCTRL","NTCTRL_19",0.0102647166009654,0.0568446440572908,0.180574912046597,12,0.859714991552678,0.991470511544439,3.94582433596783e-05,1350.40338859922,3091.73111677715,TRUE,TRUE,0.0568446440572908,0.180574912046597,0.859714991552678,0.991470511544439
"NTCTRL","NTCTRL_35",-0.0711126200971302,0.0800837253281657,-0.887978422653618,12,0.39200346135262,0.946458807590111,7.48809316379663e-05,2539.23667715285,2946.13371031723,TRUE,TRUE,0.0800837253281657,-0.887978422653618,0.39200346135262,0.946458807590111
"NTCTRL","NTCTRL_27",-0.0186718084053655,0.130256879031375,-0.143346044709608,12,0.888395858820521,0.991470511544439,0.000246969935878405,8803.0538192131,3658.364520452,TRUE,TRUE,0.130256879031375,-0.143346044709608,0.888395858820521,0.991470511544439
"NTCTRL","NTCTRL_44",0.0343191558864714,0.0719727558387899,0.476835373142333,12,0.642045193941579,0.991470511544439,7.95533568364421e-05,2877.33531862627,3874.07423980754,TRUE,TRUE,0.0719727558387899,0.476835373142333,0.642045193941579,0.991470511544439
"H2AFB3","H2AFB3_3",-0.0576258237666884,0.109052448164307,-0.528423017884612,12,0.606840613456963,0.991470511544439,0.000108728867444518,3763.13952281666,2300.73472286403,TRUE,FALSE,0.109052448164307,-0.528423017884612,0.606840613456963,0.991470511544439
"PPP6C","PPP6C_3",-0.0596020017056495,0.179425016985984,-0.332183341581099,12,0.745481277100985,0.991470511544439,0.000119228426622817,4064.50850541135,930.502589990844,TRUE,FALSE,0.179425016985984,-0.332183341581099,0.745481277100985,0.991470511544439
"RHOG","RHOG_2",0.0291023985095606,0.0866316601966281,0.33593259604522,12,0.742722498928392,0.991470511544439,7.78733889497045e-05,2633.90847151663,2614.13921940692,TRUE,FALSE,0.0866316601966281,0.33593259604522,0.742722498928392,0.991470511544439
"NTCTRL","NTCTRL_14",-0.0737719489293451,0.0615307560585858,-1.19894429477031,12,0.253689909586596,0.929448909667093,6.53290332589626e-05,2214.74863164666,4363.914482168,TRUE,TRUE,0.0615307560585858,-1.19894429477031,0.253689909586596,0.929448909667093
"H2AFB3","H2AFB3_5",-0.0119315680184864,0.105377321159668,-0.113227095613939,12,0.911722715621462,0.991470511544439,0.000124281193803325,4630.9341221834,2814.53775929004,TRUE,FALSE,0.105377321159668,-0.113227095613939,0.911722715621462,0.991470511544439
"NTCTRL","NTCTRL_32",-0.000613884644623472,0.0981931466829932,-0.00625180743626984,12,0.995114543235732,0.999852402489395,0.000153298545229563,5356.14110926007,4000.74082612407,TRUE,TRUE,0.0981931466829932,-0.00625180743626984,0.995114543235732,0.999852402489395
"FAM76A","FAM76A_3",-0.0503355716819289,0.0845753986097439,-0.595156186188282,12,0.562794544363483,0.991470511544439,9.07077955979401e-05,2848.87819799029,3195.71780237538,TRUE,FALSE,0.0845753986097439,-0.595156186188282,0.562794544363483,0.991470511544439
"GPR65","GPR65_3",-0.047178571568621,0.0795287341540199,-0.593226738366692,12,0.564043302596724,0.991470511544439,8.40830922479926e-05,2811.77076524087,3352.81313961162,TRUE,FALSE,0.0795287341540199,-0.593226738366692,0.564043302596724,0.991470511544439
"RHOG","RHOG_5",-0.0231536381629025,0.0756606733170749,-0.306019456975639,12,0.764833931208516,0.991470511544439,6.12074393720831e-05,2136.27551846471,2697.18091992326,TRUE,FALSE,0.0756606733170749,-0.306019456975639,0.764833931208516,0.991470511544439
"NTCTRL","NTCTRL_47",-0.0444226816192786,0.113275932841324,-0.392163458777298,12,0.70181338452271,0.991470511544439,0.000162025975972311,5712.7357746557,3176.00581614841,TRUE,TRUE,0.113275932841324,-0.392163458777298,0.70181338452271,0.991470511544439
"NTCTRL","NTCTRL_33",-0.0352185566564221,0.112595835961929,-0.312787381127755,12,0.759811352091695,0.991470511544439,0.000187894392662961,6875.98355791635,3727.9328262305,TRUE,TRUE,0.112595835961929,-0.312787381127755,0.759811352091695,0.991470511544439
"ADORA2A","ADORA2A_3",0.0258856405925262,0.108097219858123,0.239466293642898,12,0.814785329314622,0.991470511544439,0.000173240990149183,5758.53803212289,3729.23056525012,TRUE,FALSE,0.108097219858123,0.239466293642898,0.814785329314622,0.991470511544439
"ADRB2","ADRB2_6",-0.0275075248974797,0.0791655687963924,-0.34746829102216,12,0.734257825647027,0.991470511544439,0.000123224179370503,4093.62250911923,4956.06326581436,TRUE,FALSE,0.0791655687963924,-0.34746829102216,0.734257825647027,0.991470511544439
"ADRB1","ADRB1_5",0.00341169551845097,0.0684279507444028,0.0498582155586478,12,0.961055646489781,0.991470511544439,6.38674080524019e-05,2218.23549459755,3442.09691266552,TRUE,FALSE,0.0684279507444028,0.0498582155586478,0.961055646489781,0.991470511544439
"STUB1","STUB1_3",0.0604965118531321,0.0963476448278339,0.627898190570563,12,0.541835715550125,0.991470511544439,0.000143500776447851,5044.32867401351,3893.50595074632,TRUE,FALSE,0.0963476448278339,0.627898190570563,0.541835715550125,0.991470511544439
"P2RY8","P2RY8_3",-0.0810486008103879,0.108572504460634,-0.74649287324651,12,0.469742757335328,0.969114331407468,0.00017308140387995,6315.43893265502,3698.3495934879,TRUE,FALSE,0.108572504460634,-0.74649287324651,0.469742757335328,0.969114331407468
"ALDH3B1","ALDH3B1_3",-0.063822703464431,0.0800058788517619,-0.797725171954979,12,0.440530576069804,0.960298455240703,8.57126624548849e-05,2885.03173538104,3377.20331361046,TRUE,FALSE,0.0800058788517619,-0.797725171954979,0.440530576069804,0.960298455240703
"FBXO45","FBXO45_3",-0.00436299673679954,0.0792770764139359,-0.0550347834980526,12,0.957016430768769,0.991470511544439,8.10583712689966e-05,2716.30739579826,3250.01566822564,TRUE,FALSE,0.0792770764139359,-0.0550347834980526,0.957016430768769,0.991470511544439
"PPIAL4D","PPIAL4D_6",0.0270573598063081,0.0535207939391385,0.505548550663814,12,0.622331008089266,0.991470511544439,3.06464874294516e-05,1077.59139917787,2715.85094230797,TRUE,FALSE,0.0535207939391385,0.505548550663814,0.622331008089266,0.991470511544439
"NTCTRL","NTCTRL_41",-0.0350674069881037,0.0809952977342527,-0.432956084724333,12,0.67272627597348,0.991470511544439,0.000113720456802782,3735.79277817583,4369.06640032317,TRUE,TRUE,0.0809952977342527,-0.432956084724333,0.67272627597348,0.991470511544439
"DGKZ","DGKZ_3",-0.0462735305482459,0.106038966302959,-0.436382323984941,12,0.670307362824843,0.991470511544439,0.000232184297760116,8071.83418372021,5200.44511121545,TRUE,FALSE,0.106038966302959,-0.436382323984941,0.670307362824843,0.991470511544439
"FAM76A","FAM76A_5",-0.0339205687420469,0.0644633249454692,-0.526199490496977,12,0.608337815584723,0.991470511544439,5.49309981796293e-05,1917.43215573866,3339.40320773549,TRUE,FALSE,0.0644633249454692,-0.526199490496977,0.608337815584723,0.991470511544439
"PPP6C","PPP6C_2",0.013684226601497,0.129525485572902,0.105648911802728,12,0.917606417386877,0.991470511544439,8.02592199980653e-05,2386.35079929499,1203.02904106937,TRUE,FALSE,0.129525485572902,0.105648911802728,0.917606417386877,0.991470511544439
"CDKN1B","CDKN1B_6",0.00475995704688598,0.127891318407702,0.0372187659502564,12,0.970922570739012,0.991470511544439,0.000196668403775154,6710.19402976464,3020.88316815008,TRUE,FALSE,0.127891318407702,0.0372187659502564,0.970922570739012,0.991470511544439
"ADRB2","ADRB2_1",-0.0646927641253307,0.100281240707658,-0.645113319986982,12,0.530994514150894,0.991470511544439,0.000130067014765486,4727.81870513462,3256.98535357343,TRUE,FALSE,0.100281240707658,-0.645113319986982,0.530994514150894,0.991470511544439
"NTCTRL","NTCTRL_11",0.0309603948478756,0.0812008339774997,0.381281734821277,12,0.709659131785599,0.991470511544439,9.51130583353067e-05,3349.00066402757,3634.96012001257,TRUE,TRUE,0.0812008339774997,0.381281734821277,0.709659131785599,0.991470511544439
"STUB1","STUB1_5",-0.00733410253027694,0.0977658196666547,-0.0750170412858351,12,0.941437239762402,0.991470511544439,0.000146386637820262,4919.55481869729,3853.87342624451,TRUE,FALSE,0.0977658196666547,-0.0750170412858351,0.941437239762402,0.991470511544439
"DGKZ","DGKZ_1",-0.0594465297610391,0.120472712508374,-0.49344393865878,12,0.630605876924322,0.991470511544439,0.000287959303786034,10062.7120843043,4996.04864951306,TRUE,FALSE,0.120472712508374,-0.49344393865878,0.630605876924322,0.991470511544439
"CBLB","CBLB_4",-0.0973982448982007,0.113946289309316,-0.854773292650235,12,0.409417926503266,0.959432795319881,0.000269721742164046,9313.55311825215,5242.1420905444,TRUE,FALSE,0.113946289309316,-0.854773292650235,0.409417926503266,0.959432795319881
"NTCTRL","NTCTRL_20",-0.038203800423474,0.090727224288568,-0.421084197417554,12,0.681137269689451,0.991470511544439,0.000127181701630938,4179.82749457901,3890.83190074331,TRUE,TRUE,0.090727224288568,-0.421084197417554,0.681137269689451,0.991470511544439
